Job Title,Company,Location,Country,Flag,Tier,Search Keyword,Posted Date,Crawl Date,Source,Easy Apply,Remote / Workplace,Match Score,Visa Sponsorship Mentioned,Required Skills,Resume File Path,Applied Status,Notes,Job URL,City,City Openings
Cloud & Infrastructure Engineer,Khan Cloud Solutions Ltd,Hybrid work in Birmingham B21 9LR,United Kingdom,🇬🇧,1,Cloud Engineer,2026-08-11,2026-08-11,Indeed,No,On-site / Hybrid,90%,Not Specified,"AWS, Kubernetes, CI/CD, Terraform, Linux",Country_Resumes/Hemachandiran_Giri_CV_UNITED_KINGDOM.docx,No,,https://www.indeed.com/viewjob?jk=2044b73ce5afe52f,Hybrid work in Birmingham B21 9LR,1
Platform Engineer,Experian Information Solutions,Hybrid work in Nottingham,United Kingdom,🇬🇧,1,Cloud Engineer,2026-08-11,2026-08-11,Indeed,No,On-site / Hybrid,90%,Not Specified,"AWS, Kubernetes, CI/CD, Terraform, Linux",Country_Resumes/Hemachandiran_Giri_CV_UNITED_KINGDOM.docx,No,,https://www.indeed.com/viewjob?jk=f3f234a2935198fb,Hybrid work in Nottingham,1
IT Cloud & Infrastructure Engineer,University of Exeter,Hybrid work in Exeter EX4 4QJ,United Kingdom,🇬🇧,1,Cloud Engineer,2026-08-11,2026-08-11,Indeed,No,On-site / Hybrid,90%,Not Specified,"AWS, Kubernetes, CI/CD, Terraform, Linux",Country_Resumes/Hemachandiran_Giri_CV_UNITED_KINGDOM.docx,No,,https://www.indeed.com/viewjob?jk=0136aef0a486f851,Hybrid work in Exeter EX4 4QJ,1
Cloud Infrastructure Engineer,Julian Hodge Bank,Cardiff,United Kingdom,🇬🇧,1,Cloud Engineer,2026-08-11,2026-08-11,Indeed,No,On-site / Hybrid,90%,Not Specified,"AWS, Kubernetes, CI/CD, Terraform, Linux",Country_Resumes/Hemachandiran_Giri_CV_UNITED_KINGDOM.docx,No,,https://www.indeed.com/viewjob?jk=58032127800551fd,Cardiff,2
AWS Cloud Engineer,Sopra Steria,Hemel Hempstead HP2 7AH,United Kingdom,🇬🇧,1,Cloud Engineer,2026-08-11,2026-08-11,Indeed,No,On-site / Hybrid,90%,Not Specified,AWS,Country_Resumes/Hemachandiran_Giri_CV_UNITED_KINGDOM.docx,No,,https://www.indeed.com/viewjob?jk=f3a363a49f209e1d,Hemel Hempstead HP2 7AH,1
"Senior Infrastructure Engineer, PostgreSQL",Laravel,Remote in London,United Kingdom,🇬🇧,1,Cloud Engineer,2026-08-11,2026-08-11,Indeed,No,Remote,90%,Not Specified,"AWS, Kubernetes, CI/CD, Terraform, Linux",Country_Resumes/Hemachandiran_Giri_CV_UNITED_KINGDOM.docx,No,,https://www.indeed.com/viewjob?jk=debc53f17345500a,Remote in London,1
Senior Solutions Architect - Microsoft Solutions,UBDS Group,Hybrid work in Manchester,United Kingdom,🇬🇧,1,Cloud Engineer,2026-08-11,2026-08-11,Indeed,No,On-site / Hybrid,80%,Not Specified,"AWS, Kubernetes, CI/CD, Terraform, Linux",Country_Resumes/Hemachandiran_Giri_CV_UNITED_KINGDOM.docx,No,,https://www.indeed.com/viewjob?jk=ec9b393b9d2fb061,Hybrid work in Manchester,1
Staff Solutions Architect,Transforming Learning Group,Remote,United Kingdom,🇬🇧,1,Cloud Engineer,2026-08-11,2026-08-11,Indeed,No,Remote,80%,Not Specified,"AWS, Kubernetes, CI/CD, Terraform, Linux",Country_Resumes/Hemachandiran_Giri_CV_UNITED_KINGDOM.docx,No,,https://www.indeed.com/viewjob?jk=66931242590441f4,Unknown,16
Staff Solutions Architect,Transforming Learning Group,Remote,United Kingdom,🇬🇧,1,Cloud Engineer,2026-08-11,2026-08-11,Indeed,No,Remote,80%,Not Specified,"AWS, Kubernetes, CI/CD, Terraform, Linux",Country_Resumes/Hemachandiran_Giri_CV_UNITED_KINGDOM.docx,No,,https://www.indeed.com/viewjob?jk=123456789abcdef0,Unknown,16
Senior Cloud Infrastructure Manager,Cloud-Ex Technology Solutions Ltd.,London,United Kingdom,🇬🇧,1,Cloud Engineer,2026-08-11,2026-08-11,Indeed,No,On-site / Hybrid,90%,Not Specified,"AWS, Kubernetes, CI/CD, Terraform, Linux",Country_Resumes/Hemachandiran_Giri_CV_UNITED_KINGDOM.docx,No,,https://www.indeed.com/viewjob?jk=966a4fc2db967c61,London,21
Principal Cloud Platform Engineer,Anna Cloud Technologies Ltd,Edinburgh,United Kingdom,🇬🇧,1,Cloud Engineer,2026-08-11,2026-08-11,Indeed,No,On-site / Hybrid,90%,Not Specified,"AWS, Kubernetes, CI/CD, Terraform, Linux",Country_Resumes/Hemachandiran_Giri_CV_UNITED_KINGDOM.docx,No,,https://www.indeed.com/viewjob?jk=eb32e6350e7692da,Edinburgh,2
Infrastructure Architect,Halma plc,Hybrid work in London EC2M 2PF,United Kingdom,🇬🇧,1,Cloud Engineer,2026-08-11,2026-08-11,Indeed,No,On-site / Hybrid,90%,Not Specified,"AWS, Kubernetes, CI/CD, Terraform, Linux",Country_Resumes/Hemachandiran_Giri_CV_UNITED_KINGDOM.docx,No,,https://www.indeed.com/viewjob?jk=f12b631036cafa02,Hybrid work in London EC2M 2PF,1
Azure Infrastructure Engineer,Audiebant Ltd,Preston PR4 2SH,United Kingdom,🇬🇧,1,Cloud Engineer,2026-08-11,2026-08-11,Indeed,No,On-site / Hybrid,90%,Not Specified,Azure,Country_Resumes/Hemachandiran_Giri_CV_UNITED_KINGDOM.docx,No,,https://www.indeed.com/viewjob?jk=f6c3c3e42cf51256,Preston PR4 2SH,1
ICT Cloud Engineer,Cheshire West and Chester Council,Ellesmere Port,United Kingdom,🇬🇧,1,Cloud Engineer,2026-08-11,2026-08-11,Indeed,No,On-site / Hybrid,90%,Not Specified,"AWS, Kubernetes, CI/CD, Terraform, Linux",Country_Resumes/Hemachandiran_Giri_CV_UNITED_KINGDOM.docx,No,,https://www.indeed.com/viewjob?jk=8a3718683c7c9e0c,Ellesmere Port,2
Senior Cloud Platform Engineer,Zaizi,Hybrid work in London,United Kingdom,🇬🇧,1,Cloud Engineer,2026-08-11,2026-08-11,Indeed,No,On-site / Hybrid,90%,Not Specified,"AWS, Kubernetes, CI/CD, Terraform, Linux",Country_Resumes/Hemachandiran_Giri_CV_UNITED_KINGDOM.docx,No,,https://www.indeed.com/viewjob?jk=3c871c5b7e600c6e,Hybrid work in London,1
Middle DevOps Engineer,Mad Devs,Remote,United Kingdom,🇬🇧,1,DevOps Engineer,2026-08-13,2026-08-13,Glassdoor-Browser,No,Remote,90%,Not Specified,"AWS, Kubernetes, CI/CD, Terraform, Linux",Country_Resumes/Hemachandiran_Giri_CV_UNITED_KINGDOM.docx,No,,https://www.glassdoor.com/job-listing/?jl=1009701137947,Unknown,16
Devops Engineer,Olive Jar Digital,Remote,United Kingdom,🇬🇧,1,DevOps Engineer,2026-08-13,2026-08-13,Glassdoor-Browser,No,Remote,90%,Not Specified,"AWS, Kubernetes, CI/CD, Terraform, Linux",Country_Resumes/Hemachandiran_Giri_CV_UNITED_KINGDOM.docx,No,,https://www.glassdoor.com/job-listing/?jl=1009962475659,Unknown,16
DevOps Engineer,Leidos,"Farnborough, Hampshire, South East England, England",United Kingdom,🇬🇧,1,DevOps Engineer,2026-08-13,2026-08-13,Glassdoor-Browser,No,On-site / Hybrid,90%,Not Specified,"AWS, Kubernetes, CI/CD, Terraform, Linux",Country_Resumes/Hemachandiran_Giri_CV_UNITED_KINGDOM.docx,No,,https://www.glassdoor.com/job-listing/?jl=1010129255145,Farnborough,1
DevOps Engineer,Hodge,"Cardiff, Wales",United Kingdom,🇬🇧,1,DevOps Engineer,2026-08-13,2026-08-13,Glassdoor-Browser,No,On-site / Hybrid,90%,Not Specified,"AWS, Kubernetes, CI/CD, Terraform, Linux",Country_Resumes/Hemachandiran_Giri_CV_UNITED_KINGDOM.docx,No,,https://www.glassdoor.com/job-listing/?jl=1010226958223,Cardiff,2
DevOps Engineer,NiCE,"London, England",United Kingdom,🇬🇧,1,DevOps Engineer,2026-08-13,2026-08-13,Glassdoor-Browser,No,On-site / Hybrid,90%,Not Specified,"AWS, Kubernetes, CI/CD, Terraform, Linux",Country_Resumes/Hemachandiran_Giri_CV_UNITED_KINGDOM.docx,No,,https://www.glassdoor.com/job-listing/?jl=1010188157129,London,21
Software Engineer (DevOps) - Site Reliability,Revolut,Remote,United Kingdom,🇬🇧,1,DevOps Engineer,2026-08-13,2026-08-13,Glassdoor-Browser,No,Remote,90%,Not Specified,"AWS, Kubernetes, CI/CD, Terraform, Linux",Country_Resumes/Hemachandiran_Giri_CV_UNITED_KINGDOM.docx,No,,https://www.glassdoor.com/job-listing/?jl=1010173765416,Unknown,16
DevOps Engineer,PODFather,"Edinburgh, Scotland",United Kingdom,🇬🇧,1,DevOps Engineer,2026-08-13,2026-08-13,Glassdoor-Browser,No,On-site / Hybrid,90%,Not Specified,"AWS, Kubernetes, CI/CD, Terraform, Linux",Country_Resumes/Hemachandiran_Giri_CV_UNITED_KINGDOM.docx,No,,https://www.glassdoor.com/job-listing/?jl=1009351734398,Edinburgh,2
DevOps Engineer,Santriya Technologies,"London, England",United Kingdom,🇬🇧,1,DevOps Engineer,2026-08-13,2026-08-13,Glassdoor-Browser,No,On-site / Hybrid,90%,Not Specified,"AWS, Kubernetes, CI/CD, Terraform, Linux",Country_Resumes/Hemachandiran_Giri_CV_UNITED_KINGDOM.docx,No,,https://www.glassdoor.com/job-listing/?jl=1008692670098,London,21
DevOps Engineer,Solera,"Maidenhead, England",United Kingdom,🇬🇧,1,DevOps Engineer,2026-08-13,2026-08-13,Glassdoor-Browser,No,On-site / Hybrid,90%,Not Specified,"AWS, Kubernetes, CI/CD, Terraform, Linux",Country_Resumes/Hemachandiran_Giri_CV_UNITED_KINGDOM.docx,No,,https://www.glassdoor.com/job-listing/?jl=1006109473629,Maidenhead,1
DevOps Engineer- London,FDM Group,United Kingdom,United Kingdom,🇬🇧,1,DevOps Engineer,2026-08-13,2026-08-13,Glassdoor-Browser,No,On-site / Hybrid,90%,Not Specified,"AWS, Kubernetes, CI/CD, Terraform, Linux",Country_Resumes/Hemachandiran_Giri_CV_UNITED_KINGDOM.docx,No,,https://www.glassdoor.com/job-listing/?jl=1010221232471,United Kingdom,1
Cloud Engineer,Yunex Traffic,"Poole, England",United Kingdom,🇬🇧,1,Cloud Engineer,2026-08-13,2026-08-13,Glassdoor-Browser,No,On-site / Hybrid,90%,Not Specified,"AWS, Kubernetes, CI/CD, Terraform, Linux",Country_Resumes/Hemachandiran_Giri_CV_UNITED_KINGDOM.docx,No,,https://www.glassdoor.com/job-listing/?jl=1010183777719,Poole,1
Cloud Engineer,Winton Group,"London, England",United Kingdom,🇬🇧,1,Cloud Engineer,2026-08-13,2026-08-13,Glassdoor-Browser,No,On-site / Hybrid,90%,Not Specified,"AWS, Kubernetes, CI/CD, Terraform, Linux",Country_Resumes/Hemachandiran_Giri_CV_UNITED_KINGDOM.docx,No,,https://www.glassdoor.com/job-listing/?jl=1010092833975,London,21
Cloud Engineer (Multiple),Cloudscaler Limited,"London, England",United Kingdom,🇬🇧,1,Cloud Engineer,2026-08-13,2026-08-13,Glassdoor-Browser,No,On-site / Hybrid,90%,Not Specified,"AWS, Kubernetes, CI/CD, Terraform, Linux",Country_Resumes/Hemachandiran_Giri_CV_UNITED_KINGDOM.docx,No,,https://www.glassdoor.com/job-listing/?jl=1010204065928,London,21
ICT Cloud Engineer,Cheshire West and Chester Council,"Ellesmere Port, England",United Kingdom,🇬🇧,1,Cloud Engineer,2026-08-13,2026-08-13,Glassdoor-Browser,No,On-site / Hybrid,90%,Not Specified,"AWS, Kubernetes, CI/CD, Terraform, Linux",Country_Resumes/Hemachandiran_Giri_CV_UNITED_KINGDOM.docx,No,,https://www.glassdoor.com/job-listing/?jl=1010226448957,Ellesmere Port,2
Cloud Engineer,QinetiQ,"Malvern, England",United Kingdom,🇬🇧,1,Cloud Engineer,2026-08-13,2026-08-13,Glassdoor-Browser,No,On-site / Hybrid,90%,Not Specified,"AWS, Kubernetes, CI/CD, Terraform, Linux",Country_Resumes/Hemachandiran_Giri_CV_UNITED_KINGDOM.docx,No,,https://www.glassdoor.com/job-listing/?jl=1010179564982,Malvern,1
Cloud Engineer,DataSpartan,"London, England",United Kingdom,🇬🇧,1,Cloud Engineer,2026-08-13,2026-08-13,Glassdoor-Browser,No,On-site / Hybrid,90%,Not Specified,"AWS, Kubernetes, CI/CD, Terraform, Linux",Country_Resumes/Hemachandiran_Giri_CV_UNITED_KINGDOM.docx,No,,https://www.glassdoor.com/job-listing/?jl=1005587076391,London,21
Cloud Operation Engineer,Centric Software,"London, England",United Kingdom,🇬🇧,1,Cloud Engineer,2026-08-13,2026-08-13,Glassdoor-Browser,No,On-site / Hybrid,90%,Not Specified,"AWS, Kubernetes, CI/CD, Terraform, Linux",Country_Resumes/Hemachandiran_Giri_CV_UNITED_KINGDOM.docx,No,,https://www.glassdoor.com/job-listing/?jl=1010136426311,London,21
AWS Cloud Engineer,Sopra Steria,"Hemel Hempstead, England",United Kingdom,🇬🇧,1,Cloud Engineer,2026-08-13,2026-08-13,Glassdoor-Browser,No,On-site / Hybrid,90%,Not Specified,AWS,Country_Resumes/Hemachandiran_Giri_CV_UNITED_KINGDOM.docx,No,,https://www.glassdoor.com/job-listing/?jl=1010226780386,Hemel Hempstead,1
Site Reliability Engineer,NiCE,Remote,United Kingdom,🇬🇧,1,Site Reliability Engineer,2026-08-13,2026-08-13,Glassdoor-Browser,No,Remote,90%,Not Specified,"AWS, Kubernetes, CI/CD, Terraform, Linux",Country_Resumes/Hemachandiran_Giri_CV_UNITED_KINGDOM.docx,No,,https://www.glassdoor.com/job-listing/?jl=1010110483099,Unknown,16
Senior Site Reliability Engineer,Honeycomb,Remote,United Kingdom,🇬🇧,1,Site Reliability Engineer,2026-08-13,2026-08-13,Glassdoor-Browser,No,Remote,90%,Not Specified,"AWS, Kubernetes, CI/CD, Terraform, Linux",Country_Resumes/Hemachandiran_Giri_CV_UNITED_KINGDOM.docx,No,,https://www.glassdoor.com/job-listing/?jl=1010159760069,Unknown,16
Site Reliability Engineer,Ensono,Remote,United Kingdom,🇬🇧,1,Site Reliability Engineer,2026-08-13,2026-08-13,Glassdoor-Browser,No,Remote,90%,Not Specified,"AWS, Kubernetes, CI/CD, Terraform, Linux",Country_Resumes/Hemachandiran_Giri_CV_UNITED_KINGDOM.docx,No,,https://www.glassdoor.com/job-listing/?jl=1008995284405,Unknown,16
"DevOps/Site Reliability Engineer, Junior/Mid/Senior (m/f/*)",Quaisr,"London, England",United Kingdom,🇬🇧,1,Site Reliability Engineer,2026-08-13,2026-08-13,Glassdoor-Browser,No,On-site / Hybrid,90%,Not Specified,"AWS, Kubernetes, CI/CD, Terraform, Linux",Country_Resumes/Hemachandiran_Giri_CV_UNITED_KINGDOM.docx,No,,https://www.glassdoor.com/job-listing/?jl=1010171584901,London,21
Lead Cloud Site Reliability Engineer,TheNottingham,"Nottingham, England",United Kingdom,🇬🇧,1,Site Reliability Engineer,2026-08-13,2026-08-13,Glassdoor-Browser,No,On-site / Hybrid,90%,Not Specified,"AWS, Kubernetes, CI/CD, Terraform, Linux",Country_Resumes/Hemachandiran_Giri_CV_UNITED_KINGDOM.docx,No,,https://www.glassdoor.com/job-listing/?jl=1010189460083,Nottingham,1
Site Reliability Engineer,GoCardless,"London, England",United Kingdom,🇬🇧,1,Site Reliability Engineer,2026-08-13,2026-08-13,Glassdoor-Browser,No,On-site / Hybrid,90%,Not Specified,"AWS, Kubernetes, CI/CD, Terraform, Linux",Country_Resumes/Hemachandiran_Giri_CV_UNITED_KINGDOM.docx,No,,https://www.glassdoor.com/job-listing/?jl=1010165250620,London,21
Senior Lead Site Reliability / DevOps Engineer,JPMorganChase,"Glasgow, Scotland",United Kingdom,🇬🇧,1,Site Reliability Engineer,2026-08-13,2026-08-13,Glassdoor-Browser,No,On-site / Hybrid,90%,Not Specified,"AWS, Kubernetes, CI/CD, Terraform, Linux",Country_Resumes/Hemachandiran_Giri_CV_UNITED_KINGDOM.docx,No,,https://www.glassdoor.com/job-listing/?jl=1010138319523,Glasgow,3
Senior Site Reliability Engineer,NiCE,Remote,United Kingdom,🇬🇧,1,Site Reliability Engineer,2026-08-13,2026-08-13,Glassdoor-Browser,No,Remote,90%,Not Specified,"AWS, Kubernetes, CI/CD, Terraform, Linux",Country_Resumes/Hemachandiran_Giri_CV_UNITED_KINGDOM.docx,No,,https://www.glassdoor.com/job-listing/?jl=1009970139788,Unknown,16
Site Reliability Engineer- London,FDM Group,"London, England",United Kingdom,🇬🇧,1,Site Reliability Engineer,2026-08-13,2026-08-13,Glassdoor-Browser,No,On-site / Hybrid,90%,Not Specified,"AWS, Kubernetes, CI/CD, Terraform, Linux",Country_Resumes/Hemachandiran_Giri_CV_UNITED_KINGDOM.docx,No,,https://www.glassdoor.com/job-listing/?jl=1010207175507,London,21
Site Reliability Engineer,Intapp,"Belfast, Northern Ireland",United Kingdom,🇬🇧,1,Platform Engineer,2026-08-13,2026-08-13,Glassdoor-Browser,No,On-site / Hybrid,90%,Not Specified,"AWS, Kubernetes, CI/CD, Terraform, Linux",Country_Resumes/Hemachandiran_Giri_CV_UNITED_KINGDOM.docx,No,,https://www.glassdoor.com/job-listing/?jl=1010170465193,Belfast,2
Site Reliability Engineer,Cantor Fitzgerald,"Belfast, Northern Ireland",United Kingdom,🇬🇧,1,Platform Engineer,2026-08-13,2026-08-13,Glassdoor-Browser,No,On-site / Hybrid,90%,Not Specified,"AWS, Kubernetes, CI/CD, Terraform, Linux",Country_Resumes/Hemachandiran_Giri_CV_UNITED_KINGDOM.docx,No,,https://www.glassdoor.com/job-listing/?jl=1010207194953,Belfast,2
Site Reliability Engineer,Barclays,"Glasgow, Scotland",United Kingdom,🇬🇧,1,Platform Engineer,2026-08-13,2026-08-13,Glassdoor-Browser,No,On-site / Hybrid,90%,Not Specified,"AWS, Kubernetes, CI/CD, Terraform, Linux",Country_Resumes/Hemachandiran_Giri_CV_UNITED_KINGDOM.docx,No,,https://www.glassdoor.com/job-listing/?jl=1010183141708,Glasgow,3
Site Reliability Engineer (DataCosmos),Open Cosmos,"Didcot, England",United Kingdom,🇬🇧,1,Platform Engineer,2026-08-13,2026-08-13,Glassdoor-Browser,No,On-site / Hybrid,90%,Not Specified,"AWS, Kubernetes, CI/CD, Terraform, Linux",Country_Resumes/Hemachandiran_Giri_CV_UNITED_KINGDOM.docx,No,,https://www.glassdoor.com/job-listing/?jl=1010116456992,Didcot,1
Senior DevOps Engineer (Salesforce),OFGEM,"OFGEM
Hybrid work in Cardiff",United Kingdom,🇬🇧,1,DevOps Engineer,2026-08-13,2026-08-13,Indeed-Browser,No,On-site / Hybrid,90%,Not Specified,"AWS, Kubernetes, CI/CD, Terraform, Linux",Country_Resumes/Hemachandiran_Giri_CV_UNITED_KINGDOM.docx,No,,https://www.indeed.com/viewjob?jk=0d29b9396e21dd28,"OFGEM
Hybrid work in Cardiff",1
Mid and Senior Site Reliability Engineer (Platform Engineering/Identity/Azure),Government Digital Service,"Government Digital Service
Hybrid work in London",United Kingdom,🇬🇧,1,DevOps Engineer,2026-08-13,2026-08-13,Indeed-Browser,No,On-site / Hybrid,90%,Not Specified,Azure,Country_Resumes/Hemachandiran_Giri_CV_UNITED_KINGDOM.docx,No,,https://www.indeed.com/viewjob?jk=942fa2f5654ad488,"Government Digital Service
Hybrid work in London",1
Senior Test Engineer,HM Revenue and Customs,"HM Revenue and Customs
Hybrid work in Leeds",United Kingdom,🇬🇧,1,DevOps Engineer,2026-08-13,2026-08-13,Indeed-Browser,No,On-site / Hybrid,80%,Not Specified,"AWS, Kubernetes, CI/CD, Terraform, Linux",Country_Resumes/Hemachandiran_Giri_CV_UNITED_KINGDOM.docx,No,,https://www.indeed.com/viewjob?jk=ec5032d315581de0,"HM Revenue and Customs
Hybrid work in Leeds",1
Software Engineer III - SRE,JPMorganChase,"JPMorganChase
Bournemouth BH7 7DA",United Kingdom,🇬🇧,1,DevOps Engineer,2026-08-13,2026-08-13,Indeed-Browser,No,On-site / Hybrid,80%,Not Specified,"AWS, Kubernetes, CI/CD, Terraform, Linux",Country_Resumes/Hemachandiran_Giri_CV_UNITED_KINGDOM.docx,No,,https://www.indeed.com/viewjob?jk=a567cacf29fbf799,"JPMorganChase
Bournemouth BH7 7DA",2
Lead Software Engineer - GLCM Postings,JPMorganChase,"JPMorganChase
Bournemouth BH7 7DA",United Kingdom,🇬🇧,1,DevOps Engineer,2026-08-13,2026-08-13,Indeed-Browser,No,On-site / Hybrid,80%,Not Specified,"AWS, Kubernetes, CI/CD, Terraform, Linux",Country_Resumes/Hemachandiran_Giri_CV_UNITED_KINGDOM.docx,No,,https://www.indeed.com/viewjob?jk=bf155c1ea39fe12b,"JPMorganChase
Bournemouth BH7 7DA",2
Senior Dynamics Developer (Power Platform),Driver and Vehicle Standards Agency,"Driver and Vehicle Standards Agency
Hybrid work in Yeading",United Kingdom,🇬🇧,1,DevOps Engineer,2026-08-13,2026-08-13,Indeed-Browser,No,On-site / Hybrid,90%,Not Specified,"AWS, Kubernetes, CI/CD, Terraform, Linux",Country_Resumes/Hemachandiran_Giri_CV_UNITED_KINGDOM.docx,No,,https://www.indeed.com/viewjob?jk=1040cf041ea5e35e,"Driver and Vehicle Standards Agency
Hybrid work in Yeading",1
Lead Performance Test Engineer,Capgemini Sogeti,"Capgemini Sogeti
Hybrid work in London",United Kingdom,🇬🇧,1,DevOps Engineer,2026-08-13,2026-08-13,Indeed-Browser,No,On-site / Hybrid,80%,Not Specified,"AWS, Kubernetes, CI/CD, Terraform, Linux",Country_Resumes/Hemachandiran_Giri_CV_UNITED_KINGDOM.docx,No,,https://www.indeed.com/viewjob?jk=0e924d0ed013647c,"Capgemini Sogeti
Hybrid work in London",2
Sr Lead Software Engineer- Public Cloud,JPMorganChase,"JPMorganChase
Glasgow G2",United Kingdom,🇬🇧,1,Cloud Engineer,2026-08-13,2026-08-13,Indeed-Browser,No,On-site / Hybrid,90%,Not Specified,"AWS, Kubernetes, CI/CD, Terraform, Linux",Country_Resumes/Hemachandiran_Giri_CV_UNITED_KINGDOM.docx,No,,https://www.indeed.com/viewjob?jk=25438cf875cae94c,"JPMorganChase
Glasgow G2",1
"Staff Forward Deployed Engineer, Google Cloud Public Sector",Google,"Google
London",United Kingdom,🇬🇧,1,Cloud Engineer,2026-08-13,2026-08-13,Indeed-Browser,No,On-site / Hybrid,90%,Not Specified,"AWS, Kubernetes, CI/CD, Terraform, Linux",Country_Resumes/Hemachandiran_Giri_CV_UNITED_KINGDOM.docx,No,,https://www.indeed.com/viewjob?jk=9b7c5c7d028cf38a,"Google
London",4
"AI Solutions Deployment Manager, Cloud Applied AI",Google,"Google
London",United Kingdom,🇬🇧,1,Cloud Engineer,2026-08-13,2026-08-13,Indeed-Browser,No,On-site / Hybrid,90%,Not Specified,"AWS, Kubernetes, CI/CD, Terraform, Linux",Country_Resumes/Hemachandiran_Giri_CV_UNITED_KINGDOM.docx,No,,https://www.indeed.com/viewjob?jk=f8ed049d80a8cc48,"Google
London",4
Sr. Azure Engineer,FalconSmartIT,"FalconSmartIT
Hybrid work in Guildford GU1",United Kingdom,🇬🇧,1,Cloud Engineer,2026-08-13,2026-08-13,Indeed-Browser,No,On-site / Hybrid,80%,Not Specified,Azure,Country_Resumes/Hemachandiran_Giri_CV_UNITED_KINGDOM.docx,No,,https://www.indeed.com/viewjob?jk=ec4745e69aa77058,"FalconSmartIT
Hybrid work in Guildford GU1",1
AWS Workspace Engineer- UK Remote,MEDIDATA,"MEDIDATA
London",United Kingdom,🇬🇧,1,Cloud Engineer,2026-08-13,2026-08-13,Indeed-Browser,No,Remote,90%,Not Specified,AWS,Country_Resumes/Hemachandiran_Giri_CV_UNITED_KINGDOM.docx,No,,https://www.indeed.com/viewjob?jk=f92e9f8b9ab27337,"MEDIDATA
London",1
System Engineer (Compute Node),Nebius,"Nebius
London",United Kingdom,🇬🇧,1,Cloud Engineer,2026-08-13,2026-08-13,Indeed-Browser,No,On-site / Hybrid,80%,Not Specified,"AWS, Kubernetes, CI/CD, Terraform, Linux",Country_Resumes/Hemachandiran_Giri_CV_UNITED_KINGDOM.docx,No,,https://www.indeed.com/viewjob?jk=990fdeaa3ff7c3c0,"Nebius
London",1
Senior System Engineer (Virtual Private Cloud Team),Nebius,"Nebius
Remote in London",United Kingdom,🇬🇧,1,Cloud Engineer,2026-08-13,2026-08-13,Indeed-Browser,No,Remote,90%,Not Specified,"AWS, Kubernetes, CI/CD, Terraform, Linux",Country_Resumes/Hemachandiran_Giri_CV_UNITED_KINGDOM.docx,No,,https://www.indeed.com/viewjob?jk=084eccbb3d336fd5,"Nebius
Remote in London",1
Junior Cloud Reliability Engineer,Jagex: The RuneScape Company,"Jagex: The RuneScape Company
Hybrid work in Cambridge",United Kingdom,🇬🇧,1,Cloud Engineer,2026-08-13,2026-08-13,Indeed-Browser,No,On-site / Hybrid,90%,Not Specified,"AWS, Kubernetes, CI/CD, Terraform, Linux",Country_Resumes/Hemachandiran_Giri_CV_UNITED_KINGDOM.docx,No,,https://www.indeed.com/viewjob?jk=6e016d8e58c602c4,"Jagex: The RuneScape Company
Hybrid work in Cambridge",1
Site Engineer,Balfour Beatty,"Balfour Beatty
Stirling",United Kingdom,🇬🇧,1,Site Reliability Engineer,2026-08-13,2026-08-13,Indeed-Browser,No,On-site / Hybrid,80%,Not Specified,"AWS, Kubernetes, CI/CD, Terraform, Linux",Country_Resumes/Hemachandiran_Giri_CV_UNITED_KINGDOM.docx,No,,https://www.indeed.com/viewjob?jk=ecdf28c40c148d61,"Balfour Beatty
Stirling",1
Reliability Engineer,DS Smith,"DS Smith
Burscough",United Kingdom,🇬🇧,1,Site Reliability Engineer,2026-08-13,2026-08-13,Indeed-Browser,No,On-site / Hybrid,90%,Not Specified,"AWS, Kubernetes, CI/CD, Terraform, Linux",Country_Resumes/Hemachandiran_Giri_CV_UNITED_KINGDOM.docx,No,,https://www.indeed.com/viewjob?jk=06207d67a5c0fc54,"DS Smith
Burscough",1
Reliability Engineer,DS Smith,DS SmithBurscough,United Kingdom,🇬🇧,1,Site Reliability Engineer,2026-08-13,2026-08-13,Indeed-Browser,No,On-site / Hybrid,90%,Not Specified,"AWS, Kubernetes, CI/CD, Terraform, Linux",Country_Resumes/Hemachandiran_Giri_CV_UNITED_KINGDOM.docx,No,,https://www.indeed.com/viewjob?jk=abcdef0123456789,DS SmithBurscough,1
Senior Infrastructure Engineer,Cabot Financial,"Cabot Financial
Hybrid work in West Malling ME19 4UA",United Kingdom,🇬🇧,1,Site Reliability Engineer,2026-08-13,2026-08-13,Indeed-Browser,No,On-site / Hybrid,90%,Not Specified,"AWS, Kubernetes, CI/CD, Terraform, Linux",Country_Resumes/Hemachandiran_Giri_CV_UNITED_KINGDOM.docx,No,,https://www.indeed.com/viewjob?jk=7689b1eb818e13c1,"Cabot Financial
Hybrid work in West Malling ME19 4UA",1
Manager Technology Ops Engineering,American Express,"American Express
Burgess Hill",United Kingdom,🇬🇧,1,Site Reliability Engineer,2026-08-13,2026-08-13,Indeed-Browser,No,On-site / Hybrid,80%,Not Specified,"AWS, Kubernetes, CI/CD, Terraform, Linux",Country_Resumes/Hemachandiran_Giri_CV_UNITED_KINGDOM.docx,No,,https://www.indeed.com/viewjob?jk=1ce218d7e6fe4fa5,"American Express
Burgess Hill",1
Lead Performance Test Engineer,Capgemini,"Capgemini
Hybrid work in London",United Kingdom,🇬🇧,1,Site Reliability Engineer,2026-08-13,2026-08-13,Indeed-Browser,No,On-site / Hybrid,80%,Not Specified,"AWS, Kubernetes, CI/CD, Terraform, Linux",Country_Resumes/Hemachandiran_Giri_CV_UNITED_KINGDOM.docx,No,,https://www.indeed.com/viewjob?jk=73f7d0319294018e,"Capgemini
Hybrid work in London",1
Platform Engineer,Leonardo UK Ltd,"Leonardo UK Ltd
Hybrid work in Edinburgh EH5 2XS",United Kingdom,🇬🇧,1,Platform Engineer,2026-08-13,2026-08-13,Indeed-Browser,No,On-site / Hybrid,90%,Not Specified,"AWS, Kubernetes, CI/CD, Terraform, Linux",Country_Resumes/Hemachandiran_Giri_CV_UNITED_KINGDOM.docx,No,,https://www.indeed.com/viewjob?jk=988b6662091f4e7c,"Leonardo UK Ltd
Hybrid work in Edinburgh EH5 2XS",1
Infrastructure Automation Engineer,Arm,"Arm
Hybrid work in Cambridge",United Kingdom,🇬🇧,1,Platform Engineer,2026-08-13,2026-08-13,Indeed-Browser,No,On-site / Hybrid,90%,Not Specified,"AWS, Kubernetes, CI/CD, Terraform, Linux",Country_Resumes/Hemachandiran_Giri_CV_UNITED_KINGDOM.docx,No,,https://www.indeed.com/viewjob?jk=bc33993c291f6085,"Arm
Hybrid work in Cambridge",1
Lead DevOps Engineer,London Stock Exchange Group,"London Stock Exchange Group
London",United Kingdom,🇬🇧,1,Platform Engineer,2026-08-13,2026-08-13,Indeed-Browser,No,On-site / Hybrid,90%,Not Specified,"AWS, Kubernetes, CI/CD, Terraform, Linux",Country_Resumes/Hemachandiran_Giri_CV_UNITED_KINGDOM.docx,No,,https://www.indeed.com/viewjob?jk=032ff45c8380e6e0,"London Stock Exchange Group
London",1
Mid and Senior Site Reliability Engineer (Platform Engineering/Identity/Azure),Government Digital Service,"London, England",United Kingdom,🇬🇧,1,DevOps Engineer,2026-08-13,2026-08-13,Glassdoor-Browser,No,On-site / Hybrid,90%,Not Specified,Azure,Country_Resumes/Hemachandiran_Giri_CV_UNITED_KINGDOM.docx,No,,https://www.glassdoor.com/job-listing/?jl=1010224884615,London,21
DevOps & IoT Platform Engineer,Watson-Marlow Fluid Technology Solutions,"Redruth, England",United Kingdom,🇬🇧,1,DevOps Engineer,2026-08-13,2026-08-13,Glassdoor-Browser,No,On-site / Hybrid,90%,Not Specified,"AWS, Kubernetes, CI/CD, Terraform, Linux",Country_Resumes/Hemachandiran_Giri_CV_UNITED_KINGDOM.docx,No,,https://www.glassdoor.com/job-listing/?jl=1010224016991,Redruth,1
DevOps Engineer / Site Reliability Engineer,Freelancer,"London, England",United Kingdom,🇬🇧,1,DevOps Engineer,2026-08-13,2026-08-13,Glassdoor-Browser,No,On-site / Hybrid,90%,Not Specified,"AWS, Kubernetes, CI/CD, Terraform, Linux",Country_Resumes/Hemachandiran_Giri_CV_UNITED_KINGDOM.docx,No,,https://www.glassdoor.com/job-listing/?jl=1009971185148,London,21
Site Reliability Engineer,Artificial Labs,"London, England",United Kingdom,🇬🇧,1,Site Reliability Engineer,2026-08-13,2026-08-13,Glassdoor-Browser,No,On-site / Hybrid,90%,Not Specified,"AWS, Kubernetes, CI/CD, Terraform, Linux",Country_Resumes/Hemachandiran_Giri_CV_UNITED_KINGDOM.docx,No,,https://www.glassdoor.com/job-listing/?jl=1010170799247,London,21
Platform Site Reliability Engineer - Member of Technical Staff,Callosum Marketing,"London, England",United Kingdom,🇬🇧,1,Platform Engineer,2026-08-13,2026-08-13,Glassdoor-Browser,No,On-site / Hybrid,90%,Not Specified,"AWS, Kubernetes, CI/CD, Terraform, Linux",Country_Resumes/Hemachandiran_Giri_CV_UNITED_KINGDOM.docx,No,,https://www.glassdoor.com/job-listing/?jl=1010170103790,London,21
"DevOps Engineer, Cloud Platform",Upstart,Vancouver,Canada,🇨🇦,1,DevOps Engineer,2026-08-13,2026-08-13,Glassdoor-Browser,No,On-site / Hybrid,90%,Not Specified,"AWS, Kubernetes, CI/CD, Terraform, Linux",Country_Resumes/Hemachandiran_Giri_CV_CANADA.docx,No,,https://www.glassdoor.com/job-listing/?jl=1010186973711,Vancouver,3
Senior DevOps / Platform Engineer — Cloud,Dominion Dynamics,Ottawa,Canada,🇨🇦,1,DevOps Engineer,2026-08-13,2026-08-13,Glassdoor-Browser,No,On-site / Hybrid,90%,Not Specified,"AWS, Kubernetes, CI/CD, Terraform, Linux",Country_Resumes/Hemachandiran_Giri_CV_CANADA.docx,No,,https://www.glassdoor.com/job-listing/?jl=1010184044136,Ottawa,2
Senior DevOps Engineer – Azure Cloud Networking & Platform Engineering,Aequilibrium,Remote,Canada,🇨🇦,1,DevOps Engineer,2026-08-13,2026-08-13,Glassdoor-Browser,No,Remote,90%,Not Specified,Azure,Country_Resumes/Hemachandiran_Giri_CV_CANADA.docx,No,,https://www.glassdoor.com/job-listing/?jl=1010195672548,Unknown,16
"Site Reliability Engineer (SRE), Cloud Operations",RBC,Toronto,Canada,🇨🇦,1,DevOps Engineer,2026-08-13,2026-08-13,Glassdoor-Browser,No,On-site / Hybrid,90%,Not Specified,"AWS, Kubernetes, CI/CD, Terraform, Linux",Country_Resumes/Hemachandiran_Giri_CV_CANADA.docx,No,,https://www.glassdoor.com/job-listing/?jl=1010217312644,Toronto,16
DevOps Cloud Engineer,Nasdaq,Toronto,Canada,🇨🇦,1,DevOps Engineer,2026-08-13,2026-08-13,Glassdoor-Browser,No,On-site / Hybrid,90%,Not Specified,"AWS, Kubernetes, CI/CD, Terraform, Linux",Country_Resumes/Hemachandiran_Giri_CV_CANADA.docx,No,,https://www.glassdoor.com/job-listing/?jl=1009987677507,Toronto,16
Site Reliability Engineer (SRE),EPAM Systems,Remote,Canada,🇨🇦,1,DevOps Engineer,2026-08-13,2026-08-13,Glassdoor-Browser,No,Remote,90%,Not Specified,"AWS, Kubernetes, CI/CD, Terraform, Linux",Country_Resumes/Hemachandiran_Giri_CV_CANADA.docx,No,,https://www.glassdoor.com/job-listing/?jl=1010172419794,Unknown,16
Cloud Platform Engineer,ClubRunner,Remote,Canada,🇨🇦,1,DevOps Engineer,2026-08-13,2026-08-13,Glassdoor-Browser,No,Remote,90%,Not Specified,"AWS, Kubernetes, CI/CD, Terraform, Linux",Country_Resumes/Hemachandiran_Giri_CV_CANADA.docx,No,,https://www.glassdoor.com/job-listing/?jl=1010187034439,Unknown,16
Cloud Engineer ( Azure Platform Engineer)- Remote Ontario,Smile Digital Health,Canada,Canada,🇨🇦,1,DevOps Engineer,2026-08-13,2026-08-13,Glassdoor-Browser,No,Remote,90%,Not Specified,Azure,Country_Resumes/Hemachandiran_Giri_CV_CANADA.docx,No,,https://www.glassdoor.com/job-listing/?jl=1010215257900,Canada,10
DevOPS/Cloud Engineer (Contract),Cyber-Infomax Solutions,Toronto,Canada,🇨🇦,1,DevOps Engineer,2026-08-13,2026-08-13,Glassdoor-Browser,No,On-site / Hybrid,90%,Not Specified,"AWS, Kubernetes, CI/CD, Terraform, Linux",Country_Resumes/Hemachandiran_Giri_CV_CANADA.docx,No,,https://www.glassdoor.com/job-listing/?jl=1010228672895,Toronto,16
Sr. Site Reliability Engineering - Azure Platform,SimCorp,Toronto,Canada,🇨🇦,1,DevOps Engineer,2026-08-13,2026-08-13,Glassdoor-Browser,No,On-site / Hybrid,90%,Not Specified,Azure,Country_Resumes/Hemachandiran_Giri_CV_CANADA.docx,No,,https://www.glassdoor.com/job-listing/?jl=1010064228231,Toronto,16
Staff Site Reliability Engineer – Automation and Platform,Cerebras (CA),Canada,Canada,🇨🇦,1,Cloud Engineer,2026-08-13,2026-08-13,Glassdoor-Browser,No,On-site / Hybrid,90%,Not Specified,"AWS, Kubernetes, CI/CD, Terraform, Linux",Country_Resumes/Hemachandiran_Giri_CV_CANADA.docx,No,,https://www.glassdoor.com/job-listing/?jl=1010206683548,Canada,10
Cloud Performance Engineering - Site Reliability Engineer ( Remote Canada),Smile Digital Health,Toronto,Canada,🇨🇦,1,Cloud Engineer,2026-08-13,2026-08-13,Glassdoor-Browser,No,Remote,90%,Not Specified,"AWS, Kubernetes, CI/CD, Terraform, Linux",Country_Resumes/Hemachandiran_Giri_CV_CANADA.docx,No,,https://www.glassdoor.com/job-listing/?jl=1010196791698,Toronto,16
Senior Cloud Site Reliability Engineer,Solace,Canada,Canada,🇨🇦,1,Cloud Engineer,2026-08-13,2026-08-13,Glassdoor-Browser,No,On-site / Hybrid,90%,Not Specified,"AWS, Kubernetes, CI/CD, Terraform, Linux",Country_Resumes/Hemachandiran_Giri_CV_CANADA.docx,No,,https://www.glassdoor.com/job-listing/?jl=1010183049793,Canada,10
Site Reliability Engineer,KPMG,Canada,Canada,🇨🇦,1,Site Reliability Engineer,2026-08-13,2026-08-13,Glassdoor-Browser,No,On-site / Hybrid,90%,Not Specified,"AWS, Kubernetes, CI/CD, Terraform, Linux",Country_Resumes/Hemachandiran_Giri_CV_CANADA.docx,No,,https://www.glassdoor.com/job-listing/?jl=1010078534596,Canada,10
Site Reliability Engineer,Sectigo,Canada,Canada,🇨🇦,1,Site Reliability Engineer,2026-08-13,2026-08-13,Glassdoor-Browser,No,On-site / Hybrid,90%,Not Specified,"AWS, Kubernetes, CI/CD, Terraform, Linux",Country_Resumes/Hemachandiran_Giri_CV_CANADA.docx,No,,https://www.glassdoor.com/job-listing/?jl=1010147317415,Canada,10
Senior Site Reliability Engineer,Guidewire,Toronto,Canada,🇨🇦,1,Site Reliability Engineer,2026-08-13,2026-08-13,Glassdoor-Browser,No,On-site / Hybrid,90%,Not Specified,"AWS, Kubernetes, CI/CD, Terraform, Linux",Country_Resumes/Hemachandiran_Giri_CV_CANADA.docx,No,,https://www.glassdoor.com/job-listing/?jl=1010133136339,Toronto,16
Senior Site Reliability Engineer,RBC,Toronto,Canada,🇨🇦,1,Site Reliability Engineer,2026-08-13,2026-08-13,Glassdoor-Browser,No,On-site / Hybrid,90%,Not Specified,"AWS, Kubernetes, CI/CD, Terraform, Linux",Country_Resumes/Hemachandiran_Giri_CV_CANADA.docx,No,,https://www.glassdoor.com/job-listing/?jl=1010202367040,Toronto,16
Lead Site Reliability Engineer,RBC,Toronto,Canada,🇨🇦,1,Site Reliability Engineer,2026-08-13,2026-08-13,Glassdoor-Browser,No,On-site / Hybrid,90%,Not Specified,"AWS, Kubernetes, CI/CD, Terraform, Linux",Country_Resumes/Hemachandiran_Giri_CV_CANADA.docx,No,,https://www.glassdoor.com/job-listing/?jl=1010221664119,Toronto,16
DevOps Cloud Engineer,Nasdaq,Toronto,Canada,🇨🇦,1,Platform Engineer,2026-08-13,2026-08-13,Glassdoor-Browser,No,On-site / Hybrid,90%,Not Specified,"AWS, Kubernetes, CI/CD, Terraform, Linux",Country_Resumes/Hemachandiran_Giri_CV_CANADA.docx,No,,https://www.glassdoor.com/job-listing/?jl=1010097740376,Toronto,16
Cloud Platform DevOps Engineer - Assistant Vice President,Citi,Mississauga,Canada,🇨🇦,1,Platform Engineer,2026-08-13,2026-08-13,Glassdoor-Browser,No,On-site / Hybrid,90%,Not Specified,"AWS, Kubernetes, CI/CD, Terraform, Linux",Country_Resumes/Hemachandiran_Giri_CV_CANADA.docx,No,,https://www.glassdoor.com/job-listing/?jl=1010133836209,Mississauga,1
Senior Site Reliability Engineer,Magnet Forensics,Canada,Canada,🇨🇦,1,Platform Engineer,2026-08-13,2026-08-13,Glassdoor-Browser,No,On-site / Hybrid,90%,Not Specified,"AWS, Kubernetes, CI/CD, Terraform, Linux",Country_Resumes/Hemachandiran_Giri_CV_CANADA.docx,No,,https://www.glassdoor.com/job-listing/?jl=1010161688604,Canada,10
Cloud/Platform Engineer,Andile Solutions,South Africa,Saudi Arabia,🇸🇦,1,DevOps Engineer,2026-08-13,2026-08-13,Glassdoor-Browser,No,On-site / Hybrid,90%,Not Specified,"AWS, Kubernetes, CI/CD, Terraform, Linux",Country_Resumes/Hemachandiran_Giri_CV_SAUDI_ARABIA.docx,No,,https://www.glassdoor.com/job-listing/?jl=1010183111043,South Africa,3
Platform DevOps Engineer (Azure),RIB Software,Centurion,Saudi Arabia,🇸🇦,1,DevOps Engineer,2026-08-13,2026-08-13,Glassdoor-Browser,No,On-site / Hybrid,90%,Not Specified,Azure,Country_Resumes/Hemachandiran_Giri_CV_SAUDI_ARABIA.docx,No,,https://www.glassdoor.com/job-listing/?jl=1010042469239,Centurion,2
Site Reliability Engineer,RSAWeb,Cape Town,Saudi Arabia,🇸🇦,1,DevOps Engineer,2026-08-13,2026-08-13,Glassdoor-Browser,No,On-site / Hybrid,90%,Not Specified,"AWS, Kubernetes, CI/CD, Terraform, Linux",Country_Resumes/Hemachandiran_Giri_CV_SAUDI_ARABIA.docx,No,,https://www.glassdoor.com/job-listing/?jl=1010206903667,Cape Town,5
Lead Cloud / Platform Engineer,NJ PLACEMENT CONSULTING,Rosebank,Saudi Arabia,🇸🇦,1,DevOps Engineer,2026-08-13,2026-08-13,Glassdoor-Browser,No,On-site / Hybrid,90%,Not Specified,"AWS, Kubernetes, CI/CD, Terraform, Linux",Country_Resumes/Hemachandiran_Giri_CV_SAUDI_ARABIA.docx,No,,https://www.glassdoor.com/job-listing/?jl=1010157928954,Rosebank,1
Site Reliability Engineer,impact.com,Cape Town,Saudi Arabia,🇸🇦,1,DevOps Engineer,2026-08-13,2026-08-13,Glassdoor-Browser,No,On-site / Hybrid,90%,Not Specified,"AWS, Kubernetes, CI/CD, Terraform, Linux",Country_Resumes/Hemachandiran_Giri_CV_SAUDI_ARABIA.docx,No,,https://www.glassdoor.com/job-listing/?jl=1010195051727,Cape Town,5
Site Reliability Engineer (SRE),Impronics,Johannesburg,Saudi Arabia,🇸🇦,1,DevOps Engineer,2026-08-13,2026-08-13,Glassdoor-Browser,No,On-site / Hybrid,90%,Not Specified,"AWS, Kubernetes, CI/CD, Terraform, Linux",Country_Resumes/Hemachandiran_Giri_CV_SAUDI_ARABIA.docx,No,,https://www.glassdoor.com/job-listing/?jl=1009836423190,Johannesburg,10
AI Platform Engineer (Cloud),Absa,Sandton,Saudi Arabia,🇸🇦,1,DevOps Engineer,2026-08-13,2026-08-13,Glassdoor-Browser,No,On-site / Hybrid,90%,Not Specified,"AWS, Kubernetes, CI/CD, Terraform, Linux",Country_Resumes/Hemachandiran_Giri_CV_SAUDI_ARABIA.docx,No,,https://www.glassdoor.com/job-listing/?jl=1010227173769,Sandton,3
Site Reliability Engineer,Nintex,Johannesburg,Saudi Arabia,🇸🇦,1,DevOps Engineer,2026-08-13,2026-08-13,Glassdoor-Browser,No,On-site / Hybrid,90%,Not Specified,"AWS, Kubernetes, CI/CD, Terraform, Linux",Country_Resumes/Hemachandiran_Giri_CV_SAUDI_ARABIA.docx,No,,https://www.glassdoor.com/job-listing/?jl=1010163761589,Johannesburg,10
Infrastructure / Cloud / DevOps Engineer,Warrior Edge Projects,Johannesburg,Saudi Arabia,🇸🇦,1,DevOps Engineer,2026-08-13,2026-08-13,Glassdoor-Browser,No,On-site / Hybrid,90%,Not Specified,"AWS, Kubernetes, CI/CD, Terraform, Linux",Country_Resumes/Hemachandiran_Giri_CV_SAUDI_ARABIA.docx,No,,https://www.glassdoor.com/job-listing/?jl=1010199522370,Johannesburg,10
Devops Engineer,Epsidon Technology Holdings,Centurion,Saudi Arabia,🇸🇦,1,DevOps Engineer,2026-08-13,2026-08-13,Glassdoor-Browser,No,On-site / Hybrid,90%,Not Specified,"AWS, Kubernetes, CI/CD, Terraform, Linux",Country_Resumes/Hemachandiran_Giri_CV_SAUDI_ARABIA.docx,No,,https://www.glassdoor.com/job-listing/?jl=1010204501660,Centurion,2
Site Reliability Engineer (L1 Support Engineer),Araxi Restaurant + Oyster Bar,South Africa,Saudi Arabia,🇸🇦,1,Cloud Engineer,2026-08-13,2026-08-13,Glassdoor-Browser,No,On-site / Hybrid,90%,Not Specified,"AWS, Kubernetes, CI/CD, Terraform, Linux",Country_Resumes/Hemachandiran_Giri_CV_SAUDI_ARABIA.docx,No,,https://www.glassdoor.com/job-listing/?jl=1010210933484,South Africa,3
Principal Site Reliability Engineer,Deimos,Johannesburg,Saudi Arabia,🇸🇦,1,Site Reliability Engineer,2026-08-13,2026-08-13,Glassdoor-Browser,No,On-site / Hybrid,90%,Not Specified,"AWS, Kubernetes, CI/CD, Terraform, Linux",Country_Resumes/Hemachandiran_Giri_CV_SAUDI_ARABIA.docx,No,,https://www.glassdoor.com/job-listing/?jl=1010183113118,Johannesburg,10
DevOps Engineer,Lula,Cape Town,Saudi Arabia,🇸🇦,1,Site Reliability Engineer,2026-08-13,2026-08-13,Glassdoor-Browser,No,On-site / Hybrid,90%,Not Specified,"AWS, Kubernetes, CI/CD, Terraform, Linux",Country_Resumes/Hemachandiran_Giri_CV_SAUDI_ARABIA.docx,No,,https://www.glassdoor.com/job-listing/?jl=1010227710180,Cape Town,5
Senior Data Engineer Consultant – Data Quality and Modern Cloud Platform,KeyrusSA,Durban,Saudi Arabia,🇸🇦,1,Site Reliability Engineer,2026-08-13,2026-08-13,Glassdoor-Browser,No,On-site / Hybrid,90%,Not Specified,"AWS, Kubernetes, CI/CD, Terraform, Linux",Country_Resumes/Hemachandiran_Giri_CV_SAUDI_ARABIA.docx,No,,https://www.glassdoor.com/job-listing/?jl=1010222447352,Durban,1
Cloud Engineer (Contract),The Focus Group,Sandton,Saudi Arabia,🇸🇦,1,Site Reliability Engineer,2026-08-13,2026-08-13,Glassdoor-Browser,No,On-site / Hybrid,90%,Not Specified,"AWS, Kubernetes, CI/CD, Terraform, Linux",Country_Resumes/Hemachandiran_Giri_CV_SAUDI_ARABIA.docx,No,,https://www.glassdoor.com/job-listing/?jl=1010203478044,Sandton,3
Reliability Engineer,Stelo,Johannesburg,Saudi Arabia,🇸🇦,1,Site Reliability Engineer,2026-08-13,2026-08-13,Glassdoor-Browser,No,On-site / Hybrid,90%,Not Specified,"AWS, Kubernetes, CI/CD, Terraform, Linux",Country_Resumes/Hemachandiran_Giri_CV_SAUDI_ARABIA.docx,No,,https://www.glassdoor.com/job-listing/?jl=1010138986786,Johannesburg,10
Engineering Manager (Site Reliability),Moniepoint,Remote,Saudi Arabia,🇸🇦,1,Platform Engineer,2026-08-13,2026-08-13,Glassdoor-Browser,No,Remote,90%,Not Specified,"AWS, Kubernetes, CI/CD, Terraform, Linux",Country_Resumes/Hemachandiran_Giri_CV_SAUDI_ARABIA.docx,No,,https://www.glassdoor.com/job-listing/?jl=1010212101769,Unknown,16
DevOps / Site Reliability Engineer,Tiro Partners,Utrecht,Netherlands,🇳🇱,1,DevOps Engineer,2026-08-13,2026-08-13,Glassdoor-Browser,No,On-site / Hybrid,90%,Not Specified,"AWS, Kubernetes, CI/CD, Terraform, Linux",Country_Resumes/Hemachandiran_Giri_CV_NETHERLANDS.docx,No,,https://www.glassdoor.com/job-listing/?jl=1009117375585,Utrecht,7
Cloud DevOps Engineer,Thales,Amersfoort,Netherlands,🇳🇱,1,DevOps Engineer,2026-08-13,2026-08-13,Glassdoor-Browser,No,On-site / Hybrid,90%,Not Specified,"AWS, Kubernetes, CI/CD, Terraform, Linux",Country_Resumes/Hemachandiran_Giri_CV_NETHERLANDS.docx,No,,https://www.glassdoor.com/job-listing/?jl=1010216062292,Amersfoort,2
Remote DevOps Engineer,CodeImpact,Netherlands,Netherlands,🇳🇱,1,DevOps Engineer,2026-08-13,2026-08-13,Glassdoor-Browser,No,Remote,90%,Not Specified,"AWS, Kubernetes, CI/CD, Terraform, Linux",Country_Resumes/Hemachandiran_Giri_CV_NETHERLANDS.docx,No,,https://www.glassdoor.com/job-listing/?jl=1008081509950,Netherlands,4
Staff/Lead Platform/DevOps Engineer,Mimica (United Kingdom),Amsterdam,Netherlands,🇳🇱,1,DevOps Engineer,2026-08-13,2026-08-13,Glassdoor-Browser,No,On-site / Hybrid,90%,Not Specified,"AWS, Kubernetes, CI/CD, Terraform, Linux",Country_Resumes/Hemachandiran_Giri_CV_NETHERLANDS.docx,No,,https://www.glassdoor.com/job-listing/?jl=1010195309570,Amsterdam,8
DevOps Engineer,Cloudprinter,Netherlands,Netherlands,🇳🇱,1,DevOps Engineer,2026-08-13,2026-08-13,Glassdoor-Browser,No,On-site / Hybrid,90%,Not Specified,"AWS, Kubernetes, CI/CD, Terraform, Linux",Country_Resumes/Hemachandiran_Giri_CV_NETHERLANDS.docx,No,,https://www.glassdoor.com/job-listing/?jl=1009616294507,Netherlands,4
Devops Engineer,Good Company (Netherlands),Amsterdam,Netherlands,🇳🇱,1,DevOps Engineer,2026-08-13,2026-08-13,Glassdoor-Browser,No,On-site / Hybrid,90%,Not Specified,"AWS, Kubernetes, CI/CD, Terraform, Linux",Country_Resumes/Hemachandiran_Giri_CV_NETHERLANDS.docx,No,,https://www.glassdoor.com/job-listing/?jl=1007001390128,Amsterdam,8
DevOps Engineer,Apeiron Insight,Rijswijk,Netherlands,🇳🇱,1,DevOps Engineer,2026-08-13,2026-08-13,Glassdoor-Browser,No,On-site / Hybrid,90%,Not Specified,"AWS, Kubernetes, CI/CD, Terraform, Linux",Country_Resumes/Hemachandiran_Giri_CV_NETHERLANDS.docx,No,,https://www.glassdoor.com/job-listing/?jl=1009941847508,Rijswijk,1
Vacature: Data Platform DevOps Engineer - View vacancy,NN Group,The Hague,Netherlands,🇳🇱,1,DevOps Engineer,2026-08-13,2026-08-13,Glassdoor-Browser,No,On-site / Hybrid,90%,Not Specified,"AWS, Kubernetes, CI/CD, Terraform, Linux",Country_Resumes/Hemachandiran_Giri_CV_NETHERLANDS.docx,No,,https://www.glassdoor.com/job-listing/?jl=1010179284776,The Hague,1
DevOps Engineer,Tiro Partners,Eindhoven,Netherlands,🇳🇱,1,DevOps Engineer,2026-08-13,2026-08-13,Glassdoor-Browser,No,On-site / Hybrid,90%,Not Specified,"AWS, Kubernetes, CI/CD, Terraform, Linux",Country_Resumes/Hemachandiran_Giri_CV_NETHERLANDS.docx,No,,https://www.glassdoor.com/job-listing/?jl=1009117375603,Eindhoven,2
Cloud Platform Devops Engineer,Ebicus,Haarlem,Netherlands,🇳🇱,1,DevOps Engineer,2026-08-13,2026-08-13,Glassdoor-Browser,No,On-site / Hybrid,90%,Not Specified,"AWS, Kubernetes, CI/CD, Terraform, Linux",Country_Resumes/Hemachandiran_Giri_CV_NETHERLANDS.docx,No,,https://www.glassdoor.com/job-listing/?jl=1009012382367,Haarlem,1
Site Reliability Engineer,Cleopatra Enterprise,Zwijndrecht,Netherlands,🇳🇱,1,Cloud Engineer,2026-08-13,2026-08-13,Glassdoor-Browser,No,On-site / Hybrid,90%,Not Specified,"AWS, Kubernetes, CI/CD, Terraform, Linux",Country_Resumes/Hemachandiran_Giri_CV_NETHERLANDS.docx,No,,https://www.glassdoor.com/job-listing/?jl=1008651026096,Zwijndrecht,1
Software Engineer II (Site Reliability Engineer),Warner Bros. Discovery,Amsterdam,Netherlands,🇳🇱,1,Cloud Engineer,2026-08-13,2026-08-13,Glassdoor-Browser,No,On-site / Hybrid,90%,Not Specified,"AWS, Kubernetes, CI/CD, Terraform, Linux",Country_Resumes/Hemachandiran_Giri_CV_NETHERLANDS.docx,No,,https://www.glassdoor.com/job-listing/?jl=1010178727620,Amsterdam,8
Platform Engineer,Allseas Group,Delft,Netherlands,🇳🇱,1,Cloud Engineer,2026-08-13,2026-08-13,Glassdoor-Browser,No,On-site / Hybrid,90%,Not Specified,"AWS, Kubernetes, CI/CD, Terraform, Linux",Country_Resumes/Hemachandiran_Giri_CV_NETHERLANDS.docx,No,,https://www.glassdoor.com/job-listing/?jl=1009766354315,Delft,5
Site Reliability Engineer (SRE) AI Infrastructure (Early Career),Nebius,Amsterdam,Netherlands,🇳🇱,1,Cloud Engineer,2026-08-13,2026-08-13,Glassdoor-Browser,No,On-site / Hybrid,90%,Not Specified,"AWS, Kubernetes, CI/CD, Terraform, Linux",Country_Resumes/Hemachandiran_Giri_CV_NETHERLANDS.docx,No,,https://www.glassdoor.com/job-listing/?jl=1010082630835,Amsterdam,8
Junior Cloud Engineer,Exact,Delft,Netherlands,🇳🇱,1,Cloud Engineer,2026-08-13,2026-08-13,Glassdoor-Browser,No,On-site / Hybrid,90%,Not Specified,"AWS, Kubernetes, CI/CD, Terraform, Linux",Country_Resumes/Hemachandiran_Giri_CV_NETHERLANDS.docx,No,,https://www.glassdoor.com/job-listing/?jl=1009685191423,Delft,5
Medior/Senior Site Reliability Engineer (SRE),Online Payment Platform,Delft,Netherlands,🇳🇱,1,Cloud Engineer,2026-08-13,2026-08-13,Glassdoor-Browser,No,On-site / Hybrid,90%,Not Specified,"AWS, Kubernetes, CI/CD, Terraform, Linux",Country_Resumes/Hemachandiran_Giri_CV_NETHERLANDS.docx,No,,https://www.glassdoor.com/job-listing/?jl=1009695778174,Delft,5
DevOps Engineer / Site Reliability Engineer (SRE),Itility,Netherlands,Netherlands,🇳🇱,1,Site Reliability Engineer,2026-08-13,2026-08-13,Glassdoor-Browser,No,On-site / Hybrid,90%,Not Specified,"AWS, Kubernetes, CI/CD, Terraform, Linux",Country_Resumes/Hemachandiran_Giri_CV_NETHERLANDS.docx,No,,https://www.glassdoor.com/job-listing/?jl=1009990079978,Netherlands,4
Site Reliability / DevOps Engineer,Gynzy,Den Bosch,Netherlands,🇳🇱,1,Site Reliability Engineer,2026-08-13,2026-08-13,Glassdoor-Browser,No,On-site / Hybrid,90%,Not Specified,"AWS, Kubernetes, CI/CD, Terraform, Linux",Country_Resumes/Hemachandiran_Giri_CV_NETHERLANDS.docx,No,,https://www.glassdoor.com/job-listing/?jl=1010188176879,Den Bosch,1
Site Reliability Engineer,Capgemini,Utrecht,Netherlands,🇳🇱,1,Site Reliability Engineer,2026-08-13,2026-08-13,Glassdoor-Browser,No,On-site / Hybrid,90%,Not Specified,"AWS, Kubernetes, CI/CD, Terraform, Linux",Country_Resumes/Hemachandiran_Giri_CV_NETHERLANDS.docx,No,,https://www.glassdoor.com/job-listing/?jl=1010195753241,Utrecht,7
Site Reliability Engineer,UMBRiO,Maarssen,Netherlands,🇳🇱,1,Site Reliability Engineer,2026-08-13,2026-08-13,Glassdoor-Browser,No,On-site / Hybrid,90%,Not Specified,"AWS, Kubernetes, CI/CD, Terraform, Linux",Country_Resumes/Hemachandiran_Giri_CV_NETHERLANDS.docx,No,,https://www.glassdoor.com/job-listing/?jl=1009933208328,Maarssen,1
Senior Site Reliability Engineer,de Bijenkorf,Amsterdam,Netherlands,🇳🇱,1,Site Reliability Engineer,2026-08-13,2026-08-13,Glassdoor-Browser,No,On-site / Hybrid,90%,Not Specified,"AWS, Kubernetes, CI/CD, Terraform, Linux",Country_Resumes/Hemachandiran_Giri_CV_NETHERLANDS.docx,No,,https://www.glassdoor.com/job-listing/?jl=1010063541851,Amsterdam,8
DevOps/Platform Engineer,inQdo,Nieuwegein,Netherlands,🇳🇱,1,Site Reliability Engineer,2026-08-13,2026-08-13,Glassdoor-Browser,No,On-site / Hybrid,90%,Not Specified,"AWS, Kubernetes, CI/CD, Terraform, Linux",Country_Resumes/Hemachandiran_Giri_CV_NETHERLANDS.docx,No,,https://www.glassdoor.com/job-listing/?jl=1009270925783,Nieuwegein,4
Site Reliability Engineer,MoneyBird,Enschede,Netherlands,🇳🇱,1,Site Reliability Engineer,2026-08-13,2026-08-13,Glassdoor-Browser,No,On-site / Hybrid,90%,Not Specified,"AWS, Kubernetes, CI/CD, Terraform, Linux",Country_Resumes/Hemachandiran_Giri_CV_NETHERLANDS.docx,No,,https://www.glassdoor.com/job-listing/?jl=1009312368590,Enschede,1
Senior Reliability Engineer,PDM,Best,Netherlands,🇳🇱,1,Site Reliability Engineer,2026-08-13,2026-08-13,Glassdoor-Browser,No,On-site / Hybrid,90%,Not Specified,"AWS, Kubernetes, CI/CD, Terraform, Linux",Country_Resumes/Hemachandiran_Giri_CV_NETHERLANDS.docx,No,,https://www.glassdoor.com/job-listing/?jl=1010125382443,Best,2
Senior Cloud Engineer,Schuberg Philis,Best,Netherlands,🇳🇱,1,Site Reliability Engineer,2026-08-13,2026-08-13,Glassdoor-Browser,No,On-site / Hybrid,90%,Not Specified,"AWS, Kubernetes, CI/CD, Terraform, Linux",Country_Resumes/Hemachandiran_Giri_CV_NETHERLANDS.docx,No,,https://www.glassdoor.com/job-listing/?jl=1010112618545,Best,2
Site Reliability Consultant,Capgemini,Utrecht,Netherlands,🇳🇱,1,Site Reliability Engineer,2026-08-13,2026-08-13,Glassdoor-Browser,No,On-site / Hybrid,90%,Not Specified,"AWS, Kubernetes, CI/CD, Terraform, Linux",Country_Resumes/Hemachandiran_Giri_CV_NETHERLANDS.docx,No,,https://www.glassdoor.com/job-listing/?jl=1010195377684,Utrecht,7
Azure Data Engineer,Ilionx,Utrecht,Netherlands,🇳🇱,1,Platform Engineer,2026-08-13,2026-08-13,Glassdoor-Browser,No,On-site / Hybrid,80%,Not Specified,Azure,Country_Resumes/Hemachandiran_Giri_CV_NETHERLANDS.docx,No,,https://www.glassdoor.com/job-listing/?jl=1009992420388,Utrecht,7
Senior Devops/platform Engineer AWS,Good Company (Netherlands),Nieuwegein,Netherlands,🇳🇱,1,Platform Engineer,2026-08-13,2026-08-13,Glassdoor-Browser,No,On-site / Hybrid,90%,Not Specified,AWS,Country_Resumes/Hemachandiran_Giri_CV_NETHERLANDS.docx,No,,https://www.glassdoor.com/job-listing/?jl=1009614860230,Nieuwegein,4
Cloud DevOps Engineer,Capgemini,Utrecht,Netherlands,🇳🇱,1,Platform Engineer,2026-08-13,2026-08-13,Glassdoor-Browser,No,On-site / Hybrid,90%,Not Specified,"AWS, Kubernetes, CI/CD, Terraform, Linux",Country_Resumes/Hemachandiran_Giri_CV_NETHERLANDS.docx,No,,https://www.glassdoor.com/job-listing/?jl=1010196075073,Utrecht,7
Cloud / Platform Engineer (Inhouse),Good Company (Netherlands),Baarn,Netherlands,🇳🇱,1,Platform Engineer,2026-08-13,2026-08-13,Glassdoor-Browser,No,On-site / Hybrid,90%,Not Specified,"AWS, Kubernetes, CI/CD, Terraform, Linux",Country_Resumes/Hemachandiran_Giri_CV_NETHERLANDS.docx,No,,https://www.glassdoor.com/job-listing/?jl=1009719186532,Baarn,1
! Cloud DevOps Engineer,Horizon Technologies,Israel,Ireland,🇮🇪,1,DevOps Engineer,2026-08-13,2026-08-13,Glassdoor-Browser,No,On-site / Hybrid,90%,Not Specified,"AWS, Kubernetes, CI/CD, Terraform, Linux",Country_Resumes/Hemachandiran_Giri_CV_IRELAND.docx,No,,https://www.glassdoor.com/job-listing/?jl=1010168903374,Israel,40
DevOps Engineer,Prologic (Israel),Israel,Ireland,🇮🇪,1,DevOps Engineer,2026-08-13,2026-08-13,Glassdoor-Browser,No,On-site / Hybrid,90%,Not Specified,"AWS, Kubernetes, CI/CD, Terraform, Linux",Country_Resumes/Hemachandiran_Giri_CV_IRELAND.docx,No,,https://www.glassdoor.com/job-listing/?jl=1009605364718,Israel,40
DevOps Engineer,Horizon Technologies,Israel,Ireland,🇮🇪,1,DevOps Engineer,2026-08-13,2026-08-13,Glassdoor-Browser,No,On-site / Hybrid,90%,Not Specified,"AWS, Kubernetes, CI/CD, Terraform, Linux",Country_Resumes/Hemachandiran_Giri_CV_IRELAND.docx,No,,https://www.glassdoor.com/job-listing/?jl=1007850735835,Israel,40
GCP Cloud & DevOps Engineer,Horizon Technologies,Israel,Ireland,🇮🇪,1,DevOps Engineer,2026-08-13,2026-08-13,Glassdoor-Browser,No,On-site / Hybrid,90%,Not Specified,GCP,Country_Resumes/Hemachandiran_Giri_CV_IRELAND.docx,No,,https://www.glassdoor.com/job-listing/?jl=1010069024793,Israel,40
DevOps Engineer,Logica-IT,Israel,Ireland,🇮🇪,1,DevOps Engineer,2026-08-13,2026-08-13,Glassdoor-Browser,No,On-site / Hybrid,90%,Not Specified,"AWS, Kubernetes, CI/CD, Terraform, Linux",Country_Resumes/Hemachandiran_Giri_CV_IRELAND.docx,No,,https://www.glassdoor.com/job-listing/?jl=1010213533566,Israel,40
Senior GCP Cloud & DevOps Engineer,Horizon Technologies,Israel,Ireland,🇮🇪,1,DevOps Engineer,2026-08-13,2026-08-13,Glassdoor-Browser,No,On-site / Hybrid,90%,Not Specified,GCP,Country_Resumes/Hemachandiran_Giri_CV_IRELAND.docx,No,,https://www.glassdoor.com/job-listing/?jl=1010069024871,Israel,40
מפתח DevOps גוניור,Altshuler Shaham Investment House,Tel Aviv,Ireland,🇮🇪,1,DevOps Engineer,2026-08-13,2026-08-13,Glassdoor-Browser,No,On-site / Hybrid,90%,Not Specified,"AWS, Kubernetes, CI/CD, Terraform, Linux",Country_Resumes/Hemachandiran_Giri_CV_IRELAND.docx,No,,https://www.glassdoor.com/job-listing/?jl=1010204465490,Tel Aviv,1
one טכנולוגיות מגייסת DevOps Engineer AWS היברידי לארגון מממשלתי בירושלים,one פתרונות טכנולוגיים,Israel,Ireland,🇮🇪,1,DevOps Engineer,2026-08-13,2026-08-13,Glassdoor-Browser,No,On-site / Hybrid,90%,Not Specified,AWS,Country_Resumes/Hemachandiran_Giri_CV_IRELAND.docx,No,,https://www.glassdoor.com/job-listing/?jl=1010005962912,Israel,40
מהנדס/ת תשתיות ענן (Azure Cloud Infrastructure Engineer),Yael Group,Israel,Ireland,🇮🇪,1,DevOps Engineer,2026-08-13,2026-08-13,Glassdoor-Browser,No,On-site / Hybrid,90%,Not Specified,Azure,Country_Resumes/Hemachandiran_Giri_CV_IRELAND.docx,No,,https://www.glassdoor.com/job-listing/?jl=1010160399427,Israel,40
Cloud Security Engineer,"עידור מחשבים בע""מ",Israel,Ireland,🇮🇪,1,DevOps Engineer,2026-08-13,2026-08-13,Glassdoor-Browser,No,On-site / Hybrid,90%,Not Specified,"AWS, Kubernetes, CI/CD, Terraform, Linux",Country_Resumes/Hemachandiran_Giri_CV_IRELAND.docx,No,,https://www.glassdoor.com/job-listing/?jl=1010181606006,Israel,40
Site Reliability Engineer,Coralogix,Israel,Ireland,🇮🇪,1,Cloud Engineer,2026-08-13,2026-08-13,Glassdoor-Browser,No,On-site / Hybrid,90%,Not Specified,"AWS, Kubernetes, CI/CD, Terraform, Linux",Country_Resumes/Hemachandiran_Giri_CV_IRELAND.docx,No,,https://www.glassdoor.com/job-listing/?jl=1010204370232,Israel,40
Senior DevOps / Platform Engineer,Maof HR,Israel,Ireland,🇮🇪,1,Cloud Engineer,2026-08-13,2026-08-13,Glassdoor-Browser,No,On-site / Hybrid,90%,Not Specified,"AWS, Kubernetes, CI/CD, Terraform, Linux",Country_Resumes/Hemachandiran_Giri_CV_IRELAND.docx,No,,https://www.glassdoor.com/job-listing/?jl=1010226555907,Israel,40
Devops Infra/cloud Engineer,Applied Materials,Israel,Ireland,🇮🇪,1,Cloud Engineer,2026-08-13,2026-08-13,Glassdoor-Browser,No,On-site / Hybrid,90%,Not Specified,"AWS, Kubernetes, CI/CD, Terraform, Linux",Country_Resumes/Hemachandiran_Giri_CV_IRELAND.docx,No,,https://www.glassdoor.com/job-listing/?jl=1010137489852,Israel,40
Principal DevOps Engineer (DevOps Platform),Palo Alto Networks,Israel,Ireland,🇮🇪,1,Cloud Engineer,2026-08-13,2026-08-13,Glassdoor-Browser,No,On-site / Hybrid,90%,Not Specified,"AWS, Kubernetes, CI/CD, Terraform, Linux",Country_Resumes/Hemachandiran_Giri_CV_IRELAND.docx,No,,https://www.glassdoor.com/job-listing/?jl=1010177027521,Israel,40
Site Reliability Engineer | AI Infrastructure,Jones Lang LaSalle,Israel,Ireland,🇮🇪,1,Cloud Engineer,2026-08-13,2026-08-13,Glassdoor-Browser,No,On-site / Hybrid,90%,Not Specified,"AWS, Kubernetes, CI/CD, Terraform, Linux",Country_Resumes/Hemachandiran_Giri_CV_IRELAND.docx,No,,https://www.glassdoor.com/job-listing/?jl=1010074831112,Israel,40
DevOps Engineer,ThetaRay,Israel,Ireland,🇮🇪,1,Cloud Engineer,2026-08-13,2026-08-13,Glassdoor-Browser,No,On-site / Hybrid,90%,Not Specified,"AWS, Kubernetes, CI/CD, Terraform, Linux",Country_Resumes/Hemachandiran_Giri_CV_IRELAND.docx,No,,https://www.glassdoor.com/job-listing/?jl=1010214968953,Israel,40
DevOps Platform Engineer,AppsFlyer,Israel,Ireland,🇮🇪,1,Cloud Engineer,2026-08-13,2026-08-13,Glassdoor-Browser,No,On-site / Hybrid,90%,Not Specified,"AWS, Kubernetes, CI/CD, Terraform, Linux",Country_Resumes/Hemachandiran_Giri_CV_IRELAND.docx,No,,https://www.glassdoor.com/job-listing/?jl=1010227350536,Israel,40
Infrastructure & DevOps Engineer,ERGO NEXT,Israel,Ireland,🇮🇪,1,Cloud Engineer,2026-08-13,2026-08-13,Glassdoor-Browser,No,On-site / Hybrid,90%,Not Specified,"AWS, Kubernetes, CI/CD, Terraform, Linux",Country_Resumes/Hemachandiran_Giri_CV_IRELAND.docx,No,,https://www.glassdoor.com/job-listing/?jl=1010201192700,Israel,40
DevOps Engineer,ClearML,Israel,Ireland,🇮🇪,1,Cloud Engineer,2026-08-13,2026-08-13,Glassdoor-Browser,No,On-site / Hybrid,90%,Not Specified,"AWS, Kubernetes, CI/CD, Terraform, Linux",Country_Resumes/Hemachandiran_Giri_CV_IRELAND.docx,No,,https://www.glassdoor.com/job-listing/?jl=1008578323661,Israel,40
Senior DevOps / Site Reliability Engineer (SRE),Lendbuzz,Israel,Ireland,🇮🇪,1,Site Reliability Engineer,2026-08-13,2026-08-13,Glassdoor-Browser,No,On-site / Hybrid,90%,Not Specified,"AWS, Kubernetes, CI/CD, Terraform, Linux",Country_Resumes/Hemachandiran_Giri_CV_IRELAND.docx,No,,https://www.glassdoor.com/job-listing/?jl=1010138315512,Israel,40
Site Reliability Engineer - Algorithmic Trading,DRW,Israel,Ireland,🇮🇪,1,Site Reliability Engineer,2026-08-13,2026-08-13,Glassdoor-Browser,No,On-site / Hybrid,90%,Not Specified,"AWS, Kubernetes, CI/CD, Terraform, Linux",Country_Resumes/Hemachandiran_Giri_CV_IRELAND.docx,No,,https://www.glassdoor.com/job-listing/?jl=1010133918535,Israel,40
Senior Staff DevOps Engineer (Secure Cloud Access),Palo Alto Networks,Israel,Ireland,🇮🇪,1,Site Reliability Engineer,2026-08-13,2026-08-13,Glassdoor-Browser,No,On-site / Hybrid,90%,Not Specified,"AWS, Kubernetes, CI/CD, Terraform, Linux",Country_Resumes/Hemachandiran_Giri_CV_IRELAND.docx,No,,https://www.glassdoor.com/job-listing/?jl=1010161685079,Israel,40
Senior Cloud DevOps Engineer,Cyngular Security,Israel,Ireland,🇮🇪,1,Site Reliability Engineer,2026-08-13,2026-08-13,Glassdoor-Browser,No,On-site / Hybrid,90%,Not Specified,"AWS, Kubernetes, CI/CD, Terraform, Linux",Country_Resumes/Hemachandiran_Giri_CV_IRELAND.docx,No,,https://www.glassdoor.com/job-listing/?jl=1009790689515,Israel,40
Senior Site Reliability Engineer (SRE),Taboola,Israel,Ireland,🇮🇪,1,Site Reliability Engineer,2026-08-13,2026-08-13,Glassdoor-Browser,No,On-site / Hybrid,90%,Not Specified,"AWS, Kubernetes, CI/CD, Terraform, Linux",Country_Resumes/Hemachandiran_Giri_CV_IRELAND.docx,No,,https://www.glassdoor.com/job-listing/?jl=1010210267768,Israel,40
DevOps Engineer,Litt (France),Israel,Ireland,🇮🇪,1,Site Reliability Engineer,2026-08-13,2026-08-13,Glassdoor-Browser,No,On-site / Hybrid,90%,Not Specified,"AWS, Kubernetes, CI/CD, Terraform, Linux",Country_Resumes/Hemachandiran_Giri_CV_IRELAND.docx,No,,https://www.glassdoor.com/job-listing/?jl=1010029612090,Israel,40
DevOps Engineer,Incredibuild,Israel,Ireland,🇮🇪,1,Site Reliability Engineer,2026-08-13,2026-08-13,Glassdoor-Browser,No,On-site / Hybrid,90%,Not Specified,"AWS, Kubernetes, CI/CD, Terraform, Linux",Country_Resumes/Hemachandiran_Giri_CV_IRELAND.docx,No,,https://www.glassdoor.com/job-listing/?jl=1010167948231,Israel,40
Senior DevOps Engineer - Site Only,Autobrains,Israel,Ireland,🇮🇪,1,Site Reliability Engineer,2026-08-13,2026-08-13,Glassdoor-Browser,No,On-site / Hybrid,90%,Not Specified,"AWS, Kubernetes, CI/CD, Terraform, Linux",Country_Resumes/Hemachandiran_Giri_CV_IRELAND.docx,No,,https://www.glassdoor.com/job-listing/?jl=1010181746343,Israel,40
Cloud Engineer / DevOps Engineer (GenAI & GCP Focus),Yael Group,Israel,Ireland,🇮🇪,1,Platform Engineer,2026-08-13,2026-08-13,Glassdoor-Browser,No,On-site / Hybrid,90%,Not Specified,GCP,Country_Resumes/Hemachandiran_Giri_CV_IRELAND.docx,No,,https://www.glassdoor.com/job-listing/?jl=1010161295803,Israel,40
Cloud / DevOps Engineer,Ed:Za,Stockholm,Sweden,🇸🇪,1,DevOps Engineer,2026-08-13,2026-08-13,Glassdoor-Browser,No,On-site / Hybrid,90%,Not Specified,"AWS, Kubernetes, CI/CD, Terraform, Linux",Country_Resumes/Hemachandiran_Giri_CV_SWEDEN.docx,No,,https://www.glassdoor.com/job-listing/?jl=1010172402614,Stockholm,15
Cloud / DevOps Engineer,Ed:Za,Stockholm,Sweden,🇸🇪,1,DevOps Engineer,2026-08-13,2026-08-13,Glassdoor-Browser,No,On-site / Hybrid,90%,Not Specified,"AWS, Kubernetes, CI/CD, Terraform, Linux",Country_Resumes/Hemachandiran_Giri_CV_SWEDEN.docx,No,,https://www.glassdoor.com/job-listing/?jl=1010220979428,Stockholm,15
DevOps Engineer / Platform Engineer,Liminity AB,Stockholm,Sweden,🇸🇪,1,DevOps Engineer,2026-08-13,2026-08-13,Glassdoor-Browser,No,On-site / Hybrid,90%,Not Specified,"AWS, Kubernetes, CI/CD, Terraform, Linux",Country_Resumes/Hemachandiran_Giri_CV_SWEDEN.docx,No,,https://www.glassdoor.com/job-listing/?jl=1010054461097,Stockholm,15
DevOps/Cloud Engineer,Nexer,Gothenburg,Sweden,🇸🇪,1,DevOps Engineer,2026-08-13,2026-08-13,Glassdoor-Browser,No,On-site / Hybrid,90%,Not Specified,"AWS, Kubernetes, CI/CD, Terraform, Linux",Country_Resumes/Hemachandiran_Giri_CV_SWEDEN.docx,No,,https://www.glassdoor.com/job-listing/?jl=1009977801027,Gothenburg,1
Cloud Platform Engineer,Iver,Norrköping,Sweden,🇸🇪,1,DevOps Engineer,2026-08-13,2026-08-13,Glassdoor-Browser,No,On-site / Hybrid,90%,Not Specified,"AWS, Kubernetes, CI/CD, Terraform, Linux",Country_Resumes/Hemachandiran_Giri_CV_SWEDEN.docx,No,,https://www.glassdoor.com/job-listing/?jl=1010178362446,Norrköping,1
Devops Engineer,Teleoffice Viewcom AB,Danderyd,Sweden,🇸🇪,1,DevOps Engineer,2026-08-13,2026-08-13,Glassdoor-Browser,No,On-site / Hybrid,90%,Not Specified,"AWS, Kubernetes, CI/CD, Terraform, Linux",Country_Resumes/Hemachandiran_Giri_CV_SWEDEN.docx,No,,https://www.glassdoor.com/job-listing/?jl=1010216878742,Danderyd,1
DevOps Engineer - Test Platform,Friday Tech Recruitment,Hässleholm,Sweden,🇸🇪,1,DevOps Engineer,2026-08-13,2026-08-13,Glassdoor-Browser,No,On-site / Hybrid,90%,Not Specified,"AWS, Kubernetes, CI/CD, Terraform, Linux",Country_Resumes/Hemachandiran_Giri_CV_SWEDEN.docx,No,,https://www.glassdoor.com/job-listing/?jl=1010179538639,Hässleholm,1
DevOps Engineer med kompetens inom Cloud!,IP-Solutions,Stockholm,Sweden,🇸🇪,1,DevOps Engineer,2026-08-13,2026-08-13,Glassdoor-Browser,No,On-site / Hybrid,90%,Not Specified,"AWS, Kubernetes, CI/CD, Terraform, Linux",Country_Resumes/Hemachandiran_Giri_CV_SWEDEN.docx,No,,https://www.glassdoor.com/job-listing/?jl=1008994006885,Stockholm,15
Platform Engineer/DevOps Engineer till Knowit,Knowit,Stockholm,Sweden,🇸🇪,1,DevOps Engineer,2026-08-13,2026-08-13,Glassdoor-Browser,No,On-site / Hybrid,90%,Not Specified,"AWS, Kubernetes, CI/CD, Terraform, Linux",Country_Resumes/Hemachandiran_Giri_CV_SWEDEN.docx,No,,https://www.glassdoor.com/job-listing/?jl=1010218464174,Stockholm,15
Devops Engineer,Jobway,Trelleborg,Sweden,🇸🇪,1,DevOps Engineer,2026-08-13,2026-08-13,Glassdoor-Browser,No,On-site / Hybrid,90%,Not Specified,"AWS, Kubernetes, CI/CD, Terraform, Linux",Country_Resumes/Hemachandiran_Giri_CV_SWEDEN.docx,No,,https://www.glassdoor.com/job-listing/?jl=1010180656603,Trelleborg,1
Cloud Platform Engineer,Forefront (IL),Stockholm,Sweden,🇸🇪,1,Cloud Engineer,2026-08-13,2026-08-13,Glassdoor-Browser,No,On-site / Hybrid,90%,Not Specified,"AWS, Kubernetes, CI/CD, Terraform, Linux",Country_Resumes/Hemachandiran_Giri_CV_SWEDEN.docx,No,,https://www.glassdoor.com/job-listing/?jl=1010102529199,Stockholm,15
Cloud Platform Engineer,Forefront Consulting,Stockholm,Sweden,🇸🇪,1,Cloud Engineer,2026-08-13,2026-08-13,Glassdoor-Browser,No,On-site / Hybrid,90%,Not Specified,"AWS, Kubernetes, CI/CD, Terraform, Linux",Country_Resumes/Hemachandiran_Giri_CV_SWEDEN.docx,No,,https://www.glassdoor.com/job-listing/?jl=1010067352341,Stockholm,15
Platform Engineer,Avanza (Sweden),Stockholm,Sweden,🇸🇪,1,Cloud Engineer,2026-08-13,2026-08-13,Glassdoor-Browser,No,On-site / Hybrid,90%,Not Specified,"AWS, Kubernetes, CI/CD, Terraform, Linux",Country_Resumes/Hemachandiran_Giri_CV_SWEDEN.docx,No,,https://www.glassdoor.com/job-listing/?jl=1010194419757,Stockholm,15
Cloud Engineer/Cloud Specialist,Needefy,Kista,Sweden,🇸🇪,1,Cloud Engineer,2026-08-13,2026-08-13,Glassdoor-Browser,No,On-site / Hybrid,90%,Not Specified,"AWS, Kubernetes, CI/CD, Terraform, Linux",Country_Resumes/Hemachandiran_Giri_CV_SWEDEN.docx,No,,https://www.glassdoor.com/job-listing/?jl=1007090962384,Kista,1
Platform Engineer,Iver,Malmö,Sweden,🇸🇪,1,Cloud Engineer,2026-08-13,2026-08-13,Glassdoor-Browser,No,On-site / Hybrid,90%,Not Specified,"AWS, Kubernetes, CI/CD, Terraform, Linux",Country_Resumes/Hemachandiran_Giri_CV_SWEDEN.docx,No,,https://www.glassdoor.com/job-listing/?jl=1010189736725,Malmö,2
Infrastructure & Platform Engineer till BM System,BM system,Uppsala,Sweden,🇸🇪,1,Cloud Engineer,2026-08-13,2026-08-13,Glassdoor-Browser,No,On-site / Hybrid,90%,Not Specified,"AWS, Kubernetes, CI/CD, Terraform, Linux",Country_Resumes/Hemachandiran_Giri_CV_SWEDEN.docx,No,,https://www.glassdoor.com/job-listing/?jl=1010167256520,Uppsala,1
Senior Site Reliability Engineer (SRE) till vårt kontor i Karlskrona,DevPort,Karlskrona,Sweden,🇸🇪,1,Site Reliability Engineer,2026-08-13,2026-08-13,Glassdoor-Browser,No,On-site / Hybrid,90%,Not Specified,"AWS, Kubernetes, CI/CD, Terraform, Linux",Country_Resumes/Hemachandiran_Giri_CV_SWEDEN.docx,No,,https://www.glassdoor.com/job-listing/?jl=1010175720958,Karlskrona,1
AI Platform Engineer,Advania,Stockholm,Sweden,🇸🇪,1,Site Reliability Engineer,2026-08-13,2026-08-13,Glassdoor-Browser,No,On-site / Hybrid,90%,Not Specified,"AWS, Kubernetes, CI/CD, Terraform, Linux",Country_Resumes/Hemachandiran_Giri_CV_SWEDEN.docx,No,,https://www.glassdoor.com/job-listing/?jl=1010094627322,Stockholm,15
Senior DevOps Engineer,Needefy,Malmö,Sweden,🇸🇪,1,Site Reliability Engineer,2026-08-13,2026-08-13,Glassdoor-Browser,No,On-site / Hybrid,90%,Not Specified,"AWS, Kubernetes, CI/CD, Terraform, Linux",Country_Resumes/Hemachandiran_Giri_CV_SWEDEN.docx,No,,https://www.glassdoor.com/job-listing/?jl=1009669446491,Malmö,2
AI Engineer,Advania,Stockholm,Sweden,🇸🇪,1,Site Reliability Engineer,2026-08-13,2026-08-13,Glassdoor-Browser,No,On-site / Hybrid,80%,Not Specified,"AWS, Kubernetes, CI/CD, Terraform, Linux",Country_Resumes/Hemachandiran_Giri_CV_SWEDEN.docx,No,,https://www.glassdoor.com/job-listing/?jl=1010108469443,Stockholm,15
Underhållsinspektör,Nouryon,Sundsvall,Sweden,🇸🇪,1,Site Reliability Engineer,2026-08-13,2026-08-13,Glassdoor-Browser,No,On-site / Hybrid,80%,Not Specified,"AWS, Kubernetes, CI/CD, Terraform, Linux",Country_Resumes/Hemachandiran_Giri_CV_SWEDEN.docx,No,,https://www.glassdoor.com/job-listing/?jl=1010175761752,Sundsvall,2
Backendutvecklare,Elastx AB,Stockholm,Sweden,🇸🇪,1,Site Reliability Engineer,2026-08-13,2026-08-13,Glassdoor-Browser,No,On-site / Hybrid,80%,Not Specified,"AWS, Kubernetes, CI/CD, Terraform, Linux",Country_Resumes/Hemachandiran_Giri_CV_SWEDEN.docx,No,,https://www.glassdoor.com/job-listing/?jl=1009703572569,Stockholm,15
Underhållsinspektör,Nouryon,Sundsvall,Sweden,🇸🇪,1,Site Reliability Engineer,2026-08-13,2026-08-13,Glassdoor-Browser,No,On-site / Hybrid,80%,Not Specified,"AWS, Kubernetes, CI/CD, Terraform, Linux",Country_Resumes/Hemachandiran_Giri_CV_SWEDEN.docx,No,,https://www.glassdoor.com/job-listing/?jl=1010176999502,Sundsvall,2
Infrastructure Engineering Manager (SRE),Fortnox,Växjö,Sweden,🇸🇪,1,Site Reliability Engineer,2026-08-13,2026-08-13,Glassdoor-Browser,No,On-site / Hybrid,90%,Not Specified,"AWS, Kubernetes, CI/CD, Terraform, Linux",Country_Resumes/Hemachandiran_Giri_CV_SWEDEN.docx,No,,https://www.glassdoor.com/job-listing/?jl=1010213879583,Växjö,2
Platform Engineer,Guided Talent Solutions,Stockholm,Sweden,🇸🇪,1,Platform Engineer,2026-08-13,2026-08-13,Glassdoor-Browser,No,On-site / Hybrid,90%,Not Specified,"AWS, Kubernetes, CI/CD, Terraform, Linux",Country_Resumes/Hemachandiran_Giri_CV_SWEDEN.docx,No,,https://www.glassdoor.com/job-listing/?jl=1010172682047,Stockholm,15
Azure Platform & Reliability Engineer,WeQuel,Stockholm,Sweden,🇸🇪,1,Platform Engineer,2026-08-13,2026-08-13,Glassdoor-Browser,No,On-site / Hybrid,90%,Not Specified,Azure,Country_Resumes/Hemachandiran_Giri_CV_SWEDEN.docx,No,,https://www.glassdoor.com/job-listing/?jl=1010141091069,Stockholm,15
Integration Platform Engineer,Länsförsäkringar,Stockholm,Sweden,🇸🇪,1,Platform Engineer,2026-08-13,2026-08-13,Glassdoor-Browser,No,On-site / Hybrid,90%,Not Specified,"AWS, Kubernetes, CI/CD, Terraform, Linux",Country_Resumes/Hemachandiran_Giri_CV_SWEDEN.docx,No,,https://www.glassdoor.com/job-listing/?jl=1010179597228,Stockholm,15
Cloud Platform Engineer,Iver,Linköping,Sweden,🇸🇪,1,Platform Engineer,2026-08-13,2026-08-13,Glassdoor-Browser,No,On-site / Hybrid,90%,Not Specified,"AWS, Kubernetes, CI/CD, Terraform, Linux",Country_Resumes/Hemachandiran_Giri_CV_SWEDEN.docx,No,,https://www.glassdoor.com/job-listing/?jl=1010178362221,Linköping,2
DevOps Engineer,Edora,Copenhagen,Denmark,🇩🇰,1,DevOps Engineer,2026-08-13,2026-08-13,Glassdoor-Browser,No,On-site / Hybrid,90%,Not Specified,"AWS, Kubernetes, CI/CD, Terraform, Linux",Country_Resumes/Hemachandiran_Giri_CV_DENMARK.docx,No,,https://www.glassdoor.com/job-listing/?jl=1010192763118,Copenhagen,19
DevOps Engineer,Asgaard Recruitment,Aarhus,Denmark,🇩🇰,1,DevOps Engineer,2026-08-13,2026-08-13,Glassdoor-Browser,No,On-site / Hybrid,90%,Not Specified,"AWS, Kubernetes, CI/CD, Terraform, Linux",Country_Resumes/Hemachandiran_Giri_CV_DENMARK.docx,No,,https://www.glassdoor.com/job-listing/?jl=1010103550668,Aarhus,6
"Systems Engineer, DevOps",team.blue,Skanderborg,Denmark,🇩🇰,1,DevOps Engineer,2026-08-13,2026-08-13,Glassdoor-Browser,No,On-site / Hybrid,90%,Not Specified,"AWS, Kubernetes, CI/CD, Terraform, Linux",Country_Resumes/Hemachandiran_Giri_CV_DENMARK.docx,No,,https://www.glassdoor.com/job-listing/?jl=1009845340223,Skanderborg,1
"Ingeniørpraktikant, Digital Engineering til efteråret 2026",SYSTRA,Copenhagen,Denmark,🇩🇰,1,DevOps Engineer,2026-08-13,2026-08-13,Glassdoor-Browser,No,On-site / Hybrid,80%,Not Specified,"AWS, Kubernetes, CI/CD, Terraform, Linux",Country_Resumes/Hemachandiran_Giri_CV_DENMARK.docx,No,,https://www.glassdoor.com/job-listing/?jl=1010053591196,Copenhagen,19
Power Platform Specialist til Semler IT,Semler Gruppen,Brøndby Strand,Denmark,🇩🇰,1,DevOps Engineer,2026-08-13,2026-08-13,Glassdoor-Browser,No,On-site / Hybrid,90%,Not Specified,"AWS, Kubernetes, CI/CD, Terraform, Linux",Country_Resumes/Hemachandiran_Giri_CV_DENMARK.docx,No,,https://www.glassdoor.com/job-listing/?jl=1010169842741,Brøndby Strand,1
DevOps Engineer – Aalborg,Trifork,Aalborg,Denmark,🇩🇰,1,DevOps Engineer,2026-08-13,2026-08-13,Glassdoor-Browser,No,On-site / Hybrid,90%,Not Specified,"AWS, Kubernetes, CI/CD, Terraform, Linux",Country_Resumes/Hemachandiran_Giri_CV_DENMARK.docx,No,,https://www.glassdoor.com/job-listing/?jl=1010166876255,Aalborg,1
Test Automation Engineer,Edora,Copenhagen,Denmark,🇩🇰,1,DevOps Engineer,2026-08-13,2026-08-13,Glassdoor-Browser,No,On-site / Hybrid,80%,Not Specified,"AWS, Kubernetes, CI/CD, Terraform, Linux",Country_Resumes/Hemachandiran_Giri_CV_DENMARK.docx,No,,https://www.glassdoor.com/job-listing/?jl=1010192763531,Copenhagen,19
Microsoft Business Intelligence Konsulent - Stillingsopslag,BIWise A/S,Copenhagen,Denmark,🇩🇰,1,DevOps Engineer,2026-08-13,2026-08-13,Glassdoor-Browser,No,On-site / Hybrid,80%,Not Specified,"AWS, Kubernetes, CI/CD, Terraform, Linux",Country_Resumes/Hemachandiran_Giri_CV_DENMARK.docx,No,,https://www.glassdoor.com/job-listing/?jl=1009404182853,Copenhagen,19
Similix | Senior Data Engineer,Sid Factor 7,Copenhagen,Denmark,🇩🇰,1,DevOps Engineer,2026-08-13,2026-08-13,Glassdoor-Browser,No,On-site / Hybrid,80%,Not Specified,"AWS, Kubernetes, CI/CD, Terraform, Linux",Country_Resumes/Hemachandiran_Giri_CV_DENMARK.docx,No,,https://www.glassdoor.com/job-listing/?jl=1009768896864,Copenhagen,19
Bankdata - Senior Power Platform Architect,Kold +Partners,Fredericia,Denmark,🇩🇰,1,DevOps Engineer,2026-08-13,2026-08-13,Glassdoor-Browser,No,On-site / Hybrid,90%,Not Specified,"AWS, Kubernetes, CI/CD, Terraform, Linux",Country_Resumes/Hemachandiran_Giri_CV_DENMARK.docx,No,,https://www.glassdoor.com/job-listing/?jl=1010087320179,Fredericia,1
Platform Engineer – Open Source & Kubernetes,Knowit,Copenhagen,Denmark,🇩🇰,1,Cloud Engineer,2026-08-13,2026-08-13,Glassdoor-Browser,No,On-site / Hybrid,90%,Not Specified,Kubernetes,Country_Resumes/Hemachandiran_Giri_CV_DENMARK.docx,No,,https://www.glassdoor.com/job-listing/?jl=1010170556601,Copenhagen,19
Senior Cloud Engineer,Bankdata,Aarhus,Denmark,🇩🇰,1,Cloud Engineer,2026-08-13,2026-08-13,Glassdoor-Browser,No,On-site / Hybrid,90%,Not Specified,"AWS, Kubernetes, CI/CD, Terraform, Linux",Country_Resumes/Hemachandiran_Giri_CV_DENMARK.docx,No,,https://www.glassdoor.com/job-listing/?jl=1009988181903,Aarhus,6
Platform Engineer til Internal Developer Platform (IDP) Hos JP/Politikens Hus,JP/POL,Copenhagen,Denmark,🇩🇰,1,Cloud Engineer,2026-08-13,2026-08-13,Glassdoor-Browser,No,On-site / Hybrid,90%,Not Specified,"AWS, Kubernetes, CI/CD, Terraform, Linux",Country_Resumes/Hemachandiran_Giri_CV_DENMARK.docx,No,,https://www.glassdoor.com/job-listing/?jl=1010196420492,Copenhagen,19
Cloud Sikkerhedsarkitekt,Jyske,Copenhagen,Denmark,🇩🇰,1,Cloud Engineer,2026-08-13,2026-08-13,Glassdoor-Browser,No,On-site / Hybrid,90%,Not Specified,"AWS, Kubernetes, CI/CD, Terraform, Linux",Country_Resumes/Hemachandiran_Giri_CV_DENMARK.docx,No,,https://www.glassdoor.com/job-listing/?jl=1010218879554,Copenhagen,19
Data Engineer,Stretch (Sweden),Copenhagen,Denmark,🇩🇰,1,Cloud Engineer,2026-08-13,2026-08-13,Glassdoor-Browser,No,On-site / Hybrid,80%,Not Specified,"AWS, Kubernetes, CI/CD, Terraform, Linux",Country_Resumes/Hemachandiran_Giri_CV_DENMARK.docx,No,,https://www.glassdoor.com/job-listing/?jl=1010123321961,Copenhagen,19
Senior Backend Developer / Platform Engineer med AI-interesse til Era│Aarhus,Generaxion,Aarhus,Denmark,🇩🇰,1,Cloud Engineer,2026-08-13,2026-08-13,Glassdoor-Browser,No,On-site / Hybrid,90%,Not Specified,"AWS, Kubernetes, CI/CD, Terraform, Linux",Country_Resumes/Hemachandiran_Giri_CV_DENMARK.docx,No,,https://www.glassdoor.com/job-listing/?jl=1010143030087,Aarhus,6
"Cloud udvikler (studiejob) - Cutting Edge(GEN AI, React, Javascript, Python, AWS, Open Source)",ARNVIND GROUP,Copenhagen,Denmark,🇩🇰,1,Cloud Engineer,2026-08-13,2026-08-13,Glassdoor-Browser,No,On-site / Hybrid,95%,Not Specified,"AWS, Python",Country_Resumes/Hemachandiran_Giri_CV_DENMARK.docx,No,,https://www.glassdoor.com/job-listing/?jl=1009970043766,Copenhagen,19
Frontend Engineer – Kommende Projekter,Etteplan Oyj,Herlev,Denmark,🇩🇰,1,Cloud Engineer,2026-08-13,2026-08-13,Glassdoor-Browser,No,On-site / Hybrid,80%,Not Specified,"AWS, Kubernetes, CI/CD, Terraform, Linux",Country_Resumes/Hemachandiran_Giri_CV_DENMARK.docx,No,,https://www.glassdoor.com/job-listing/?jl=1010172713141,Herlev,2
SRE & Platform Engineer,NNIT,Copenhagen,Denmark,🇩🇰,1,Site Reliability Engineer,2026-08-13,2026-08-13,Glassdoor-Browser,No,On-site / Hybrid,90%,Not Specified,"AWS, Kubernetes, CI/CD, Terraform, Linux",Country_Resumes/Hemachandiran_Giri_CV_DENMARK.docx,No,,https://www.glassdoor.com/job-listing/?jl=1010192520825,Copenhagen,19
Cloud Engineer,Dalux,Copenhagen,Denmark,🇩🇰,1,Site Reliability Engineer,2026-08-13,2026-08-13,Glassdoor-Browser,No,On-site / Hybrid,90%,Not Specified,"AWS, Kubernetes, CI/CD, Terraform, Linux",Country_Resumes/Hemachandiran_Giri_CV_DENMARK.docx,No,,https://www.glassdoor.com/job-listing/?jl=1010012222397,Copenhagen,19
Cloud DevOps Engineer,TrackMan,Hørsholm,Denmark,🇩🇰,1,Site Reliability Engineer,2026-08-13,2026-08-13,Glassdoor-Browser,No,On-site / Hybrid,90%,Not Specified,"AWS, Kubernetes, CI/CD, Terraform, Linux",Country_Resumes/Hemachandiran_Giri_CV_DENMARK.docx,No,,https://www.glassdoor.com/job-listing/?jl=1010196713651,Hørsholm,1
Platform Engineer,Relesys,Copenhagen,Denmark,🇩🇰,1,Site Reliability Engineer,2026-08-13,2026-08-13,Glassdoor-Browser,No,On-site / Hybrid,90%,Not Specified,"AWS, Kubernetes, CI/CD, Terraform, Linux",Country_Resumes/Hemachandiran_Giri_CV_DENMARK.docx,No,,https://www.glassdoor.com/job-listing/?jl=1010169243136,Copenhagen,19
Staff Software Engineer - Deployment Platform,Uber,Central Jutland,Denmark,🇩🇰,1,Site Reliability Engineer,2026-08-13,2026-08-13,Glassdoor-Browser,No,On-site / Hybrid,90%,Not Specified,"AWS, Kubernetes, CI/CD, Terraform, Linux",Country_Resumes/Hemachandiran_Giri_CV_DENMARK.docx,No,,https://www.glassdoor.com/job-listing/?jl=1010224485173,Central Jutland,1
Platform Engineer,Bankdata,Aarhus,Denmark,🇩🇰,1,Platform Engineer,2026-08-13,2026-08-13,Glassdoor-Browser,No,On-site / Hybrid,90%,Not Specified,"AWS, Kubernetes, CI/CD, Terraform, Linux",Country_Resumes/Hemachandiran_Giri_CV_DENMARK.docx,No,,https://www.glassdoor.com/job-listing/?jl=1010026530445,Aarhus,6
Junior Data Platform Engineer,Knowit,Copenhagen,Denmark,🇩🇰,1,Platform Engineer,2026-08-13,2026-08-13,Glassdoor-Browser,No,On-site / Hybrid,90%,Not Specified,"AWS, Kubernetes, CI/CD, Terraform, Linux",Country_Resumes/Hemachandiran_Giri_CV_DENMARK.docx,No,,https://www.glassdoor.com/job-listing/?jl=1010219240014,Copenhagen,19
Data Platform Engineer,Knowit,Copenhagen,Denmark,🇩🇰,1,Platform Engineer,2026-08-13,2026-08-13,Glassdoor-Browser,No,On-site / Hybrid,90%,Not Specified,"AWS, Kubernetes, CI/CD, Terraform, Linux",Country_Resumes/Hemachandiran_Giri_CV_DENMARK.docx,No,,https://www.glassdoor.com/job-listing/?jl=1010219240013,Copenhagen,19
Senior Data Platform Engineer,Knowit,Copenhagen,Denmark,🇩🇰,1,Platform Engineer,2026-08-13,2026-08-13,Glassdoor-Browser,No,On-site / Hybrid,90%,Not Specified,"AWS, Kubernetes, CI/CD, Terraform, Linux",Country_Resumes/Hemachandiran_Giri_CV_DENMARK.docx,No,,https://www.glassdoor.com/job-listing/?jl=1010219240011,Copenhagen,19
Application Platform Engineer - vær med til at bygge PFAs nye funktion for applikationsplatforme,PFA BANK,Copenhagen,Denmark,🇩🇰,1,Platform Engineer,2026-08-13,2026-08-13,Glassdoor-Browser,No,On-site / Hybrid,90%,Not Specified,"AWS, Kubernetes, CI/CD, Terraform, Linux",Country_Resumes/Hemachandiran_Giri_CV_DENMARK.docx,No,,https://www.glassdoor.com/job-listing/?jl=1010213233344,Copenhagen,19
DevOps Engineer,Steel Dynamics,"Fort Wayne, IN",Australia,🇦🇺,1,DevOps Engineer,2026-08-13,2026-08-13,Glassdoor-Browser,No,On-site / Hybrid,90%,Not Specified,"AWS, Kubernetes, CI/CD, Terraform, Linux",Country_Resumes/Hemachandiran_Giri_CV_AUSTRALIA.docx,No,,https://www.glassdoor.com/job-listing/?jl=1010059890988,Fort Wayne,6
Linux Systems Engineer / Infrastructure Administrator,Blue Heron InfoTech,"Fremont, IN",Australia,🇦🇺,1,Cloud Engineer,2026-08-13,2026-08-13,Glassdoor-Browser,No,On-site / Hybrid,95%,Not Specified,Linux,Country_Resumes/Hemachandiran_Giri_CV_AUSTRALIA.docx,No,,https://www.glassdoor.com/job-listing/?jl=1010219572828,Fremont,1
Senior Process Engineer,Yanfeng,"Bryan, OH",Australia,🇦🇺,1,Cloud Engineer,2026-08-13,2026-08-13,Glassdoor-Browser,No,On-site / Hybrid,80%,Not Specified,"AWS, Kubernetes, CI/CD, Terraform, Linux",Country_Resumes/Hemachandiran_Giri_CV_AUSTRALIA.docx,No,,https://www.glassdoor.com/job-listing/?jl=1010135805767,Bryan,2
Senior Controls Engineer,TriMas Packaging LLC,"Auburn, IN",Australia,🇦🇺,1,Cloud Engineer,2026-08-13,2026-08-13,Glassdoor-Browser,No,On-site / Hybrid,80%,Not Specified,"AWS, Kubernetes, CI/CD, Terraform, Linux",Country_Resumes/Hemachandiran_Giri_CV_AUSTRALIA.docx,No,,https://www.glassdoor.com/job-listing/?jl=1010141007946,Auburn,3
Senior Controls Engineer,TriMas,"Auburn, IN",Australia,🇦🇺,1,Cloud Engineer,2026-08-13,2026-08-13,Glassdoor-Browser,No,On-site / Hybrid,80%,Not Specified,"AWS, Kubernetes, CI/CD, Terraform, Linux",Country_Resumes/Hemachandiran_Giri_CV_AUSTRALIA.docx,No,,https://www.glassdoor.com/job-listing/?jl=1010140896521,Auburn,3
Senior Supplier Quality Engineer (PUQ-PQA),Bosch,"Albion, IN",Australia,🇦🇺,1,Cloud Engineer,2026-08-13,2026-08-13,Glassdoor-Browser,No,On-site / Hybrid,80%,Not Specified,"AWS, Kubernetes, CI/CD, Terraform, Linux",Country_Resumes/Hemachandiran_Giri_CV_AUSTRALIA.docx,No,,https://www.glassdoor.com/job-listing/?jl=1010226836217,Albion,2
"(USA) Senior Manager II, Site Engineer - Supply Chain",Walmart,"Auburn, IN",Australia,🇦🇺,1,Cloud Engineer,2026-08-13,2026-08-13,Glassdoor-Browser,No,On-site / Hybrid,80%,Not Specified,"AWS, Kubernetes, CI/CD, Terraform, Linux",Country_Resumes/Hemachandiran_Giri_CV_AUSTRALIA.docx,No,,https://www.glassdoor.com/job-listing/?jl=1010205954256,Auburn,3
Sr. Substation Project Engineer,ENTRUST Solutions Group,"Fort Wayne, IN",Australia,🇦🇺,1,Cloud Engineer,2026-08-13,2026-08-13,Glassdoor-Browser,No,On-site / Hybrid,80%,Not Specified,"AWS, Kubernetes, CI/CD, Terraform, Linux",Country_Resumes/Hemachandiran_Giri_CV_AUSTRALIA.docx,No,,https://www.glassdoor.com/job-listing/?jl=1010156406509,Fort Wayne,6
Municipal/Civil Senior Project Engineer,OHM Advisors,"Fort Wayne, IN",Australia,🇦🇺,1,Cloud Engineer,2026-08-13,2026-08-13,Glassdoor-Browser,No,On-site / Hybrid,80%,Not Specified,"AWS, Kubernetes, CI/CD, Terraform, Linux",Country_Resumes/Hemachandiran_Giri_CV_AUSTRALIA.docx,No,,https://www.glassdoor.com/job-listing/?jl=1010213658114,Fort Wayne,6
Sr. Quality Engineer,Optimal CAE,"Elkhart, IN",Australia,🇦🇺,1,Cloud Engineer,2026-08-13,2026-08-13,Glassdoor-Browser,No,On-site / Hybrid,80%,Not Specified,"AWS, Kubernetes, CI/CD, Terraform, Linux",Country_Resumes/Hemachandiran_Giri_CV_AUSTRALIA.docx,No,,https://www.glassdoor.com/job-listing/?jl=1010195581242,Elkhart,1
Senior Analytics Engineer,Premier Truck Rental (IN),"Fort Wayne, IN",Australia,🇦🇺,1,Cloud Engineer,2026-08-13,2026-08-13,Glassdoor-Browser,No,On-site / Hybrid,80%,Not Specified,"AWS, Kubernetes, CI/CD, Terraform, Linux",Country_Resumes/Hemachandiran_Giri_CV_AUSTRALIA.docx,No,,https://www.glassdoor.com/job-listing/?jl=1010208445727,Fort Wayne,6
3rd Shift Maintenance Technician,Flex-N-Gate,"Angola, IN",Australia,🇦🇺,1,Site Reliability Engineer,2026-08-13,2026-08-13,Glassdoor-Browser,No,On-site / Hybrid,80%,Not Specified,"AWS, Kubernetes, CI/CD, Terraform, Linux",Country_Resumes/Hemachandiran_Giri_CV_AUSTRALIA.docx,No,,https://www.glassdoor.com/job-listing/?jl=1010203393264,Angola,1
Controls Engineer,Fortune Brands Innovations,"Butler, IN",Australia,🇦🇺,1,Site Reliability Engineer,2026-08-13,2026-08-13,Glassdoor-Browser,No,On-site / Hybrid,80%,Not Specified,"AWS, Kubernetes, CI/CD, Terraform, Linux",Country_Resumes/Hemachandiran_Giri_CV_AUSTRALIA.docx,No,,https://www.glassdoor.com/job-listing/?jl=1010079189136,Butler,4
Maintenance Automation Engineer - Night Shift,Peak Workforce Solutions,"Albion, IN",Australia,🇦🇺,1,Site Reliability Engineer,2026-08-13,2026-08-13,Glassdoor-Browser,No,On-site / Hybrid,80%,Not Specified,"AWS, Kubernetes, CI/CD, Terraform, Linux",Country_Resumes/Hemachandiran_Giri_CV_AUSTRALIA.docx,No,,https://www.glassdoor.com/job-listing/?jl=1010226773743,Albion,2
Process Reliability Manager,Strategic Materials,"Ashley, IN",Australia,🇦🇺,1,Site Reliability Engineer,2026-08-13,2026-08-13,Glassdoor-Browser,No,On-site / Hybrid,90%,Not Specified,"AWS, Kubernetes, CI/CD, Terraform, Linux",Country_Resumes/Hemachandiran_Giri_CV_AUSTRALIA.docx,No,,https://www.glassdoor.com/job-listing/?jl=1010051834008,Ashley,1
Manufacturing Engineer,Multimatic Manufacturing,"Butler, IN",Australia,🇦🇺,1,Site Reliability Engineer,2026-08-13,2026-08-13,Glassdoor-Browser,No,On-site / Hybrid,80%,Not Specified,"AWS, Kubernetes, CI/CD, Terraform, Linux",Country_Resumes/Hemachandiran_Giri_CV_AUSTRALIA.docx,No,,https://www.glassdoor.com/job-listing/?jl=1010199722702,Butler,4
Web Experience Manager,Fox Factory,"Coldwater, MI",Australia,🇦🇺,1,Platform Engineer,2026-08-13,2026-08-13,Glassdoor-Browser,No,On-site / Hybrid,80%,Not Specified,"AWS, Kubernetes, CI/CD, Terraform, Linux",Country_Resumes/Hemachandiran_Giri_CV_AUSTRALIA.docx,No,,https://www.glassdoor.com/job-listing/?jl=1010166212659,Coldwater,2
Growth-Performance Marketing Manager,Fox Factory,"Coldwater, MI",Australia,🇦🇺,1,Platform Engineer,2026-08-13,2026-08-13,Glassdoor-Browser,No,On-site / Hybrid,80%,Not Specified,"AWS, Kubernetes, CI/CD, Terraform, Linux",Country_Resumes/Hemachandiran_Giri_CV_AUSTRALIA.docx,No,,https://www.glassdoor.com/job-listing/?jl=1010166212655,Coldwater,2
Distribution Engineer (LaGrange County REMC),LaGrange County REMC,"Lagrange, IN",Australia,🇦🇺,1,Platform Engineer,2026-08-13,2026-08-13,Glassdoor-Browser,No,On-site / Hybrid,80%,Not Specified,"AWS, Kubernetes, CI/CD, Terraform, Linux",Country_Resumes/Hemachandiran_Giri_CV_AUSTRALIA.docx,No,,https://www.glassdoor.com/job-listing/?jl=1009808218776,Lagrange,1
Network Engineer,Hillsdale College,"Hillsdale, MI",Australia,🇦🇺,1,Platform Engineer,2026-08-13,2026-08-13,Glassdoor-Browser,No,On-site / Hybrid,80%,Not Specified,"AWS, Kubernetes, CI/CD, Terraform, Linux",Country_Resumes/Hemachandiran_Giri_CV_AUSTRALIA.docx,No,,https://www.glassdoor.com/job-listing/?jl=1010211127400,Hillsdale,1
Talent Acquisition Partner,Sabre Industries,"Hicksville, OH",Australia,🇦🇺,1,Platform Engineer,2026-08-13,2026-08-13,Glassdoor-Browser,No,On-site / Hybrid,80%,Not Specified,"AWS, Kubernetes, CI/CD, Terraform, Linux",Country_Resumes/Hemachandiran_Giri_CV_AUSTRALIA.docx,No,,https://www.glassdoor.com/job-listing/?jl=1010222467344,Hicksville,1
fabrication sales/engineer,Noble Industrial,"Avilla, IN",Australia,🇦🇺,1,Platform Engineer,2026-08-13,2026-08-13,Glassdoor-Browser,No,On-site / Hybrid,80%,Not Specified,"AWS, Kubernetes, CI/CD, Terraform, Linux",Country_Resumes/Hemachandiran_Giri_CV_AUSTRALIA.docx,No,,https://www.glassdoor.com/job-listing/?jl=1010227443756,Avilla,2
Cloud Storage Engineer,AGE Solutions,"Battle Creek, MI",Australia,🇦🇺,1,Platform Engineer,2026-08-13,2026-08-13,Glassdoor-Browser,No,On-site / Hybrid,90%,Not Specified,"AWS, Kubernetes, CI/CD, Terraform, Linux",Country_Resumes/Hemachandiran_Giri_CV_AUSTRALIA.docx,No,,https://www.glassdoor.com/job-listing/?jl=1010110647850,Battle Creek,1
Field Leader Electric Operations - Line,NiSource,"Goshen, IN",Australia,🇦🇺,1,Platform Engineer,2026-08-13,2026-08-13,Glassdoor-Browser,No,On-site / Hybrid,80%,Not Specified,"AWS, Kubernetes, CI/CD, Terraform, Linux",Country_Resumes/Hemachandiran_Giri_CV_AUSTRALIA.docx,No,,https://www.glassdoor.com/job-listing/?jl=1010221458650,Goshen,1
Senior Process Engineer,Clearwater Paper,"Arkansas City, AR",Bahrain,🇧🇭,2,Cloud Engineer,2026-08-13,2026-08-13,Glassdoor-Browser,No,On-site / Hybrid,80%,Not Specified,"AWS, Kubernetes, CI/CD, Terraform, Linux",Country_Resumes/Hemachandiran_Giri_CV_BAHRAIN.docx,No,,https://www.glassdoor.com/job-listing/?jl=1010225152904,Arkansas City,1
"Data Center Technician, DCC Communities",Amazon,"Vicksburg, MS",Bahrain,🇧🇭,2,Platform Engineer,2026-08-13,2026-08-13,Glassdoor-Browser,No,On-site / Hybrid,80%,Not Specified,"AWS, Kubernetes, CI/CD, Terraform, Linux",Country_Resumes/Hemachandiran_Giri_CV_BAHRAIN.docx,No,,https://www.glassdoor.com/job-listing/?jl=1010220628093,Vicksburg,3
Integration Engineer,Akumin,"Greenville, MS",Bahrain,🇧🇭,2,Platform Engineer,2026-08-13,2026-08-13,Glassdoor-Browser,No,On-site / Hybrid,80%,Not Specified,"AWS, Kubernetes, CI/CD, Terraform, Linux",Country_Resumes/Hemachandiran_Giri_CV_BAHRAIN.docx,No,,https://www.glassdoor.com/job-listing/?jl=1010203355103,Greenville,2
Infrastructure & Capital Projects â€“ Project Controls Scheduler ANS,Logic,"Greenville, MS",Bahrain,🇧🇭,2,Platform Engineer,2026-08-13,2026-08-13,Glassdoor-Browser,No,On-site / Hybrid,90%,Not Specified,"AWS, Kubernetes, CI/CD, Terraform, Linux",Country_Resumes/Hemachandiran_Giri_CV_BAHRAIN.docx,No,,https://www.glassdoor.com/job-listing/?jl=1010204623996,Greenville,2
Ergon Asphalt and Emulsions - I&E Technician,Ergon,"Vicksburg, MS",Bahrain,🇧🇭,2,Platform Engineer,2026-08-13,2026-08-13,Glassdoor-Browser,No,On-site / Hybrid,80%,Not Specified,"AWS, Kubernetes, CI/CD, Terraform, Linux",Country_Resumes/Hemachandiran_Giri_CV_BAHRAIN.docx,No,,https://www.glassdoor.com/job-listing/?jl=1010176018233,Vicksburg,3
Permit Supervisor (Drafting)-Telecommunications,CCI Systems,"Vicksburg, MS",Bahrain,🇧🇭,2,Platform Engineer,2026-08-13,2026-08-13,Glassdoor-Browser,No,On-site / Hybrid,80%,Not Specified,"AWS, Kubernetes, CI/CD, Terraform, Linux",Country_Resumes/Hemachandiran_Giri_CV_BAHRAIN.docx,No,,https://www.glassdoor.com/job-listing/?jl=1010179223388,Vicksburg,3
Sr Devops Engineer - LATAM,Coderio,Trabajo desde casa,Oman,🇴🇲,2,DevOps Engineer,2026-08-13,2026-08-13,Glassdoor-Browser,No,On-site / Hybrid,90%,Not Specified,"AWS, Kubernetes, CI/CD, Terraform, Linux",Country_Resumes/Hemachandiran_Giri_CV_OMAN.docx,No,,https://www.glassdoor.com/job-listing/?jl=1010205008334,Trabajo desde casa,6
DEVOPS ENGINEER,Wynwood house,Trabajo desde casa,Oman,🇴🇲,2,DevOps Engineer,2026-08-13,2026-08-13,Glassdoor-Browser,No,On-site / Hybrid,90%,Not Specified,"AWS, Kubernetes, CI/CD, Terraform, Linux",Country_Resumes/Hemachandiran_Giri_CV_OMAN.docx,No,,https://www.glassdoor.com/job-listing/?jl=1010222455371,Trabajo desde casa,6
DevOps Engineer,NTT DATA,Lima,Oman,🇴🇲,2,DevOps Engineer,2026-08-13,2026-08-13,Glassdoor-Browser,No,On-site / Hybrid,90%,Not Specified,"AWS, Kubernetes, CI/CD, Terraform, Linux",Country_Resumes/Hemachandiran_Giri_CV_OMAN.docx,No,,https://www.glassdoor.com/job-listing/?jl=1010181237977,Lima,11
DevOps Engineer- Freelance,GrowBy - Hub de Especialistas Digitales,Trabajo desde casa,Oman,🇴🇲,2,DevOps Engineer,2026-08-13,2026-08-13,Glassdoor-Browser,No,On-site / Hybrid,90%,Not Specified,"AWS, Kubernetes, CI/CD, Terraform, Linux",Country_Resumes/Hemachandiran_Giri_CV_OMAN.docx,No,,https://www.glassdoor.com/job-listing/?jl=1010228447194,Trabajo desde casa,6
"DevOps Engineer, Talent Pipeline (GitHub Migration Projects) (Remote - LATAM)",Atmosera,Trabajo desde casa,Oman,🇴🇲,2,DevOps Engineer,2026-08-13,2026-08-13,Glassdoor-Browser,No,Remote,90%,Not Specified,"AWS, Kubernetes, CI/CD, Terraform, Linux",Country_Resumes/Hemachandiran_Giri_CV_OMAN.docx,No,,https://www.glassdoor.com/job-listing/?jl=1010216422101,Trabajo desde casa,6
Senior DevOps engineer - URP,Group-IB,Trabajo desde casa,Oman,🇴🇲,2,DevOps Engineer,2026-08-13,2026-08-13,Glassdoor-Browser,No,On-site / Hybrid,90%,Not Specified,"AWS, Kubernetes, CI/CD, Terraform, Linux",Country_Resumes/Hemachandiran_Giri_CV_OMAN.docx,No,,https://www.glassdoor.com/job-listing/?jl=1010189262607,Trabajo desde casa,6
Cloud Engineer,GrowBy - Hub de Especialistas Digitales,Trabajo desde casa,Oman,🇴🇲,2,DevOps Engineer,2026-08-13,2026-08-13,Glassdoor-Browser,No,On-site / Hybrid,90%,Not Specified,"AWS, Kubernetes, CI/CD, Terraform, Linux",Country_Resumes/Hemachandiran_Giri_CV_OMAN.docx,No,,https://www.glassdoor.com/job-listing/?jl=1010200916471,Trabajo desde casa,6
Senior DevOps Engineer,Consorcio Cueva,Surco,Oman,🇴🇲,2,DevOps Engineer,2026-08-13,2026-08-13,Glassdoor-Browser,No,On-site / Hybrid,90%,Not Specified,"AWS, Kubernetes, CI/CD, Terraform, Linux",Country_Resumes/Hemachandiran_Giri_CV_OMAN.docx,No,,https://www.glassdoor.com/job-listing/?jl=1010226626121,Surco,2
DevOps Engineer Senior (Azure),"Bluetab, an IBM Company",San Isidro,Oman,🇴🇲,2,DevOps Engineer,2026-08-13,2026-08-13,Glassdoor-Browser,No,On-site / Hybrid,90%,Not Specified,Azure,Country_Resumes/Hemachandiran_Giri_CV_OMAN.docx,No,,https://www.glassdoor.com/job-listing/?jl=1010096372591,San Isidro,2
QA Functional & Automation Engineer - J,Kyndryl,Lima,Oman,🇴🇲,2,DevOps Engineer,2026-08-13,2026-08-13,Glassdoor-Browser,No,On-site / Hybrid,80%,Not Specified,"AWS, Kubernetes, CI/CD, Terraform, Linux",Country_Resumes/Hemachandiran_Giri_CV_OMAN.docx,No,,https://www.glassdoor.com/job-listing/?jl=1010156135844,Lima,11
Security Engineer (Modernization & Hybrid Cloud),Kyndryl,Lima,Oman,🇴🇲,2,Cloud Engineer,2026-08-13,2026-08-13,Glassdoor-Browser,No,On-site / Hybrid,90%,Not Specified,"AWS, Kubernetes, CI/CD, Terraform, Linux",Country_Resumes/Hemachandiran_Giri_CV_OMAN.docx,No,,https://www.glassdoor.com/job-listing/?jl=1010156121948,Lima,11
Sr. Forward Deployed Engineer,Databricks,Peru,Oman,🇴🇲,2,Cloud Engineer,2026-08-13,2026-08-13,Glassdoor-Browser,No,On-site / Hybrid,80%,Not Specified,"AWS, Kubernetes, CI/CD, Terraform, Linux",Country_Resumes/Hemachandiran_Giri_CV_OMAN.docx,No,,https://www.glassdoor.com/job-listing/?jl=1010215031961,Peru,5
Infrastructure/Cloud Project Management,Kyndryl,Lima,Oman,🇴🇲,2,Cloud Engineer,2026-08-13,2026-08-13,Glassdoor-Browser,No,On-site / Hybrid,90%,Not Specified,"AWS, Kubernetes, CI/CD, Terraform, Linux",Country_Resumes/Hemachandiran_Giri_CV_OMAN.docx,No,,https://www.glassdoor.com/job-listing/?jl=1010160311138,Lima,11
AI Engineer,Kyndryl,Lima,Oman,🇴🇲,2,Cloud Engineer,2026-08-13,2026-08-13,Glassdoor-Browser,No,On-site / Hybrid,80%,Not Specified,"AWS, Kubernetes, CI/CD, Terraform, Linux",Country_Resumes/Hemachandiran_Giri_CV_OMAN.docx,No,,https://www.glassdoor.com/job-listing/?jl=1010205106698,Lima,11
Endpoint Engineer,World Vision International,Peru,Oman,🇴🇲,2,Site Reliability Engineer,2026-08-13,2026-08-13,Glassdoor-Browser,No,On-site / Hybrid,80%,Not Specified,"AWS, Kubernetes, CI/CD, Terraform, Linux",Country_Resumes/Hemachandiran_Giri_CV_OMAN.docx,No,,https://www.glassdoor.com/job-listing/?jl=1009800952554,Peru,5
Sr. Substrates Development and Ramp Engineer,Intel Corporation,Peru,Oman,🇴🇲,2,Site Reliability Engineer,2026-08-13,2026-08-13,Glassdoor-Browser,No,On-site / Hybrid,80%,Not Specified,"AWS, Kubernetes, CI/CD, Terraform, Linux",Country_Resumes/Hemachandiran_Giri_CV_OMAN.docx,No,,https://www.glassdoor.com/job-listing/?jl=1010208990198,Peru,5
Substrates HVM Engineer,Intel Corporation,Peru,Oman,🇴🇲,2,Site Reliability Engineer,2026-08-13,2026-08-13,Glassdoor-Browser,No,On-site / Hybrid,80%,Not Specified,"AWS, Kubernetes, CI/CD, Terraform, Linux",Country_Resumes/Hemachandiran_Giri_CV_OMAN.docx,No,,https://www.glassdoor.com/job-listing/?jl=1010205479638,Peru,5
Senior Engineer – Observability Engineering,Levi Strauss,San Isidro,Oman,🇴🇲,2,Site Reliability Engineer,2026-08-13,2026-08-13,Glassdoor-Browser,No,On-site / Hybrid,80%,Not Specified,"AWS, Kubernetes, CI/CD, Terraform, Linux",Country_Resumes/Hemachandiran_Giri_CV_OMAN.docx,No,,https://www.glassdoor.com/job-listing/?jl=1010159191568,San Isidro,2
Delivery Manager,Kyndryl,Lima,Oman,🇴🇲,2,Site Reliability Engineer,2026-08-13,2026-08-13,Glassdoor-Browser,No,On-site / Hybrid,80%,Not Specified,"AWS, Kubernetes, CI/CD, Terraform, Linux",Country_Resumes/Hemachandiran_Giri_CV_OMAN.docx,No,,https://www.glassdoor.com/job-listing/?jl=1010166453759,Lima,11
DevOps Engineer,GEM SYSTEM,Prague,France,🇫🇷,2,DevOps Engineer,2026-08-13,2026-08-13,Glassdoor-Browser,No,On-site / Hybrid,90%,Not Specified,"AWS, Kubernetes, CI/CD, Terraform, Linux",Country_Resumes/Hemachandiran_Giri_CV_FRANCE.docx,No,,https://www.glassdoor.com/job-listing/?jl=1007548248628,Prague,34
Devops Engineer,Notix,Prague,France,🇫🇷,2,DevOps Engineer,2026-08-13,2026-08-13,Glassdoor-Browser,No,On-site / Hybrid,90%,Not Specified,"AWS, Kubernetes, CI/CD, Terraform, Linux",Country_Resumes/Hemachandiran_Giri_CV_FRANCE.docx,No,,https://www.glassdoor.com/job-listing/?jl=1008600534123,Prague,34
DevOps Engineer,JoinIT sro,Prague,France,🇫🇷,2,DevOps Engineer,2026-08-13,2026-08-13,Glassdoor-Browser,No,On-site / Hybrid,90%,Not Specified,"AWS, Kubernetes, CI/CD, Terraform, Linux",Country_Resumes/Hemachandiran_Giri_CV_FRANCE.docx,No,,https://www.glassdoor.com/job-listing/?jl=1007840653165,Prague,34
Junior DevOps Engineer,Orchitech Solutions,Prague,France,🇫🇷,2,DevOps Engineer,2026-08-13,2026-08-13,Glassdoor-Browser,No,On-site / Hybrid,90%,Not Specified,"AWS, Kubernetes, CI/CD, Terraform, Linux",Country_Resumes/Hemachandiran_Giri_CV_FRANCE.docx,No,,https://www.glassdoor.com/job-listing/?jl=1009749750942,Prague,34
DevOps Engineer,Mycroft Mind,Brno,France,🇫🇷,2,DevOps Engineer,2026-08-13,2026-08-13,Glassdoor-Browser,No,On-site / Hybrid,90%,Not Specified,"AWS, Kubernetes, CI/CD, Terraform, Linux",Country_Resumes/Hemachandiran_Giri_CV_FRANCE.docx,No,,https://www.glassdoor.com/job-listing/?jl=1007547844080,Brno,7
"DevOps Engineer / Architect (Senior / Medior) - Cloud, automatizace a architektura napříč AI a digitalizačními projekty",DNAI,Prague,France,🇫🇷,2,DevOps Engineer,2026-08-13,2026-08-13,Glassdoor-Browser,No,On-site / Hybrid,90%,Not Specified,"AWS, Kubernetes, CI/CD, Terraform, Linux",Country_Resumes/Hemachandiran_Giri_CV_FRANCE.docx,No,,https://www.glassdoor.com/job-listing/?jl=1009175193493,Prague,34
DevOps Engineer,Vilgain,Prague,France,🇫🇷,2,DevOps Engineer,2026-08-13,2026-08-13,Glassdoor-Browser,No,On-site / Hybrid,90%,Not Specified,"AWS, Kubernetes, CI/CD, Terraform, Linux",Country_Resumes/Hemachandiran_Giri_CV_FRANCE.docx,No,,https://www.glassdoor.com/job-listing/?jl=1010205798322,Prague,34
DevOps engineer,Edhouse,Zlín,France,🇫🇷,2,DevOps Engineer,2026-08-13,2026-08-13,Glassdoor-Browser,No,On-site / Hybrid,90%,Not Specified,"AWS, Kubernetes, CI/CD, Terraform, Linux",Country_Resumes/Hemachandiran_Giri_CV_FRANCE.docx,No,,https://www.glassdoor.com/job-listing/?jl=1009568889502,Zlín,1
DevOps Engineer — Full-Time,Altersis,Prague,France,🇫🇷,2,DevOps Engineer,2026-08-13,2026-08-13,Glassdoor-Browser,No,On-site / Hybrid,90%,Not Specified,"AWS, Kubernetes, CI/CD, Terraform, Linux",Country_Resumes/Hemachandiran_Giri_CV_FRANCE.docx,No,,https://www.glassdoor.com/job-listing/?jl=1010154098496,Prague,34
Data DevOps Engineer,Revolt BI,Prague,France,🇫🇷,2,DevOps Engineer,2026-08-13,2026-08-13,Glassdoor-Browser,No,On-site / Hybrid,90%,Not Specified,"AWS, Kubernetes, CI/CD, Terraform, Linux",Country_Resumes/Hemachandiran_Giri_CV_FRANCE.docx,No,,https://www.glassdoor.com/job-listing/?jl=1009497020331,Prague,34
Site Reliability Engineer,Thales,Prague,France,🇫🇷,2,Cloud Engineer,2026-08-13,2026-08-13,Glassdoor-Browser,No,On-site / Hybrid,90%,Not Specified,"AWS, Kubernetes, CI/CD, Terraform, Linux",Country_Resumes/Hemachandiran_Giri_CV_FRANCE.docx,No,,https://www.glassdoor.com/job-listing/?jl=1010228840682,Prague,34
Cloud DevOps Engineer,Thales,Prague,France,🇫🇷,2,Cloud Engineer,2026-08-13,2026-08-13,Glassdoor-Browser,No,On-site / Hybrid,90%,Not Specified,"AWS, Kubernetes, CI/CD, Terraform, Linux",Country_Resumes/Hemachandiran_Giri_CV_FRANCE.docx,No,,https://www.glassdoor.com/job-listing/?jl=1010145034201,Prague,34
Cloud DevOps Engineer,Thales,Prague,France,🇫🇷,2,Cloud Engineer,2026-08-13,2026-08-13,Glassdoor-Browser,No,On-site / Hybrid,90%,Not Specified,"AWS, Kubernetes, CI/CD, Terraform, Linux",Country_Resumes/Hemachandiran_Giri_CV_FRANCE.docx,No,,https://www.glassdoor.com/job-listing/?jl=1010224732930,Prague,34
Cloud Platform Engineer,8am,Brno,France,🇫🇷,2,Cloud Engineer,2026-08-13,2026-08-13,Glassdoor-Browser,No,On-site / Hybrid,90%,Not Specified,"AWS, Kubernetes, CI/CD, Terraform, Linux",Country_Resumes/Hemachandiran_Giri_CV_FRANCE.docx,No,,https://www.glassdoor.com/job-listing/?jl=1010109384251,Brno,7
Senior Platform Engineer (Cloud Workloads),Veeam Software,Prague,France,🇫🇷,2,Cloud Engineer,2026-08-13,2026-08-13,Glassdoor-Browser,No,On-site / Hybrid,90%,Not Specified,"AWS, Kubernetes, CI/CD, Terraform, Linux",Country_Resumes/Hemachandiran_Giri_CV_FRANCE.docx,No,,https://www.glassdoor.com/job-listing/?jl=1010148455678,Prague,34
Platform Engineer,Sky,Prague,France,🇫🇷,2,Cloud Engineer,2026-08-13,2026-08-13,Glassdoor-Browser,No,On-site / Hybrid,90%,Not Specified,"AWS, Kubernetes, CI/CD, Terraform, Linux",Country_Resumes/Hemachandiran_Giri_CV_FRANCE.docx,No,,https://www.glassdoor.com/job-listing/?jl=1010107093785,Prague,34
Staff DevOps Platform Engineer,Cloudera,Prague,France,🇫🇷,2,Cloud Engineer,2026-08-13,2026-08-13,Glassdoor-Browser,No,On-site / Hybrid,90%,Not Specified,"AWS, Kubernetes, CI/CD, Terraform, Linux",Country_Resumes/Hemachandiran_Giri_CV_FRANCE.docx,No,,https://www.glassdoor.com/job-listing/?jl=1010179732974,Prague,34
Senior DevOps / Platform Engineer,OpenVPN Technologies,Prague,France,🇫🇷,2,Cloud Engineer,2026-08-13,2026-08-13,Glassdoor-Browser,No,On-site / Hybrid,90%,Not Specified,"AWS, Kubernetes, CI/CD, Terraform, Linux",Country_Resumes/Hemachandiran_Giri_CV_FRANCE.docx,No,,https://www.glassdoor.com/job-listing/?jl=1010227557788,Prague,34
Associate DevOps Engineer,DHL,Prague,France,🇫🇷,2,Cloud Engineer,2026-08-13,2026-08-13,Glassdoor-Browser,No,On-site / Hybrid,90%,Not Specified,"AWS, Kubernetes, CI/CD, Terraform, Linux",Country_Resumes/Hemachandiran_Giri_CV_FRANCE.docx,No,,https://www.glassdoor.com/job-listing/?jl=1010092842352,Prague,34
DevOps Engineer,Avenga,Prague,France,🇫🇷,2,Cloud Engineer,2026-08-13,2026-08-13,Glassdoor-Browser,No,On-site / Hybrid,90%,Not Specified,"AWS, Kubernetes, CI/CD, Terraform, Linux",Country_Resumes/Hemachandiran_Giri_CV_FRANCE.docx,No,,https://www.glassdoor.com/job-listing/?jl=1009762634387,Prague,34
"Senior Lead, Site Reliability Engineer","Kyndryl Client Center, s.r.o. Brno-město",South Moravian,France,🇫🇷,2,Site Reliability Engineer,2026-08-13,2026-08-13,Glassdoor-Browser,No,On-site / Hybrid,90%,Not Specified,"AWS, Kubernetes, CI/CD, Terraform, Linux",Country_Resumes/Hemachandiran_Giri_CV_FRANCE.docx,No,,https://www.glassdoor.com/job-listing/?jl=1010128962317,South Moravian,1
Specialisté v oblasti bezpečnosti dat a příbuzní pracovníci,ZELENKA,Prague,France,🇫🇷,2,Site Reliability Engineer,2026-08-13,2026-08-13,Glassdoor-Browser,No,On-site / Hybrid,80%,Not Specified,"AWS, Kubernetes, CI/CD, Terraform, Linux",Country_Resumes/Hemachandiran_Giri_CV_FRANCE.docx,No,,https://www.glassdoor.com/job-listing/?jl=1010026923093,Prague,34
Vývojář software,"Tritium Systems, s.r.o.",Prague,France,🇫🇷,2,Site Reliability Engineer,2026-08-13,2026-08-13,Glassdoor-Browser,No,On-site / Hybrid,80%,Not Specified,"AWS, Kubernetes, CI/CD, Terraform, Linux",Country_Resumes/Hemachandiran_Giri_CV_FRANCE.docx,No,,https://www.glassdoor.com/job-listing/?jl=1006263997980,Prague,34
QA Automation Engineer,Ixperta,Brno,France,🇫🇷,2,Site Reliability Engineer,2026-08-13,2026-08-13,Glassdoor-Browser,No,On-site / Hybrid,80%,Not Specified,"AWS, Kubernetes, CI/CD, Terraform, Linux",Country_Resumes/Hemachandiran_Giri_CV_FRANCE.docx,No,,https://www.glassdoor.com/job-listing/?jl=1010165542628,Brno,7
IT FULL STACK DEVELOPER,Elem6,Prague,France,🇫🇷,2,Site Reliability Engineer,2026-08-13,2026-08-13,Glassdoor-Browser,No,On-site / Hybrid,80%,Not Specified,"AWS, Kubernetes, CI/CD, Terraform, Linux",Country_Resumes/Hemachandiran_Giri_CV_FRANCE.docx,No,,https://www.glassdoor.com/job-listing/?jl=1008665942446,Prague,34
Software Developer,Chropynska,Trenčín,France,🇫🇷,2,Site Reliability Engineer,2026-08-13,2026-08-13,Glassdoor-Browser,No,On-site / Hybrid,80%,Not Specified,"AWS, Kubernetes, CI/CD, Terraform, Linux",Country_Resumes/Hemachandiran_Giri_CV_FRANCE.docx,No,,https://www.glassdoor.com/job-listing/?jl=1010166494248,Trenčín,1
AGENTIC AI ENGINEER / CODEXIS,Atlas Consulting Group,Brno,France,🇫🇷,2,Site Reliability Engineer,2026-08-13,2026-08-13,Glassdoor-Browser,No,On-site / Hybrid,80%,Not Specified,"AWS, Kubernetes, CI/CD, Terraform, Linux",Country_Resumes/Hemachandiran_Giri_CV_FRANCE.docx,No,,https://www.glassdoor.com/job-listing/?jl=1009863156137,Brno,7
Cloud Platform Engineer (20h/týdně),Masaryk University,Brno,France,🇫🇷,2,Platform Engineer,2026-08-13,2026-08-13,Glassdoor-Browser,No,On-site / Hybrid,90%,Not Specified,"AWS, Kubernetes, CI/CD, Terraform, Linux",Country_Resumes/Hemachandiran_Giri_CV_FRANCE.docx,No,,https://www.glassdoor.com/job-listing/?jl=1010226514934,Brno,7
AI Platform Engineer — DEK a.s.,DEK Deutsche Extrakt Kaffee,Czech Republic,France,🇫🇷,2,Platform Engineer,2026-08-13,2026-08-13,Glassdoor-Browser,No,On-site / Hybrid,90%,Not Specified,"AWS, Kubernetes, CI/CD, Terraform, Linux",Country_Resumes/Hemachandiran_Giri_CV_FRANCE.docx,No,,https://www.glassdoor.com/job-listing/?jl=1010221946296,Czech Republic,5
Cloud Expert,Vodafone,Prague,France,🇫🇷,2,Platform Engineer,2026-08-13,2026-08-13,Glassdoor-Browser,No,On-site / Hybrid,90%,Not Specified,"AWS, Kubernetes, CI/CD, Terraform, Linux",Country_Resumes/Hemachandiran_Giri_CV_FRANCE.docx,No,,https://www.glassdoor.com/job-listing/?jl=1009898648943,Prague,34
DEVCITY NEW ! DevOps Engineer - Train safety systems,Devcity,Prague,France,🇫🇷,2,Platform Engineer,2026-08-13,2026-08-13,Glassdoor-Browser,No,On-site / Hybrid,90%,Not Specified,"AWS, Kubernetes, CI/CD, Terraform, Linux",Country_Resumes/Hemachandiran_Giri_CV_FRANCE.docx,No,,https://www.glassdoor.com/job-listing/?jl=1007369349434,Prague,34
Senior DevSecOps Engineer,MIBCON,Prague,France,🇫🇷,2,Platform Engineer,2026-08-13,2026-08-13,Glassdoor-Browser,No,On-site / Hybrid,80%,Not Specified,"AWS, Kubernetes, CI/CD, Terraform, Linux",Country_Resumes/Hemachandiran_Giri_CV_FRANCE.docx,No,,https://www.glassdoor.com/job-listing/?jl=1009837927929,Prague,34
Gen AI Engineer – GCP,Accenture,Prague,France,🇫🇷,2,Platform Engineer,2026-08-13,2026-08-13,Glassdoor-Browser,No,On-site / Hybrid,80%,Not Specified,GCP,Country_Resumes/Hemachandiran_Giri_CV_FRANCE.docx,No,,https://www.glassdoor.com/job-listing/?jl=1010035823000,Prague,34
AGENTIC AI ENGINEER,Atlas Consulting Group,Brno,France,🇫🇷,2,Platform Engineer,2026-08-13,2026-08-13,Glassdoor-Browser,No,On-site / Hybrid,80%,Not Specified,"AWS, Kubernetes, CI/CD, Terraform, Linux",Country_Resumes/Hemachandiran_Giri_CV_FRANCE.docx,No,,https://www.glassdoor.com/job-listing/?jl=1009845098739,Brno,7
Support & Delivery Engineer L2,Daktela s.r.o.,Prague,France,🇫🇷,2,Platform Engineer,2026-08-13,2026-08-13,Glassdoor-Browser,No,On-site / Hybrid,80%,Not Specified,"AWS, Kubernetes, CI/CD, Terraform, Linux",Country_Resumes/Hemachandiran_Giri_CV_FRANCE.docx,No,,https://www.glassdoor.com/job-listing/?jl=1009789518329,Prague,34
Manager - Cloud DevSecOps,Deloitte,"Philadelphia, PA",Austria,🇦🇹,2,DevOps Engineer,2026-08-13,2026-08-13,Glassdoor-Browser,No,On-site / Hybrid,90%,Not Specified,"AWS, Kubernetes, CI/CD, Terraform, Linux",Country_Resumes/Hemachandiran_Giri_CV_AUSTRIA.docx,No,,https://www.glassdoor.com/job-listing/?jl=1010158387901,Philadelphia,54
Infra and DevOps Engineer,Deloitte,"Philadelphia, PA",Austria,🇦🇹,2,DevOps Engineer,2026-08-13,2026-08-13,Glassdoor-Browser,No,On-site / Hybrid,90%,Not Specified,"AWS, Kubernetes, CI/CD, Terraform, Linux",Country_Resumes/Hemachandiran_Giri_CV_AUSTRIA.docx,No,,https://www.glassdoor.com/job-listing/?jl=1010147782999,Philadelphia,54
"Senior Infra and DevOps Cloud Engineer - Senior Delivery Consultant, Infrastructure Engineering Solutions",Deloitte,"Philadelphia, PA",Austria,🇦🇹,2,DevOps Engineer,2026-08-13,2026-08-13,Glassdoor-Browser,No,On-site / Hybrid,90%,Not Specified,"AWS, Kubernetes, CI/CD, Terraform, Linux",Country_Resumes/Hemachandiran_Giri_CV_AUSTRIA.docx,No,,https://www.glassdoor.com/job-listing/?jl=1010143579786,Philadelphia,54
Cyber Senior Consultant - Cloud DevSecOps,Deloitte,"Philadelphia, PA",Austria,🇦🇹,2,DevOps Engineer,2026-08-13,2026-08-13,Glassdoor-Browser,No,On-site / Hybrid,90%,Not Specified,"AWS, Kubernetes, CI/CD, Terraform, Linux",Country_Resumes/Hemachandiran_Giri_CV_AUSTRIA.docx,No,,https://www.glassdoor.com/job-listing/?jl=1010158387866,Philadelphia,54
"Infra and DevOps Cloud Architect - Delivery Architect, Infrastructure Engineering Technical Solutions",Deloitte,"Philadelphia, PA",Austria,🇦🇹,2,DevOps Engineer,2026-08-13,2026-08-13,Glassdoor-Browser,No,On-site / Hybrid,90%,Not Specified,"AWS, Kubernetes, CI/CD, Terraform, Linux",Country_Resumes/Hemachandiran_Giri_CV_AUSTRIA.docx,No,,https://www.glassdoor.com/job-listing/?jl=1010147784175,Philadelphia,54
DevSecOps Engineering Manager,Lockheed Martin,"King of Prussia, PA",Austria,🇦🇹,2,DevOps Engineer,2026-08-13,2026-08-13,Glassdoor-Browser,No,On-site / Hybrid,80%,Not Specified,"AWS, Kubernetes, CI/CD, Terraform, Linux",Country_Resumes/Hemachandiran_Giri_CV_AUSTRIA.docx,No,,https://www.glassdoor.com/job-listing/?jl=1010116424630,King of Prussia,9
Lead DevSecOps Engineer - Clearance Required,Lockheed Martin,"King of Prussia, PA",Austria,🇦🇹,2,DevOps Engineer,2026-08-13,2026-08-13,Glassdoor-Browser,No,On-site / Hybrid,80%,Not Specified,"AWS, Kubernetes, CI/CD, Terraform, Linux",Country_Resumes/Hemachandiran_Giri_CV_AUSTRIA.docx,No,,https://www.glassdoor.com/job-listing/?jl=1010195847474,King of Prussia,9
Senior DevSecOps Engineer - Clearance Required,Lockheed Martin,"King of Prussia, PA",Austria,🇦🇹,2,DevOps Engineer,2026-08-13,2026-08-13,Glassdoor-Browser,No,On-site / Hybrid,80%,Not Specified,"AWS, Kubernetes, CI/CD, Terraform, Linux",Country_Resumes/Hemachandiran_Giri_CV_AUSTRIA.docx,No,,https://www.glassdoor.com/job-listing/?jl=1010195847791,King of Prussia,9
Senior DevSecOps Engineer,Lockheed Martin,"King of Prussia, PA",Austria,🇦🇹,2,DevOps Engineer,2026-08-13,2026-08-13,Glassdoor-Browser,No,On-site / Hybrid,80%,Not Specified,"AWS, Kubernetes, CI/CD, Terraform, Linux",Country_Resumes/Hemachandiran_Giri_CV_AUSTRIA.docx,No,,https://www.glassdoor.com/job-listing/?jl=1010199974666,King of Prussia,9
DevSecOps Engineer - Top Secret Clearance Required to Start,Lockheed Martin,"King of Prussia, PA",Austria,🇦🇹,2,DevOps Engineer,2026-08-13,2026-08-13,Glassdoor-Browser,No,On-site / Hybrid,80%,Not Specified,"AWS, Kubernetes, CI/CD, Terraform, Linux",Country_Resumes/Hemachandiran_Giri_CV_AUSTRIA.docx,No,,https://www.glassdoor.com/job-listing/?jl=1010170764240,King of Prussia,9
Cyber Oracle Cloud Security - Consultant / Security Engineer II,Deloitte,"Philadelphia, PA",Austria,🇦🇹,2,Cloud Engineer,2026-08-13,2026-08-13,Glassdoor-Browser,No,On-site / Hybrid,90%,Not Specified,"AWS, Kubernetes, CI/CD, Terraform, Linux",Country_Resumes/Hemachandiran_Giri_CV_AUSTRIA.docx,No,,https://www.glassdoor.com/job-listing/?jl=1010143580491,Philadelphia,54
"Senior, Full Stack Engineer - Tax Transformation",Deloitte,"Philadelphia, PA",Austria,🇦🇹,2,Cloud Engineer,2026-08-13,2026-08-13,Glassdoor-Browser,No,On-site / Hybrid,80%,Not Specified,"AWS, Kubernetes, CI/CD, Terraform, Linux",Country_Resumes/Hemachandiran_Giri_CV_AUSTRIA.docx,No,,https://www.glassdoor.com/job-listing/?jl=1010221552393,Philadelphia,54
Cyber - AWS Cloud Security - Senior Manager,Deloitte,"Philadelphia, PA",Austria,🇦🇹,2,Cloud Engineer,2026-08-13,2026-08-13,Glassdoor-Browser,No,On-site / Hybrid,90%,Not Specified,AWS,Country_Resumes/Hemachandiran_Giri_CV_AUSTRIA.docx,No,,https://www.glassdoor.com/job-listing/?jl=1010221552623,Philadelphia,54
Cyber - Cloud Architect - Senior Consultant,Deloitte,"Philadelphia, PA",Austria,🇦🇹,2,Cloud Engineer,2026-08-13,2026-08-13,Glassdoor-Browser,No,On-site / Hybrid,90%,Not Specified,"AWS, Kubernetes, CI/CD, Terraform, Linux",Country_Resumes/Hemachandiran_Giri_CV_AUSTRIA.docx,No,,https://www.glassdoor.com/job-listing/?jl=1010147781453,Philadelphia,54
Senior Data Scientist Engineer - SFL Scientific,Deloitte,"Philadelphia, PA",Austria,🇦🇹,2,Cloud Engineer,2026-08-13,2026-08-13,Glassdoor-Browser,No,On-site / Hybrid,80%,Not Specified,"AWS, Kubernetes, CI/CD, Terraform, Linux",Country_Resumes/Hemachandiran_Giri_CV_AUSTRIA.docx,No,,https://www.glassdoor.com/job-listing/?jl=1010143582572,Philadelphia,54
Cloud Security Engineer Manager,Deloitte,"Philadelphia, PA",Austria,🇦🇹,2,Cloud Engineer,2026-08-13,2026-08-13,Glassdoor-Browser,No,On-site / Hybrid,90%,Not Specified,"AWS, Kubernetes, CI/CD, Terraform, Linux",Country_Resumes/Hemachandiran_Giri_CV_AUSTRIA.docx,No,,https://www.glassdoor.com/job-listing/?jl=1010178929877,Philadelphia,54
"Delivery Senior Consultant, Software Engineering Solutions, Identity & Gen AI Engineer",Deloitte,"Philadelphia, PA",Austria,🇦🇹,2,Cloud Engineer,2026-08-13,2026-08-13,Glassdoor-Browser,No,On-site / Hybrid,80%,Not Specified,"AWS, Kubernetes, CI/CD, Terraform, Linux",Country_Resumes/Hemachandiran_Giri_CV_AUSTRIA.docx,No,,https://www.glassdoor.com/job-listing/?jl=1010185217297,Philadelphia,54
Senior AI Engineer - SFL Scientific,Deloitte,"Philadelphia, PA",Austria,🇦🇹,2,Cloud Engineer,2026-08-13,2026-08-13,Glassdoor-Browser,No,On-site / Hybrid,80%,Not Specified,"AWS, Kubernetes, CI/CD, Terraform, Linux",Country_Resumes/Hemachandiran_Giri_CV_AUSTRIA.docx,No,,https://www.glassdoor.com/job-listing/?jl=1010149212719,Philadelphia,54
Senior Forward Deployed Engineer - Databricks,Deloitte,"Philadelphia, PA",Austria,🇦🇹,2,Cloud Engineer,2026-08-13,2026-08-13,Glassdoor-Browser,No,On-site / Hybrid,80%,Not Specified,"AWS, Kubernetes, CI/CD, Terraform, Linux",Country_Resumes/Hemachandiran_Giri_CV_AUSTRIA.docx,No,,https://www.glassdoor.com/job-listing/?jl=1010143583178,Philadelphia,54
Lead Site Reliability Engineer,JPMorganChase,"Wilmington, DE",Austria,🇦🇹,2,Site Reliability Engineer,2026-08-13,2026-08-13,Glassdoor-Browser,No,On-site / Hybrid,90%,Not Specified,"AWS, Kubernetes, CI/CD, Terraform, Linux",Country_Resumes/Hemachandiran_Giri_CV_AUSTRIA.docx,No,,https://www.glassdoor.com/job-listing/?jl=1010200481184,Wilmington,4
Lead Site Reliability Engineer,Luxoft,"Wilmington, DE",Austria,🇦🇹,2,Site Reliability Engineer,2026-08-13,2026-08-13,Glassdoor-Browser,No,On-site / Hybrid,90%,Not Specified,"AWS, Kubernetes, CI/CD, Terraform, Linux",Country_Resumes/Hemachandiran_Giri_CV_AUSTRIA.docx,No,,https://www.glassdoor.com/job-listing/?jl=1010216423971,Wilmington,4
Site Reliability Engineer,Best Egg,"Wilmington, DE",Austria,🇦🇹,2,Site Reliability Engineer,2026-08-13,2026-08-13,Glassdoor-Browser,No,On-site / Hybrid,90%,Not Specified,"AWS, Kubernetes, CI/CD, Terraform, Linux",Country_Resumes/Hemachandiran_Giri_CV_AUSTRIA.docx,No,,https://www.glassdoor.com/job-listing/?jl=1010199848265,Wilmington,4
Site Reliability Engineer,United States Cold Storage,"Camden, NJ",Austria,🇦🇹,2,Site Reliability Engineer,2026-08-13,2026-08-13,Glassdoor-Browser,No,On-site / Hybrid,90%,Not Specified,"AWS, Kubernetes, CI/CD, Terraform, Linux",Country_Resumes/Hemachandiran_Giri_CV_AUSTRIA.docx,No,,https://www.glassdoor.com/job-listing/?jl=1010117051854,Camden,3
Reliability Engineer - BSME - HVAC/Utilities - Life Sciences Client Site,CBRE,"Collegeville, PA",Austria,🇦🇹,2,Site Reliability Engineer,2026-08-13,2026-08-13,Glassdoor-Browser,No,On-site / Hybrid,90%,Not Specified,"AWS, Kubernetes, CI/CD, Terraform, Linux",Country_Resumes/Hemachandiran_Giri_CV_AUSTRIA.docx,No,,https://www.glassdoor.com/job-listing/?jl=1010167314412,Collegeville,1
Senior Site Reliability Engineer,ADT,"Blue Bell, PA",Austria,🇦🇹,2,Site Reliability Engineer,2026-08-13,2026-08-13,Glassdoor-Browser,No,On-site / Hybrid,90%,Not Specified,"AWS, Kubernetes, CI/CD, Terraform, Linux",Country_Resumes/Hemachandiran_Giri_CV_AUSTRIA.docx,No,,https://www.glassdoor.com/job-listing/?jl=1010228998843,Blue Bell,2
Senior Site Reliability Engineer (Job ID 3021693),ADT,"Blue Bell, PA",Austria,🇦🇹,2,Site Reliability Engineer,2026-08-13,2026-08-13,Glassdoor-Browser,No,On-site / Hybrid,90%,Not Specified,"AWS, Kubernetes, CI/CD, Terraform, Linux",Country_Resumes/Hemachandiran_Giri_CV_AUSTRIA.docx,No,,https://www.glassdoor.com/job-listing/?jl=1010228946624,Blue Bell,2
Senior Associate - Site Reliability Engineer,New York Life,"Lebanon, NJ",Austria,🇦🇹,2,Site Reliability Engineer,2026-08-13,2026-08-13,Glassdoor-Browser,No,On-site / Hybrid,90%,Not Specified,"AWS, Kubernetes, CI/CD, Terraform, Linux",Country_Resumes/Hemachandiran_Giri_CV_AUSTRIA.docx,No,,https://www.glassdoor.com/job-listing/?jl=1010162556028,Lebanon,1
Senior Site Reliability Engineer - NYC,Rad Hires,"North Brunswick, NJ",Austria,🇦🇹,2,Site Reliability Engineer,2026-08-13,2026-08-13,Glassdoor-Browser,No,On-site / Hybrid,90%,Not Specified,"AWS, Kubernetes, CI/CD, Terraform, Linux",Country_Resumes/Hemachandiran_Giri_CV_AUSTRIA.docx,No,,https://www.glassdoor.com/job-listing/?jl=1010111118175,North Brunswick,1
Generative AI Data Engineer III,Deloitte,"Philadelphia, PA",Austria,🇦🇹,2,Platform Engineer,2026-08-13,2026-08-13,Glassdoor-Browser,No,On-site / Hybrid,80%,Not Specified,"AWS, Kubernetes, CI/CD, Terraform, Linux",Country_Resumes/Hemachandiran_Giri_CV_AUSTRIA.docx,No,,https://www.glassdoor.com/job-listing/?jl=1010171906852,Philadelphia,54
Deployment Success Manager,Deloitte,"Philadelphia, PA",Austria,🇦🇹,2,Platform Engineer,2026-08-13,2026-08-13,Glassdoor-Browser,No,On-site / Hybrid,80%,Not Specified,"AWS, Kubernetes, CI/CD, Terraform, Linux",Country_Resumes/Hemachandiran_Giri_CV_AUSTRIA.docx,No,,https://www.glassdoor.com/job-listing/?jl=1010208759388,Philadelphia,54
Healthcare Marketing Strategy Manager,Deloitte,"Philadelphia, PA",Austria,🇦🇹,2,Platform Engineer,2026-08-13,2026-08-13,Glassdoor-Browser,No,On-site / Hybrid,80%,Not Specified,"AWS, Kubernetes, CI/CD, Terraform, Linux",Country_Resumes/Hemachandiran_Giri_CV_AUSTRIA.docx,No,,https://www.glassdoor.com/job-listing/?jl=1010208759235,Philadelphia,54
MI&A - Market Insights Intelligence Analyst - C_MAT,Deloitte,"Philadelphia, PA",Austria,🇦🇹,2,Platform Engineer,2026-08-13,2026-08-13,Glassdoor-Browser,No,On-site / Hybrid,80%,Not Specified,"AWS, Kubernetes, CI/CD, Terraform, Linux",Country_Resumes/Hemachandiran_Giri_CV_AUSTRIA.docx,No,,https://www.glassdoor.com/job-listing/?jl=1010214185558,Philadelphia,54
Experienced QA Engineer with Hands-on Automation and AI Skills,Deloitte,"Philadelphia, PA",Austria,🇦🇹,2,Platform Engineer,2026-08-13,2026-08-13,Glassdoor-Browser,No,On-site / Hybrid,80%,Not Specified,"AWS, Kubernetes, CI/CD, Terraform, Linux",Country_Resumes/Hemachandiran_Giri_CV_AUSTRIA.docx,No,,https://www.glassdoor.com/job-listing/?jl=1010225249718,Philadelphia,54
"Forward Deployed Engineer, Microsoft AI & Data",Deloitte,"Philadelphia, PA",Austria,🇦🇹,2,Platform Engineer,2026-08-13,2026-08-13,Glassdoor-Browser,No,On-site / Hybrid,80%,Not Specified,"AWS, Kubernetes, CI/CD, Terraform, Linux",Country_Resumes/Hemachandiran_Giri_CV_AUSTRIA.docx,No,,https://www.glassdoor.com/job-listing/?jl=1010147781078,Philadelphia,54
Data Management Engineer - OpenText,Deloitte,"Philadelphia, PA",Austria,🇦🇹,2,Platform Engineer,2026-08-13,2026-08-13,Glassdoor-Browser,No,On-site / Hybrid,80%,Not Specified,"AWS, Kubernetes, CI/CD, Terraform, Linux",Country_Resumes/Hemachandiran_Giri_CV_AUSTRIA.docx,No,,https://www.glassdoor.com/job-listing/?jl=1010165999079,Philadelphia,54
AI Senior Manager - SFL Scientific,Deloitte,"Philadelphia, PA",Austria,🇦🇹,2,Platform Engineer,2026-08-13,2026-08-13,Glassdoor-Browser,No,On-site / Hybrid,80%,Not Specified,"AWS, Kubernetes, CI/CD, Terraform, Linux",Country_Resumes/Hemachandiran_Giri_CV_AUSTRIA.docx,No,,https://www.glassdoor.com/job-listing/?jl=1010143582342,Philadelphia,54
Agentic AI Engineer — Healthcare AI,Deloitte,"Philadelphia, PA",Austria,🇦🇹,2,Platform Engineer,2026-08-13,2026-08-13,Glassdoor-Browser,No,On-site / Hybrid,80%,Not Specified,"AWS, Kubernetes, CI/CD, Terraform, Linux",Country_Resumes/Hemachandiran_Giri_CV_AUSTRIA.docx,No,,https://www.glassdoor.com/job-listing/?jl=1010164704473,Philadelphia,54
Medical Information - Clinical Portfolio Senior Consultant,Deloitte,"Philadelphia, PA",Austria,🇦🇹,2,Platform Engineer,2026-08-13,2026-08-13,Glassdoor-Browser,No,On-site / Hybrid,80%,Not Specified,"AWS, Kubernetes, CI/CD, Terraform, Linux",Country_Resumes/Hemachandiran_Giri_CV_AUSTRIA.docx,No,,https://www.glassdoor.com/job-listing/?jl=1010167787281,Philadelphia,54
Site Reliability Engineering Professional,BT,"BT
Ipswich",United Kingdom,🇬🇧,1,DevOps Engineer,2026-08-13,2026-08-13,Indeed-Browser,No,On-site / Hybrid,90%,Not Specified,"AWS, Kubernetes, CI/CD, Terraform, Linux",Country_Resumes/Hemachandiran_Giri_CV_UNITED_KINGDOM.docx,No,,https://www.indeed.com/viewjob?jk=54303dd262fc3f4b,"BT
Ipswich",1
Technical Site Reliability Engineer,Anduril Industries,"Anduril Industries
London",United Kingdom,🇬🇧,1,DevOps Engineer,2026-08-13,2026-08-13,Indeed-Browser,No,On-site / Hybrid,90%,Not Specified,"AWS, Kubernetes, CI/CD, Terraform, Linux",Country_Resumes/Hemachandiran_Giri_CV_UNITED_KINGDOM.docx,No,,https://www.indeed.com/viewjob?jk=cb9eae55104697fa,"Anduril Industries
London",1
DevOps Engineer Manager,Avanade,"Avanade
London",United Kingdom,🇬🇧,1,DevOps Engineer,2026-08-13,2026-08-13,Indeed-Browser,No,On-site / Hybrid,90%,Not Specified,"AWS, Kubernetes, CI/CD, Terraform, Linux",Country_Resumes/Hemachandiran_Giri_CV_UNITED_KINGDOM.docx,No,,https://www.indeed.com/viewjob?jk=96d1d23b1715f0bb,"Avanade
London",1
Service Reliability Engineer - Manchester,Fitch Group,"Fitch Group
Manchester",United Kingdom,🇬🇧,1,DevOps Engineer,2026-08-13,2026-08-13,Indeed-Browser,No,On-site / Hybrid,90%,Not Specified,"AWS, Kubernetes, CI/CD, Terraform, Linux",Country_Resumes/Hemachandiran_Giri_CV_UNITED_KINGDOM.docx,No,,https://www.indeed.com/viewjob?jk=77b9b0b5ecb9abd8,"Fitch Group
Manchester",1
Infrastructure / DevOps Engineer,Metropolitan Police,"Metropolitan Police
Southwark",United Kingdom,🇬🇧,1,DevOps Engineer,2026-08-13,2026-08-13,Indeed-Browser,No,On-site / Hybrid,90%,Not Specified,"AWS, Kubernetes, CI/CD, Terraform, Linux",Country_Resumes/Hemachandiran_Giri_CV_UNITED_KINGDOM.docx,No,,https://www.indeed.com/viewjob?jk=828dc93a46c7b554,"Police
Southwark",1
"Jobshare - Sr Lead Software Engineer - Site Reliability Engineer, Python & Infrastructure management - Part time/Jobshare",JPMorganChase,"JPMorganChase
London E14 5JP",United Kingdom,🇬🇧,1,DevOps Engineer,2026-08-13,2026-08-13,Indeed-Browser,No,On-site / Hybrid,95%,Not Specified,Python,Country_Resumes/Hemachandiran_Giri_CV_UNITED_KINGDOM.docx,No,,https://www.indeed.com/viewjob?jk=4cceae933f553db4,"JPMorganChase
London E14 5JP",1
Software Engineer - AI-Native Cloud Infrastructure,CommonAI C.I.C.,"CommonAI C.I.C.
Cambridge",United Kingdom,🇬🇧,1,DevOps Engineer,2026-08-13,2026-08-13,Indeed-Browser,No,On-site / Hybrid,90%,Not Specified,"AWS, Kubernetes, CI/CD, Terraform, Linux",Country_Resumes/Hemachandiran_Giri_CV_UNITED_KINGDOM.docx,No,,https://www.indeed.com/viewjob?jk=05f91a215a56bcfc,"CommonAI C.I.C.
Cambridge",1
Senior Infrastructure Automation Engineer,bet365,"bet365
Hybrid work in Manchester M2 1AB",United Kingdom,🇬🇧,1,DevOps Engineer,2026-08-13,2026-08-13,Indeed-Browser,No,On-site / Hybrid,90%,Not Specified,"AWS, Kubernetes, CI/CD, Terraform, Linux",Country_Resumes/Hemachandiran_Giri_CV_UNITED_KINGDOM.docx,No,,https://www.indeed.com/viewjob?jk=9cfcf9c6621e453e,"bet365
Hybrid work in Manchester M2 1AB",2
QA Lead Engineer,Motorola Solutions,"Motorola Solutions
Ware",United Kingdom,🇬🇧,1,DevOps Engineer,2026-08-13,2026-08-13,Indeed-Browser,No,On-site / Hybrid,80%,Not Specified,"AWS, Kubernetes, CI/CD, Terraform, Linux",Country_Resumes/Hemachandiran_Giri_CV_UNITED_KINGDOM.docx,No,,https://www.indeed.com/viewjob?jk=5394b8aea9f3f81e,"Motorola Solutions
Ware",1
DevOps Engineer,Khan Cloud Solutions Ltd,"Khan Cloud Solutions Ltd
Hybrid work in Birmingham B21 9LR",United Kingdom,🇬🇧,1,Cloud Engineer,2026-08-13,2026-08-13,Indeed-Browser,No,On-site / Hybrid,90%,Not Specified,"AWS, Kubernetes, CI/CD, Terraform, Linux",Country_Resumes/Hemachandiran_Giri_CV_UNITED_KINGDOM.docx,No,,https://www.indeed.com/viewjob?jk=2d210eda1bc3013a,"Khan Cloud Solutions Ltd
Hybrid work in Birmingham B21 9LR",1
Senior Cloud Operations Engineer,Sage,"Sage
Newcastle upon Tyne",United Kingdom,🇬🇧,1,Cloud Engineer,2026-08-13,2026-08-13,Indeed-Browser,No,On-site / Hybrid,90%,Not Specified,"AWS, Kubernetes, CI/CD, Terraform, Linux",Country_Resumes/Hemachandiran_Giri_CV_UNITED_KINGDOM.docx,No,,https://www.indeed.com/viewjob?jk=f3f80690e4343f47,"Sage
Newcastle upon Tyne",1
Lead Azure Platform Engineer,Linux Recruit,"Linux Recruit
Remote",United Kingdom,🇬🇧,1,Cloud Engineer,2026-08-13,2026-08-13,Indeed-Browser,No,Remote,90%,Not Specified,Azure,Country_Resumes/Hemachandiran_Giri_CV_UNITED_KINGDOM.docx,No,,https://www.indeed.com/viewjob?jk=986d8abcc9dfb409,"Linux Recruit
Remote",1
Cloud Operations Engineer,Finova,"Finova
Hybrid work in Cheltenham GL50",United Kingdom,🇬🇧,1,Cloud Engineer,2026-08-13,2026-08-13,Indeed-Browser,No,On-site / Hybrid,90%,Not Specified,"AWS, Kubernetes, CI/CD, Terraform, Linux",Country_Resumes/Hemachandiran_Giri_CV_UNITED_KINGDOM.docx,No,,https://www.indeed.com/viewjob?jk=e783d9abd7357e59,"Finova
Hybrid work in Cheltenham GL50",1
DevOps Engineer,Shivom Consultancy Ltd,"Shivom Consultancy Ltd
Hybrid work in Brentford TW8 9ES",United Kingdom,🇬🇧,1,Cloud Engineer,2026-08-13,2026-08-13,Indeed-Browser,No,On-site / Hybrid,90%,Not Specified,"AWS, Kubernetes, CI/CD, Terraform, Linux",Country_Resumes/Hemachandiran_Giri_CV_UNITED_KINGDOM.docx,No,,https://www.indeed.com/viewjob?jk=663dfd60b0168f39,"Shivom Consultancy Ltd
Hybrid work in Brentford TW8 9ES",1
Lead DevSecOps Engineer,Lockheed Martin Corporation,"Lockheed Martin Corporation
Gloucester",United Kingdom,🇬🇧,1,Cloud Engineer,2026-08-13,2026-08-13,Indeed-Browser,No,On-site / Hybrid,80%,Not Specified,"AWS, Kubernetes, CI/CD, Terraform, Linux",Country_Resumes/Hemachandiran_Giri_CV_UNITED_KINGDOM.docx,No,,https://www.indeed.com/viewjob?jk=9072f049b72e59ae,"Lockheed Martin Corporation
Gloucester",1
"Staff Software Engineer, Infrastructure (Distributed Systems)",Anthropic,"Anthropic
Hybrid work in London",United Kingdom,🇬🇧,1,Cloud Engineer,2026-08-13,2026-08-13,Indeed-Browser,No,On-site / Hybrid,90%,Not Specified,"AWS, Kubernetes, CI/CD, Terraform, Linux",Country_Resumes/Hemachandiran_Giri_CV_UNITED_KINGDOM.docx,No,,https://www.indeed.com/viewjob?jk=b60c9dfca553d97f,"Anthropic
Hybrid work in London",2
Head of Reliability & Performance Transformation,South West Water,"South West Water
Exeter EX2 7HR",United Kingdom,🇬🇧,1,Site Reliability Engineer,2026-08-13,2026-08-13,Indeed-Browser,No,On-site / Hybrid,90%,Not Specified,"AWS, Kubernetes, CI/CD, Terraform, Linux",Country_Resumes/Hemachandiran_Giri_CV_UNITED_KINGDOM.docx,No,,https://www.indeed.com/viewjob?jk=5e33d37de5dd19bb,"South West Water
Exeter EX2 7HR",1
Deputy Shift lead engineer,Dalkia,"Dalkia
Welwyn Garden City AL7 1QA",United Kingdom,🇬🇧,1,Site Reliability Engineer,2026-08-13,2026-08-13,Indeed-Browser,No,On-site / Hybrid,80%,Not Specified,"AWS, Kubernetes, CI/CD, Terraform, Linux",Country_Resumes/Hemachandiran_Giri_CV_UNITED_KINGDOM.docx,No,,https://www.indeed.com/viewjob?jk=89ac08b9079e3b1b,"Dalkia
Welwyn Garden City AL7 1QA",1
Deputy Shift lead engineer,Dalkia,DalkiaWelwyn Garden City AL7 1QA,United Kingdom,🇬🇧,1,Site Reliability Engineer,2026-08-13,2026-08-13,Indeed-Browser,No,On-site / Hybrid,80%,Not Specified,"AWS, Kubernetes, CI/CD, Terraform, Linux",Country_Resumes/Hemachandiran_Giri_CV_UNITED_KINGDOM.docx,No,,https://www.indeed.com/viewjob?jk=789abcdef0123456,DalkiaWelwyn Garden City AL7 1QA,1
Service Reliability Engineer - Manchester,Fitch Group,Fitch GroupManchester,United Kingdom,🇬🇧,1,Platform Engineer,2026-08-13,2026-08-13,Indeed-Browser,No,On-site / Hybrid,90%,Not Specified,"AWS, Kubernetes, CI/CD, Terraform, Linux",Country_Resumes/Hemachandiran_Giri_CV_UNITED_KINGDOM.docx,No,,https://www.indeed.com/viewjob?jk=f1e2d3c4b5a67890,Fitch GroupManchester,1
Senior Platform Engineer - Developer Platform,Deliveroo,"Deliveroo
Hybrid work in London",United Kingdom,🇬🇧,1,Platform Engineer,2026-08-13,2026-08-13,Indeed-Browser,No,On-site / Hybrid,90%,Not Specified,"AWS, Kubernetes, CI/CD, Terraform, Linux",Country_Resumes/Hemachandiran_Giri_CV_UNITED_KINGDOM.docx,No,,https://www.indeed.com/viewjob?jk=dab0db1fcb6736d3,"Deliveroo
Hybrid work in London",1
Platform Engineer,Nominet,"Nominet
Hybrid work in Oxford",United Kingdom,🇬🇧,1,Platform Engineer,2026-08-13,2026-08-13,Indeed-Browser,No,On-site / Hybrid,90%,Not Specified,"AWS, Kubernetes, CI/CD, Terraform, Linux",Country_Resumes/Hemachandiran_Giri_CV_UNITED_KINGDOM.docx,No,,https://www.indeed.com/viewjob?jk=005737408bd70ee1,"Nominet
Hybrid work in Oxford",1
Infrastructure Security Engineer,SpaceXAI,"SpaceXAI
London",United Kingdom,🇬🇧,1,Platform Engineer,2026-08-13,2026-08-13,Indeed-Browser,No,On-site / Hybrid,90%,Not Specified,"AWS, Kubernetes, CI/CD, Terraform, Linux",Country_Resumes/Hemachandiran_Giri_CV_UNITED_KINGDOM.docx,No,,https://www.indeed.com/viewjob?jk=637a81000fbb46e3,"SpaceXAI
London",1
DevOPS/Cloud Engineer (Contract),Cyber-Infomax Solutions Inc.,"Cyber-Infomax Solutions Inc.
Toronto, ON",Canada,🇨🇦,1,Cloud Engineer,2026-08-13,2026-08-13,Indeed-Browser,No,On-site / Hybrid,90%,Not Specified,"AWS, Kubernetes, CI/CD, Terraform, Linux",Country_Resumes/Hemachandiran_Giri_CV_CANADA.docx,No,,https://www.indeed.com/viewjob?jk=9bc81d27480eb0fa,"Cyber-Infomax Solutions Inc.
Toronto",1
DevOPS/Cloud Engineer,Softline Technology,"Softline Technology
Toronto, ON",Canada,🇨🇦,1,Cloud Engineer,2026-08-13,2026-08-13,Indeed-Browser,No,On-site / Hybrid,90%,Not Specified,"AWS, Kubernetes, CI/CD, Terraform, Linux",Country_Resumes/Hemachandiran_Giri_CV_CANADA.docx,No,,https://www.indeed.com/viewjob?jk=598bd9630f404a9d,"Softline Technology
Toronto",1
"Principal Engineer, Cloud & AI",GeoLOGIC Systems Limited,"GeoLOGIC Systems Limited
Calgary, AB T2P 3C5",Canada,🇨🇦,1,Cloud Engineer,2026-08-13,2026-08-13,Indeed-Browser,No,On-site / Hybrid,90%,Not Specified,"AWS, Kubernetes, CI/CD, Terraform, Linux",Country_Resumes/Hemachandiran_Giri_CV_CANADA.docx,No,,https://www.indeed.com/viewjob?jk=9211364d6d993953,"GeoLOGIC Systems Limited
Calgary",1
Senior DevOps Engineer (Contract) - 6 Months,Creditbook,"Creditbook
Remote",Canada,🇨🇦,1,Cloud Engineer,2026-08-13,2026-08-13,Indeed-Browser,No,Remote,90%,Not Specified,"AWS, Kubernetes, CI/CD, Terraform, Linux",Country_Resumes/Hemachandiran_Giri_CV_CANADA.docx,No,,https://www.indeed.com/viewjob?jk=ba97dbaf6617324d,"Creditbook
Remote",1
Sr. Cloud Platform Engineer (Network and Cloud Operations),Healthcare of Ontario Pension Plan (HOOPP),"Healthcare of Ontario Pension Plan (HOOPP)
Toronto, ON",Canada,🇨🇦,1,Cloud Engineer,2026-08-13,2026-08-13,Indeed-Browser,No,On-site / Hybrid,90%,Not Specified,"AWS, Kubernetes, CI/CD, Terraform, Linux",Country_Resumes/Hemachandiran_Giri_CV_CANADA.docx,No,,https://www.indeed.com/viewjob?jk=81b71163a8457121,"Healthcare of Ontario Pension Plan (HOOPP)
Toronto",1
Senior Platform Engineering Specialist,CGI,"CGI
Toronto, ON M5B 2L7",Canada,🇨🇦,1,Cloud Engineer,2026-08-13,2026-08-13,Indeed-Browser,No,On-site / Hybrid,90%,Not Specified,"AWS, Kubernetes, CI/CD, Terraform, Linux",Country_Resumes/Hemachandiran_Giri_CV_CANADA.docx,No,,https://www.indeed.com/viewjob?jk=cd4abcc29a2056b9,"CGI
Toronto",1
AI Infrastructure Engineer,Palona AI,"Palona AI
Toronto, ON",Canada,🇨🇦,1,Cloud Engineer,2026-08-13,2026-08-13,Indeed-Browser,No,On-site / Hybrid,90%,Not Specified,"AWS, Kubernetes, CI/CD, Terraform, Linux",Country_Resumes/Hemachandiran_Giri_CV_CANADA.docx,No,,https://www.indeed.com/viewjob?jk=ff5b132d0adc337c,"Palona AI
Toronto",1
Site Reliability Engineer - Application Support,Capgemini Sogeti,"Capgemini Sogeti
Toronto, ON",Canada,🇨🇦,1,Site Reliability Engineer,2026-08-13,2026-08-13,Indeed-Browser,No,On-site / Hybrid,90%,Not Specified,"AWS, Kubernetes, CI/CD, Terraform, Linux",Country_Resumes/Hemachandiran_Giri_CV_CANADA.docx,No,,https://www.indeed.com/viewjob?jk=5ed3f5cf55ee3da8,"Capgemini Sogeti
Toronto",1
Senior Site Reliability Developer,Autodesk,"Autodesk
Toronto, ON M5G 1M1",Canada,🇨🇦,1,Site Reliability Engineer,2026-08-13,2026-08-13,Indeed-Browser,No,On-site / Hybrid,90%,Not Specified,"AWS, Kubernetes, CI/CD, Terraform, Linux",Country_Resumes/Hemachandiran_Giri_CV_CANADA.docx,No,,https://www.indeed.com/viewjob?jk=db7c998dc334580b,"Autodesk
Toronto",1
"Lead, Site Reliability Engineer",Etraveli Group,"Etraveli Group
Toronto, ON",Canada,🇨🇦,1,Site Reliability Engineer,2026-08-13,2026-08-13,Indeed-Browser,No,On-site / Hybrid,90%,Not Specified,"AWS, Kubernetes, CI/CD, Terraform, Linux",Country_Resumes/Hemachandiran_Giri_CV_CANADA.docx,No,,https://www.indeed.com/viewjob?jk=0e78872e97031412,"Etraveli Group
Toronto",1
Senior DevOps Engineer,SpaceOps Inc,"SpaceOps Inc
Hamilton, ON",Canada,🇨🇦,1,Site Reliability Engineer,2026-08-13,2026-08-13,Indeed-Browser,No,On-site / Hybrid,90%,Not Specified,"AWS, Kubernetes, CI/CD, Terraform, Linux",Country_Resumes/Hemachandiran_Giri_CV_CANADA.docx,No,,https://www.indeed.com/viewjob?jk=8cbef0c95afe7712,"SpaceOps Inc
Hamilton",1
Senior Devops Developer,Telesat,"Telesat
Ottawa, ON",Canada,🇨🇦,1,Site Reliability Engineer,2026-08-13,2026-08-13,Indeed-Browser,No,On-site / Hybrid,90%,Not Specified,"AWS, Kubernetes, CI/CD, Terraform, Linux",Country_Resumes/Hemachandiran_Giri_CV_CANADA.docx,No,,https://www.indeed.com/viewjob?jk=92555ad60c35b748,"Telesat
Ottawa",1
Senior DevOps Engineer,Quest Global,"Quest Global
Vancouver, BC",Canada,🇨🇦,1,Site Reliability Engineer,2026-08-13,2026-08-13,Indeed-Browser,No,On-site / Hybrid,90%,Not Specified,"AWS, Kubernetes, CI/CD, Terraform, Linux",Country_Resumes/Hemachandiran_Giri_CV_CANADA.docx,No,,https://www.indeed.com/viewjob?jk=534331571ce76627,"Quest Global
Vancouver",1
VP of Systems Engineering - Canada,Bankjoy,"Bankjoy
Toronto, ON",Canada,🇨🇦,1,Site Reliability Engineer,2026-08-13,2026-08-13,Indeed-Browser,No,On-site / Hybrid,80%,Not Specified,"AWS, Kubernetes, CI/CD, Terraform, Linux",Country_Resumes/Hemachandiran_Giri_CV_CANADA.docx,No,,https://www.indeed.com/viewjob?jk=36440587650e88f0,"Bankjoy
Toronto",1
AI Engineer - AI Platform Engineering,Royal Bank of Canada,"Royal Bank of Canada
Vancouver, BC V6E 3V5",Canada,🇨🇦,1,Platform Engineer,2026-08-13,2026-08-13,Indeed-Browser,No,On-site / Hybrid,90%,Not Specified,"AWS, Kubernetes, CI/CD, Terraform, Linux",Country_Resumes/Hemachandiran_Giri_CV_CANADA.docx,No,,https://www.indeed.com/viewjob?jk=a36bae4682923f04,"Royal Bank of Canada
Vancouver",1
Senior Platform Engineer,Royal Bank of Canada,"Royal Bank of Canada
Toronto, ON M9W 0A4",Canada,🇨🇦,1,Platform Engineer,2026-08-13,2026-08-13,Indeed-Browser,No,On-site / Hybrid,90%,Not Specified,"AWS, Kubernetes, CI/CD, Terraform, Linux",Country_Resumes/Hemachandiran_Giri_CV_CANADA.docx,No,,https://www.indeed.com/viewjob?jk=6ec566d8d38b9562,"Royal Bank of Canada
Toronto",3
Platform Modernization Engineer,Tata Consultancy Services,"Tata Consultancy Services
Montréal, QC",Canada,🇨🇦,1,Platform Engineer,2026-08-13,2026-08-13,Indeed-Browser,No,On-site / Hybrid,90%,Not Specified,"AWS, Kubernetes, CI/CD, Terraform, Linux",Country_Resumes/Hemachandiran_Giri_CV_CANADA.docx,No,,https://www.indeed.com/viewjob?jk=741fadd9b711a957,"Tata Consultancy Services
Montréal",1
Forward Deployed Engineer,Vendasta,"Vendasta
Saskatoon, SK S7K 5T6",Canada,🇨🇦,1,Platform Engineer,2026-08-13,2026-08-13,Indeed-Browser,No,On-site / Hybrid,80%,Not Specified,"AWS, Kubernetes, CI/CD, Terraform, Linux",Country_Resumes/Hemachandiran_Giri_CV_CANADA.docx,No,,https://www.indeed.com/viewjob?jk=2112dc9046e2f7f1,"Vendasta
Saskatoon",1
Staff AI Platform Developer [590],D-Wave Quantum Inc.,"D-Wave Quantum Inc.
Remote",Canada,🇨🇦,1,Platform Engineer,2026-08-13,2026-08-13,Indeed-Browser,No,Remote,90%,Not Specified,"AWS, Kubernetes, CI/CD, Terraform, Linux",Country_Resumes/Hemachandiran_Giri_CV_CANADA.docx,No,,https://www.indeed.com/viewjob?jk=4f26bdd4d0e4394e,"D-Wave Quantum Inc.
Remote",1
Data Platform Engineer,ASICS Apps,"ASICS Apps
Remote",Canada,🇨🇦,1,Platform Engineer,2026-08-13,2026-08-13,Indeed-Browser,No,Remote,90%,Not Specified,"AWS, Kubernetes, CI/CD, Terraform, Linux",Country_Resumes/Hemachandiran_Giri_CV_CANADA.docx,No,,https://www.indeed.com/viewjob?jk=cbbb840fabc2f05d,"ASICS Apps
Remote",1
"Platform Engineer, Spa and Leisure Technologies",Four Seasons,"Four Seasons
Toronto, ON",Canada,🇨🇦,1,Platform Engineer,2026-08-13,2026-08-13,Indeed-Browser,No,On-site / Hybrid,90%,Not Specified,"AWS, Kubernetes, CI/CD, Terraform, Linux",Country_Resumes/Hemachandiran_Giri_CV_CANADA.docx,No,,https://www.indeed.com/viewjob?jk=dc30f8e83002e6d5,"Four Seasons
Toronto",2
"Lead Platform Engineer, F&B Technologies",Four Seasons,"Four Seasons
Toronto, ON",Canada,🇨🇦,1,Platform Engineer,2026-08-13,2026-08-13,Indeed-Browser,No,On-site / Hybrid,90%,Not Specified,"AWS, Kubernetes, CI/CD, Terraform, Linux",Country_Resumes/Hemachandiran_Giri_CV_CANADA.docx,No,,https://www.indeed.com/viewjob?jk=aa3a143e403a6b42,"Four Seasons
Toronto",2
DevOps Engineer – Crypto Trading Platform Infrastructure,P99SOFT Pvt Ltd,"P99SOFT Pvt Ltd
Dubai",United Arab Emirates,🇦🇪,1,DevOps Engineer,2026-08-13,2026-08-13,Indeed-Browser,No,On-site / Hybrid,90%,Not Specified,"AWS, Kubernetes, CI/CD, Terraform, Linux",Country_Resumes/Hemachandiran_Giri_CV_UAE.docx,No,,https://www.indeed.com/viewjob?jk=b0809fdeda95120d,"P99SOFT Pvt Ltd
Dubai",1
Senior Technical Software Engineer,The Emirates Group,"The Emirates Group
Dubai",United Arab Emirates,🇦🇪,1,DevOps Engineer,2026-08-13,2026-08-13,Indeed-Browser,No,On-site / Hybrid,80%,Not Specified,"AWS, Kubernetes, CI/CD, Terraform, Linux",Country_Resumes/Hemachandiran_Giri_CV_UAE.docx,No,,https://www.indeed.com/viewjob?jk=e808468994949e1c,"The Emirates Group
Dubai",3
OpenShift Platform Engineer,Reqiva ltd,"Reqiva ltd
Dubai",United Arab Emirates,🇦🇪,1,DevOps Engineer,2026-08-13,2026-08-13,Indeed-Browser,No,On-site / Hybrid,90%,Not Specified,"AWS, Kubernetes, CI/CD, Terraform, Linux",Country_Resumes/Hemachandiran_Giri_CV_UAE.docx,No,,https://www.indeed.com/viewjob?jk=edc2e967fb09a5b0,"Reqiva ltd
Dubai",1
OutSystems Developer,Synnect Group L.L.C-FZ,"Synnect Group L.L.C-FZ
Dubai",United Arab Emirates,🇦🇪,1,DevOps Engineer,2026-08-13,2026-08-13,Indeed-Browser,No,On-site / Hybrid,80%,Not Specified,"AWS, Kubernetes, CI/CD, Terraform, Linux",Country_Resumes/Hemachandiran_Giri_CV_UAE.docx,No,,https://www.indeed.com/viewjob?jk=0a4db17bfc2110c2,"Synnect Group L.L.C-FZ
Dubai",1
"Track Lead - Microsoft Azure - IaaS, Azure Kubernetes Service",HCLTech,"HCLTech
UAE",United Arab Emirates,🇦🇪,1,DevOps Engineer,2026-08-13,2026-08-13,Indeed-Browser,No,On-site / Hybrid,90%,Not Specified,"Kubernetes, Azure",Country_Resumes/Hemachandiran_Giri_CV_UAE.docx,No,,https://www.indeed.com/viewjob?jk=0e438082e79eec43,"HCLTech
UAE",1
Sr. DevOps Engineer - (CI/CD & Kubernetes),GSSTech Group,"GSSTech Group
Dubai",United Arab Emirates,🇦🇪,1,DevOps Engineer,2026-08-13,2026-08-13,Indeed-Browser,No,On-site / Hybrid,95%,Not Specified,"Kubernetes, CI/CD",Country_Resumes/Hemachandiran_Giri_CV_UAE.docx,No,,https://www.indeed.com/viewjob?jk=cd22bb6bc62627a2,"GSSTech Group
Dubai",5
Sr. DevOps Engineer - OpenShift & CI/CD,GSSTech Group,"GSSTech Group
Dubai",United Arab Emirates,🇦🇪,1,DevOps Engineer,2026-08-13,2026-08-13,Indeed-Browser,No,On-site / Hybrid,95%,Not Specified,CI/CD,Country_Resumes/Hemachandiran_Giri_CV_UAE.docx,No,,https://www.indeed.com/viewjob?jk=9c77db0a84d681b6,"GSSTech Group
Dubai",5
Customer Success Engineer Dubai,Aikido Security,"Aikido Security
Remote in Dubai",United Arab Emirates,🇦🇪,1,DevOps Engineer,2026-08-13,2026-08-13,Indeed-Browser,No,Remote,80%,Not Specified,"AWS, Kubernetes, CI/CD, Terraform, Linux",Country_Resumes/Hemachandiran_Giri_CV_UAE.docx,No,,https://www.indeed.com/viewjob?jk=488061b39c2b791c,"Aikido Security
Remote in Dubai",1
GRC Engineer,VaporVM,"VaporVM
Dubai",United Arab Emirates,🇦🇪,1,DevOps Engineer,2026-08-13,2026-08-13,Indeed-Browser,No,On-site / Hybrid,80%,Not Specified,"AWS, Kubernetes, CI/CD, Terraform, Linux",Country_Resumes/Hemachandiran_Giri_CV_UAE.docx,No,,https://www.indeed.com/viewjob?jk=14a8397efdfc4578,"VaporVM
Dubai",3
Senior Software Engineer,Technology Innovation Institute,"Technology Innovation Institute
UAE",United Arab Emirates,🇦🇪,1,DevOps Engineer,2026-08-13,2026-08-13,Indeed-Browser,No,On-site / Hybrid,80%,Not Specified,"AWS, Kubernetes, CI/CD, Terraform, Linux",Country_Resumes/Hemachandiran_Giri_CV_UAE.docx,No,,https://www.indeed.com/viewjob?jk=ef2796cff28392be,"Technology Innovation Institute
UAE",1
Product Lead & Senior Python Engineer (CKAN & AI-Enabled Data Platforms),Team bridge advisory,"Team bridge advisory
Abu Dhabi",United Arab Emirates,🇦🇪,1,DevOps Engineer,2026-08-13,2026-08-13,Indeed-Browser,No,On-site / Hybrid,95%,Not Specified,Python,Country_Resumes/Hemachandiran_Giri_CV_UAE.docx,No,,https://www.indeed.com/viewjob?jk=cb69336161b66929,"Team bridge advisory
Abu Dhabi",1
DevOps Engineer,SureFlow,"SureFlow
Dubai Healthcare City",United Arab Emirates,🇦🇪,1,DevOps Engineer,2026-08-13,2026-08-13,Indeed-Browser,No,On-site / Hybrid,90%,Not Specified,"AWS, Kubernetes, CI/CD, Terraform, Linux",Country_Resumes/Hemachandiran_Giri_CV_UAE.docx,No,,https://www.indeed.com/viewjob?jk=44fec7da847ab3bb,"SureFlow
Dubai Healthcare City",1
Data Engineer,Dubai Data,"Dubai Data
Dubai International City",United Arab Emirates,🇦🇪,1,DevOps Engineer,2026-08-13,2026-08-13,Indeed-Browser,No,On-site / Hybrid,80%,Not Specified,"AWS, Kubernetes, CI/CD, Terraform, Linux",Country_Resumes/Hemachandiran_Giri_CV_UAE.docx,No,,https://www.indeed.com/viewjob?jk=01e34873e95ad377,"Dubai Data
Dubai International City",1
Solutions Architect - NVIDIA Cloud Partners and Datacentre Infrastructure,NVIDIA,"NVIDIA
Remote",United Arab Emirates,🇦🇪,1,Cloud Engineer,2026-08-13,2026-08-13,Indeed-Browser,No,Remote,90%,Not Specified,"AWS, Kubernetes, CI/CD, Terraform, Linux",Country_Resumes/Hemachandiran_Giri_CV_UAE.docx,No,,https://www.indeed.com/viewjob?jk=2420c0b3959d170c,"NVIDIA
Remote",1
Salesforce Technical Lead,Digital spidy HR Consultancies LLC,"Digital spidy HR Consultancies LLC
Dubai",United Arab Emirates,🇦🇪,1,Cloud Engineer,2026-08-13,2026-08-13,Indeed-Browser,No,On-site / Hybrid,80%,Not Specified,"AWS, Kubernetes, CI/CD, Terraform, Linux",Country_Resumes/Hemachandiran_Giri_CV_UAE.docx,No,,https://www.indeed.com/viewjob?jk=fd5051804d19b5c4,"Digital spidy HR Consultancies LLC
Dubai",1
Senior Azure AI Architect,Capgemini Sogeti,"Capgemini Sogeti
Dubai",United Arab Emirates,🇦🇪,1,Cloud Engineer,2026-08-13,2026-08-13,Indeed-Browser,No,On-site / Hybrid,80%,Not Specified,Azure,Country_Resumes/Hemachandiran_Giri_CV_UAE.docx,No,,https://www.indeed.com/viewjob?jk=1fe78a32d36fe0bd,"Capgemini Sogeti
Dubai",1
IT Infrastructure Engineer,PROOFOPS,"PROOFOPS
Dubai",United Arab Emirates,🇦🇪,1,Cloud Engineer,2026-08-13,2026-08-13,Indeed-Browser,No,On-site / Hybrid,90%,Not Specified,"AWS, Kubernetes, CI/CD, Terraform, Linux",Country_Resumes/Hemachandiran_Giri_CV_UAE.docx,No,,https://www.indeed.com/viewjob?jk=9326fe88851fdd96,"PROOFOPS
Dubai",1
NETWORK ENGINEER,Star Services,"Star Services
Abu Dhabi",United Arab Emirates,🇦🇪,1,Cloud Engineer,2026-08-13,2026-08-13,Indeed-Browser,No,On-site / Hybrid,80%,Not Specified,"AWS, Kubernetes, CI/CD, Terraform, Linux",Country_Resumes/Hemachandiran_Giri_CV_UAE.docx,No,,https://www.indeed.com/viewjob?jk=e6167b4e1f7359ab,"Star Services
Abu Dhabi",1
"Senior Customer Solutions Engineer, Edge AI",Armada,"Armada
Remote in Dubai",United Arab Emirates,🇦🇪,1,Cloud Engineer,2026-08-13,2026-08-13,Indeed-Browser,No,Remote,80%,Not Specified,"AWS, Kubernetes, CI/CD, Terraform, Linux",Country_Resumes/Hemachandiran_Giri_CV_UAE.docx,No,,https://www.indeed.com/viewjob?jk=af59af04d6c0cd0b,"Armada
Remote in Dubai",1
"Senior Customer Solutions Engineer, Edge AI",Armada,ArmadaRemote in Dubai,United Arab Emirates,🇦🇪,1,Cloud Engineer,2026-08-13,2026-08-13,Indeed-Browser,No,Remote,80%,Not Specified,"AWS, Kubernetes, CI/CD, Terraform, Linux",Country_Resumes/Hemachandiran_Giri_CV_UAE.docx,No,,https://www.indeed.com/viewjob?jk=fedcba9876543210,ArmadaRemote in Dubai,1
IT Specialist,Impact World Banking Consultancy,"Impact World Banking Consultancy
Dubai",United Arab Emirates,🇦🇪,1,Cloud Engineer,2026-08-13,2026-08-13,Indeed-Browser,No,On-site / Hybrid,80%,Not Specified,"AWS, Kubernetes, CI/CD, Terraform, Linux",Country_Resumes/Hemachandiran_Giri_CV_UAE.docx,No,,https://www.indeed.com/viewjob?jk=37395e4633f4e4af,"Impact World Banking Consultancy
Dubai",1
Signage Printing Production Engineer,Emirates Talent - HMI,"Emirates Talent - HMI
Dubai",United Arab Emirates,🇦🇪,1,Site Reliability Engineer,2026-08-13,2026-08-13,Indeed-Browser,No,On-site / Hybrid,80%,Not Specified,"AWS, Kubernetes, CI/CD, Terraform, Linux",Country_Resumes/Hemachandiran_Giri_CV_UAE.docx,No,,https://www.indeed.com/viewjob?jk=346df8b9e805dd3e,"Emirates Talent - HMI
Dubai",1
Sr. DevOps Engineer - (CI/CD & Kubernetes),GSSTech Group,GSSTech GroupDubai,United Arab Emirates,🇦🇪,1,Site Reliability Engineer,2026-08-13,2026-08-13,Indeed-Browser,No,On-site / Hybrid,95%,Not Specified,"Kubernetes, CI/CD",Country_Resumes/Hemachandiran_Giri_CV_UAE.docx,No,,https://www.indeed.com/viewjob?jk=cdef0123456789ab,GSSTech GroupDubai,1
Production Engineer (UAE Freshers),Mirodec Gulf,"Mirodec Gulf
Dubai",United Arab Emirates,🇦🇪,1,Site Reliability Engineer,2026-08-13,2026-08-13,Indeed-Browser,No,On-site / Hybrid,80%,Not Specified,"AWS, Kubernetes, CI/CD, Terraform, Linux",Country_Resumes/Hemachandiran_Giri_CV_UAE.docx,No,,https://www.indeed.com/viewjob?jk=3ab5117cb1e9d639,"Mirodec Gulf
Dubai",2
Software Engineer ll - Flutter,talabat,"talabat
Dubai",United Arab Emirates,🇦🇪,1,Platform Engineer,2026-08-13,2026-08-13,Indeed-Browser,No,On-site / Hybrid,80%,Not Specified,"AWS, Kubernetes, CI/CD, Terraform, Linux",Country_Resumes/Hemachandiran_Giri_CV_UAE.docx,No,,https://www.indeed.com/viewjob?jk=7a5d083edb8e5b84,"talabat
Dubai",1
IT Infrastructure & Support Engineer,Qode,"Qode
Dubai",United Arab Emirates,🇦🇪,1,Platform Engineer,2026-08-13,2026-08-13,Indeed-Browser,No,On-site / Hybrid,90%,Not Specified,"AWS, Kubernetes, CI/CD, Terraform, Linux",Country_Resumes/Hemachandiran_Giri_CV_UAE.docx,No,,https://www.indeed.com/viewjob?jk=75cd164b8d66f3d7,"Qode
Dubai",1
Sr. Product Engineer - Full Stack (eMudhra),GSSTech Group,"GSSTech Group
Dubai",United Arab Emirates,🇦🇪,1,Platform Engineer,2026-08-13,2026-08-13,Indeed-Browser,No,On-site / Hybrid,80%,Not Specified,"AWS, Kubernetes, CI/CD, Terraform, Linux",Country_Resumes/Hemachandiran_Giri_CV_UAE.docx,No,,https://www.indeed.com/viewjob?jk=cde5dffa2077b496,"GSSTech Group
Dubai",5
IT Support Engineer - (Help Desk & Infrastructure Support),GSSTech Group,"GSSTech Group
Dubai",United Arab Emirates,🇦🇪,1,Platform Engineer,2026-08-13,2026-08-13,Indeed-Browser,No,On-site / Hybrid,90%,Not Specified,"AWS, Kubernetes, CI/CD, Terraform, Linux",Country_Resumes/Hemachandiran_Giri_CV_UAE.docx,No,,https://www.indeed.com/viewjob?jk=ff6b46e53caa75cc,"GSSTech Group
Dubai",5
Planning Engineer (Infrastructure),Parsons,"Parsons
Dubai",United Arab Emirates,🇦🇪,1,Platform Engineer,2026-08-13,2026-08-13,Indeed-Browser,No,On-site / Hybrid,90%,Not Specified,"AWS, Kubernetes, CI/CD, Terraform, Linux",Country_Resumes/Hemachandiran_Giri_CV_UAE.docx,No,,https://www.indeed.com/viewjob?jk=8eb217fd7febadb3,"Parsons
Dubai",1
Senior Procurement Engineer - Infrastructure ( Wet Utilities) and Landscape,EMIRATES LINK NITCO LLC,"EMIRATES LINK NITCO LLC
Abu Dhabi",United Arab Emirates,🇦🇪,1,Platform Engineer,2026-08-13,2026-08-13,Indeed-Browser,No,On-site / Hybrid,90%,Not Specified,"AWS, Kubernetes, CI/CD, Terraform, Linux",Country_Resumes/Hemachandiran_Giri_CV_UAE.docx,No,,https://www.indeed.com/viewjob?jk=490ee832edfd4b4e,"EMIRATES LINK NITCO LLC
Abu Dhabi",1
Product Lead & Senior Python Engineer (CKAN & AI-Enabled Data Platforms),Team bridge advisory,Team bridge advisoryAbu Dhabi,United Arab Emirates,🇦🇪,1,Platform Engineer,2026-08-13,2026-08-13,Indeed-Browser,No,On-site / Hybrid,95%,Not Specified,Python,Country_Resumes/Hemachandiran_Giri_CV_UAE.docx,No,,https://www.indeed.com/viewjob?jk=456789abcdef0123,Team bridge advisoryAbu Dhabi,1
IT Support Engineer – Infrastructure & Systems,Asghar Furniture LLC,"Asghar Furniture LLC
Dubai",United Arab Emirates,🇦🇪,1,Platform Engineer,2026-08-13,2026-08-13,Indeed-Browser,No,On-site / Hybrid,90%,Not Specified,"AWS, Kubernetes, CI/CD, Terraform, Linux",Country_Resumes/Hemachandiran_Giri_CV_UAE.docx,No,,https://www.indeed.com/viewjob?jk=af009cfaa390130f,"Asghar Furniture LLC
Dubai",1
Automated Operations Engineer,Ericsson,"Ericsson
Jeddah",Saudi Arabia,🇸🇦,1,DevOps Engineer,2026-08-13,2026-08-13,Indeed-Browser,No,On-site / Hybrid,80%,Not Specified,"AWS, Kubernetes, CI/CD, Terraform, Linux",Country_Resumes/Hemachandiran_Giri_CV_SAUDI_ARABIA.docx,No,,https://www.indeed.com/viewjob?jk=0e4b0864c4ec970d,"Ericsson
Jeddah",1
AI Engineer,Saudi AZM,"Saudi AZM
Riyadh",Saudi Arabia,🇸🇦,1,DevOps Engineer,2026-08-13,2026-08-13,Indeed-Browser,No,On-site / Hybrid,80%,Not Specified,"AWS, Kubernetes, CI/CD, Terraform, Linux",Country_Resumes/Hemachandiran_Giri_CV_SAUDI_ARABIA.docx,No,,https://www.indeed.com/viewjob?jk=1ed7aec0c6127b31,"Saudi AZM
Riyadh",1
"Data Center Operations Engineer, Senior – Cloud AI - Riyadh, KSA",Qualcomm,"Qualcomm
Riyadh",Saudi Arabia,🇸🇦,1,DevOps Engineer,2026-08-13,2026-08-13,Indeed-Browser,No,On-site / Hybrid,90%,Not Specified,"AWS, Kubernetes, CI/CD, Terraform, Linux",Country_Resumes/Hemachandiran_Giri_CV_SAUDI_ARABIA.docx,No,,https://www.indeed.com/viewjob?jk=4191f229f31092ce,"Qualcomm
Riyadh",1
Enterprise Solutions Architect - Presales Expert,DXC Technology,"DXC Technology
Riyadh",Saudi Arabia,🇸🇦,1,Cloud Engineer,2026-08-13,2026-08-13,Indeed-Browser,No,On-site / Hybrid,80%,Not Specified,"AWS, Kubernetes, CI/CD, Terraform, Linux",Country_Resumes/Hemachandiran_Giri_CV_SAUDI_ARABIA.docx,No,,https://www.indeed.com/viewjob?jk=8a1e8af5706a08af,"DXC Technology
Riyadh",2
Cloud and Infrastructure Solutions Architect - Presales Expert,DXC Technology,"DXC Technology
Riyadh",Saudi Arabia,🇸🇦,1,Cloud Engineer,2026-08-13,2026-08-13,Indeed-Browser,No,On-site / Hybrid,90%,Not Specified,"AWS, Kubernetes, CI/CD, Terraform, Linux",Country_Resumes/Hemachandiran_Giri_CV_SAUDI_ARABIA.docx,No,,https://www.indeed.com/viewjob?jk=b417232b9ea7e6d5,"DXC Technology
Riyadh",2
مهندس ذكاء اصطناعي | Artificial Intelligence Engineer,شركة الفكر الرقمي للاتصالات وتقنية المعلومات,"شركة الفكر الرقمي للاتصالات وتقنية المعلومات
Riyadh",Saudi Arabia,🇸🇦,1,Cloud Engineer,2026-08-13,2026-08-13,Indeed-Browser,No,On-site / Hybrid,80%,Not Specified,"AWS, Kubernetes, CI/CD, Terraform, Linux",Country_Resumes/Hemachandiran_Giri_CV_SAUDI_ARABIA.docx,No,,https://www.indeed.com/viewjob?jk=3fe316a9e19aa889,"شركة الفكر الرقمي للاتصالات وتقنية المعلومات
Riyadh",1
Software Engineer,GE Aerospace,"GE Aerospace
Doha",Qatar,🇶🇦,1,DevOps Engineer,2026-08-13,2026-08-13,Indeed-Browser,No,On-site / Hybrid,80%,Not Specified,"AWS, Kubernetes, CI/CD, Terraform, Linux",Country_Resumes/Hemachandiran_Giri_CV_QATAR.docx,No,,https://www.indeed.com/viewjob?jk=269d9f5073a5cf58,"GE Aerospace
Doha",1
EW DevOps Engineer Supervising Associate (F/M/D),EY,"EY
Amsterdam",Netherlands,🇳🇱,1,DevOps Engineer,2026-08-13,2026-08-13,Indeed-Browser,No,On-site / Hybrid,90%,Not Specified,"AWS, Kubernetes, CI/CD, Terraform, Linux",Country_Resumes/Hemachandiran_Giri_CV_NETHERLANDS.docx,No,,https://www.indeed.com/viewjob?jk=becff10363978e79,"EY
Amsterdam",1
DevOps Engineer Schade Expat & Reis,De Goudse Verzekeringen,"De Goudse Verzekeringen
2801 Gouda",Netherlands,🇳🇱,1,DevOps Engineer,2026-08-13,2026-08-13,Indeed-Browser,No,On-site / Hybrid,90%,Not Specified,"AWS, Kubernetes, CI/CD, Terraform, Linux",Country_Resumes/Hemachandiran_Giri_CV_NETHERLANDS.docx,No,,https://www.indeed.com/viewjob?jk=e5c2a0f87198299b,"De Goudse Verzekeringen
2801 Gouda",1
Junior DevOps Engineer,KPN,"KPN
Hybride werken in Rotterdam",Netherlands,🇳🇱,1,DevOps Engineer,2026-08-13,2026-08-13,Indeed-Browser,No,On-site / Hybrid,90%,Not Specified,"AWS, Kubernetes, CI/CD, Terraform, Linux",Country_Resumes/Hemachandiran_Giri_CV_NETHERLANDS.docx,No,,https://www.indeed.com/viewjob?jk=0e1548c91a21c1b9,"KPN
Hybride werken in Rotterdam",1
Platform Engineer,Catawiki,"Catawiki
Hybride werken in Amsterdam",Netherlands,🇳🇱,1,Cloud Engineer,2026-08-13,2026-08-13,Indeed-Browser,No,On-site / Hybrid,90%,Not Specified,"AWS, Kubernetes, CI/CD, Terraform, Linux",Country_Resumes/Hemachandiran_Giri_CV_NETHERLANDS.docx,No,,https://www.indeed.com/viewjob?jk=ced8985fa532d964,"Catawiki
Hybride werken in Amsterdam",1
Cloud Security Engineer,Vrije Universiteit Amsterdam,"Vrije Universiteit Amsterdam
Hybride werken in Nederland",Netherlands,🇳🇱,1,Cloud Engineer,2026-08-13,2026-08-13,Indeed-Browser,No,On-site / Hybrid,90%,Not Specified,"AWS, Kubernetes, CI/CD, Terraform, Linux",Country_Resumes/Hemachandiran_Giri_CV_NETHERLANDS.docx,No,,https://www.indeed.com/viewjob?jk=ed8739f066372798,"Vrije Universiteit Amsterdam
Hybride werken in Nederland",1
Systems Engineer,Digital Realty,"Digital Realty
Amsterdam",Netherlands,🇳🇱,1,Cloud Engineer,2026-08-13,2026-08-13,Indeed-Browser,No,On-site / Hybrid,80%,Not Specified,"AWS, Kubernetes, CI/CD, Terraform, Linux",Country_Resumes/Hemachandiran_Giri_CV_NETHERLANDS.docx,No,,https://www.indeed.com/viewjob?jk=20a63bda28c80520,"Digital Realty
Amsterdam",1
"Software Engineer, Data Infrastructure & Acquisition - Amsterdam, Netherlands",Speechify,"Speechify
Thuiswerk in Amsterdam",Netherlands,🇳🇱,1,Cloud Engineer,2026-08-13,2026-08-13,Indeed-Browser,No,On-site / Hybrid,90%,Not Specified,"AWS, Kubernetes, CI/CD, Terraform, Linux",Country_Resumes/Hemachandiran_Giri_CV_NETHERLANDS.docx,No,,https://www.indeed.com/viewjob?jk=d79146e95795d9da,"Speechify
Thuiswerk in Amsterdam",1
Senior Consultant – End User Technology (EUT) Engineer,Deloitte,"Deloitte
Hybride werken in 3072 Rotterdam",Netherlands,🇳🇱,1,Cloud Engineer,2026-08-13,2026-08-13,Indeed-Browser,No,On-site / Hybrid,80%,Not Specified,"AWS, Kubernetes, CI/CD, Terraform, Linux",Country_Resumes/Hemachandiran_Giri_CV_NETHERLANDS.docx,No,,https://www.indeed.com/viewjob?jk=7d289c3fb9188638,"Deloitte
Hybride werken in 3072 Rotterdam",1
Tech Lead Platform Engineering,Budget Thuis,"Budget Thuis
Hybride werken in 1017 Amsterdam Centrum",Netherlands,🇳🇱,1,Cloud Engineer,2026-08-13,2026-08-13,Indeed-Browser,No,On-site / Hybrid,90%,Not Specified,"AWS, Kubernetes, CI/CD, Terraform, Linux",Country_Resumes/Hemachandiran_Giri_CV_NETHERLANDS.docx,No,,https://www.indeed.com/viewjob?jk=3ddf40d102404608,"Budget Thuis
Hybride werken in 1017 Amsterdam Centrum",1
System engineer end user computing,Gemeente Maastricht,"Gemeente Maastricht
Hybride werken in Gemeente Maastricht",Netherlands,🇳🇱,1,Cloud Engineer,2026-08-13,2026-08-13,Indeed-Browser,No,On-site / Hybrid,80%,Not Specified,"AWS, Kubernetes, CI/CD, Terraform, Linux",Country_Resumes/Hemachandiran_Giri_CV_NETHERLANDS.docx,No,,https://www.indeed.com/viewjob?jk=62d0e2ea3c3c9ecc,"Gemeente Maastricht
Hybride werken in Gemeente Maastricht",1
Modern Workplace Engineer,VINCI Energies,"VINCI Energies
Hybride werken in Eindhoven",Netherlands,🇳🇱,1,Cloud Engineer,2026-08-13,2026-08-13,Indeed-Browser,No,On-site / Hybrid,80%,Not Specified,"AWS, Kubernetes, CI/CD, Terraform, Linux",Country_Resumes/Hemachandiran_Giri_CV_NETHERLANDS.docx,No,,https://www.indeed.com/viewjob?jk=ecd5693ace63a3a7,"VINCI Energies
Hybride werken in Eindhoven",1
Maintenance Monteur - Storing & Onderhoud,MSD,"MSD
Boxmeer",Netherlands,🇳🇱,1,Site Reliability Engineer,2026-08-13,2026-08-13,Indeed-Browser,No,On-site / Hybrid,80%,Not Specified,"AWS, Kubernetes, CI/CD, Terraform, Linux",Country_Resumes/Hemachandiran_Giri_CV_NETHERLANDS.docx,No,,https://www.indeed.com/viewjob?jk=97f5653545f05fd2,"MSD
Boxmeer",1
Maintenance Monteur - Storing & Onderhoud,MSD,MSDBoxmeer,Netherlands,🇳🇱,1,Site Reliability Engineer,2026-08-13,2026-08-13,Indeed-Browser,No,On-site / Hybrid,80%,Not Specified,"AWS, Kubernetes, CI/CD, Terraform, Linux",Country_Resumes/Hemachandiran_Giri_CV_NETHERLANDS.docx,No,,https://www.indeed.com/viewjob?jk=a1b2c3d4e5f67890,MSDBoxmeer,1
Cloud Security Engineer,Vrije Universiteit Amsterdam,"Vrije Universiteit Amsterdam
Hybride werken in 1081 Amsterdam Zuid",Netherlands,🇳🇱,1,Platform Engineer,2026-08-13,2026-08-13,Indeed-Browser,No,On-site / Hybrid,90%,Not Specified,"AWS, Kubernetes, CI/CD, Terraform, Linux",Country_Resumes/Hemachandiran_Giri_CV_NETHERLANDS.docx,No,,https://www.indeed.com/viewjob?jk=f36376c08015272d,"Vrije Universiteit Amsterdam
Hybride werken in 1081 Amsterdam Zuid",1
Senior platform engineer,ProRail,"ProRail
Utrecht",Netherlands,🇳🇱,1,Platform Engineer,2026-08-13,2026-08-13,Indeed-Browser,No,On-site / Hybrid,90%,Not Specified,"AWS, Kubernetes, CI/CD, Terraform, Linux",Country_Resumes/Hemachandiran_Giri_CV_NETHERLANDS.docx,No,,https://www.indeed.com/viewjob?jk=f4fdbca505e0b971,"ProRail
Utrecht",1
Platform Engineer,CZ,"CZ
Hybride werken in 5038 Tilburg",Netherlands,🇳🇱,1,Platform Engineer,2026-08-13,2026-08-13,Indeed-Browser,No,On-site / Hybrid,90%,Not Specified,"AWS, Kubernetes, CI/CD, Terraform, Linux",Country_Resumes/Hemachandiran_Giri_CV_NETHERLANDS.docx,No,,https://www.indeed.com/viewjob?jk=5142fcb70be1efde,"CZ
Hybride werken in 5038 Tilburg",1
Big Data Engineer,VodafoneZiggo,"VodafoneZiggo
Hybride werken in 3511 Utrecht",Netherlands,🇳🇱,1,Platform Engineer,2026-08-13,2026-08-13,Indeed-Browser,No,On-site / Hybrid,80%,Not Specified,"AWS, Kubernetes, CI/CD, Terraform, Linux",Country_Resumes/Hemachandiran_Giri_CV_NETHERLANDS.docx,No,,https://www.indeed.com/viewjob?jk=1124f98b466651c1,"VodafoneZiggo
Hybride werken in 3511 Utrecht",2
Test Engineer,SSC-ICT (Ministerie van BZK),"SSC-ICT (Ministerie van BZK)
Den Haag",Netherlands,🇳🇱,1,Platform Engineer,2026-08-13,2026-08-13,Indeed-Browser,No,On-site / Hybrid,80%,Not Specified,"AWS, Kubernetes, CI/CD, Terraform, Linux",Country_Resumes/Hemachandiran_Giri_CV_NETHERLANDS.docx,No,,https://www.indeed.com/viewjob?jk=571f3d27bb8fc053,"SSC-ICT (Ministerie van BZK)
Den Haag",2
SR Big Data Engineer,VodafoneZiggo,"VodafoneZiggo
Hybride werken in 3511 Utrecht",Netherlands,🇳🇱,1,Platform Engineer,2026-08-13,2026-08-13,Indeed-Browser,No,On-site / Hybrid,80%,Not Specified,"AWS, Kubernetes, CI/CD, Terraform, Linux",Country_Resumes/Hemachandiran_Giri_CV_NETHERLANDS.docx,No,,https://www.indeed.com/viewjob?jk=7838d86272c79560,"VodafoneZiggo
Hybride werken in 3511 Utrecht",2
Radiotransmissie Architect/ Engineer,Ministerie van Defensie,"Ministerie van Defensie
3818 Amersfoort",Netherlands,🇳🇱,1,Platform Engineer,2026-08-13,2026-08-13,Indeed-Browser,No,On-site / Hybrid,80%,Not Specified,"AWS, Kubernetes, CI/CD, Terraform, Linux",Country_Resumes/Hemachandiran_Giri_CV_NETHERLANDS.docx,No,,https://www.indeed.com/viewjob?jk=9916a578e6f9f247,"Ministerie van Defensie
3818 Amersfoort",1
Senior Software Engineer,Mastercard,"Mastercard
Dublin, County Dublin",Ireland,🇮🇪,1,DevOps Engineer,2026-08-13,2026-08-13,Indeed-Browser,No,On-site / Hybrid,80%,Not Specified,"AWS, Kubernetes, CI/CD, Terraform, Linux",Country_Resumes/Hemachandiran_Giri_CV_IRELAND.docx,No,,https://www.indeed.com/viewjob?jk=01a724fd48cc3c1b,"Mastercard
Dublin",2
Sr Specialist - AI Operations,Bristol-Myers Squibb,"Bristol-Myers Squibb
Remote in Dublin, County Dublin",Ireland,🇮🇪,1,DevOps Engineer,2026-08-13,2026-08-13,Indeed-Browser,No,Remote,80%,Not Specified,"AWS, Kubernetes, CI/CD, Terraform, Linux",Country_Resumes/Hemachandiran_Giri_CV_IRELAND.docx,No,,https://www.indeed.com/viewjob?jk=8fe26be3f8554191,"Bristol-Myers Squibb
Remote in Dublin",1
Sr. Site Reliability Engineer,OpenText,"OpenText
Cork, County Cork",Ireland,🇮🇪,1,DevOps Engineer,2026-08-13,2026-08-13,Indeed-Browser,No,On-site / Hybrid,90%,Not Specified,"AWS, Kubernetes, CI/CD, Terraform, Linux",Country_Resumes/Hemachandiran_Giri_CV_IRELAND.docx,No,,https://www.indeed.com/viewjob?jk=df3dc70576903b80,"OpenText
Cork",1
Senior AI Software Engineer,Johnson Controls,"Johnson Controls
Cork, County Cork",Ireland,🇮🇪,1,DevOps Engineer,2026-08-13,2026-08-13,Indeed-Browser,No,On-site / Hybrid,80%,Not Specified,"AWS, Kubernetes, CI/CD, Terraform, Linux",Country_Resumes/Hemachandiran_Giri_CV_IRELAND.docx,No,,https://www.indeed.com/viewjob?jk=4a80fbe2eaf1faf9,"Johnson Controls
Cork",1
Platform Engineer II,Mastercard,"Mastercard
Dublin, County Dublin",Ireland,🇮🇪,1,DevOps Engineer,2026-08-13,2026-08-13,Indeed-Browser,No,On-site / Hybrid,90%,Not Specified,"AWS, Kubernetes, CI/CD, Terraform, Linux",Country_Resumes/Hemachandiran_Giri_CV_IRELAND.docx,No,,https://www.indeed.com/viewjob?jk=cdaa2d153ba0c667,"Mastercard
Dublin",2
Senior Software Engineer I,LexisNexis Risk Solutions,"LexisNexis Risk Solutions
Dublin, County Dublin",Ireland,🇮🇪,1,DevOps Engineer,2026-08-13,2026-08-13,Indeed-Browser,No,On-site / Hybrid,80%,Not Specified,"AWS, Kubernetes, CI/CD, Terraform, Linux",Country_Resumes/Hemachandiran_Giri_CV_IRELAND.docx,No,,https://www.indeed.com/viewjob?jk=7af9769d934ce04e,"LexisNexis Risk Solutions
Dublin",1
Senior Software Engineer I,RELX,"RELX
Dublin, County Dublin",Ireland,🇮🇪,1,DevOps Engineer,2026-08-13,2026-08-13,Indeed-Browser,No,On-site / Hybrid,80%,Not Specified,"AWS, Kubernetes, CI/CD, Terraform, Linux",Country_Resumes/Hemachandiran_Giri_CV_IRELAND.docx,No,,https://www.indeed.com/viewjob?jk=1d6c49530decca15,"RELX
Dublin",1
UKI Technology Consulting - Automation Test Manager,EY,"EY
Hybrid work in DUBLIN 2, County Dublin",Ireland,🇮🇪,1,DevOps Engineer,2026-08-13,2026-08-13,Indeed-Browser,No,On-site / Hybrid,80%,Not Specified,"AWS, Kubernetes, CI/CD, Terraform, Linux",Country_Resumes/Hemachandiran_Giri_CV_IRELAND.docx,No,,https://www.indeed.com/viewjob?jk=e18d24673c98c305,"EY
Hybrid work in DUBLIN 2",2
Senior Software Engineer - Webex,Cisco Systems,"Cisco Systems
Hybrid work in Galway, County Galway",Ireland,🇮🇪,1,DevOps Engineer,2026-08-13,2026-08-13,Indeed-Browser,No,On-site / Hybrid,80%,Not Specified,"AWS, Kubernetes, CI/CD, Terraform, Linux",Country_Resumes/Hemachandiran_Giri_CV_IRELAND.docx,No,,https://www.indeed.com/viewjob?jk=43a3aa5cda13c35b,"Cisco Systems
Hybrid work in Galway",2
Software Engineer - Webex,Cisco Systems,"Cisco Systems
Hybrid work in Galway, County Galway",Ireland,🇮🇪,1,DevOps Engineer,2026-08-13,2026-08-13,Indeed-Browser,No,On-site / Hybrid,80%,Not Specified,"AWS, Kubernetes, CI/CD, Terraform, Linux",Country_Resumes/Hemachandiran_Giri_CV_IRELAND.docx,No,,https://www.indeed.com/viewjob?jk=86d18e2cb95efcef,"Cisco Systems
Hybrid work in Galway",2
FS Technology Consulting - Senior Solution Architect - Senior Manager/Director - Dublin,EY,"EY
Hybrid work in DUBLIN 2, County Dublin",Ireland,🇮🇪,1,DevOps Engineer,2026-08-13,2026-08-13,Indeed-Browser,No,On-site / Hybrid,80%,Not Specified,"AWS, Kubernetes, CI/CD, Terraform, Linux",Country_Resumes/Hemachandiran_Giri_CV_IRELAND.docx,No,,https://www.indeed.com/viewjob?jk=59f27bff9e1bd1e1,"EY
Hybrid work in DUBLIN 2",2
Senior Azure Administrator,Version 1,"Version 1
Dublin, County Dublin",Ireland,🇮🇪,1,Cloud Engineer,2026-08-13,2026-08-13,Indeed-Browser,No,On-site / Hybrid,80%,Not Specified,Azure,Country_Resumes/Hemachandiran_Giri_CV_IRELAND.docx,No,,https://www.indeed.com/viewjob?jk=ad2deffa05cde77b,"Version 1
Dublin",1
Innealtóir Léirithe Réigiúnach/Regional Production Engineer,RTÉ,"RTÉ
Carraroe, County Galway",Ireland,🇮🇪,1,Site Reliability Engineer,2026-08-13,2026-08-13,Indeed-Browser,No,On-site / Hybrid,80%,Not Specified,"AWS, Kubernetes, CI/CD, Terraform, Linux",Country_Resumes/Hemachandiran_Giri_CV_IRELAND.docx,No,,https://www.indeed.com/viewjob?jk=13fdba18a7ff50ff,"RTÉ
Carraroe",1
Innealtóir Léirithe Réigiúnach/Regional Production Engineer,RTÉ,"RTÉCarraroe, County Galway",Ireland,🇮🇪,1,Site Reliability Engineer,2026-08-13,2026-08-13,Indeed-Browser,No,On-site / Hybrid,80%,Not Specified,"AWS, Kubernetes, CI/CD, Terraform, Linux",Country_Resumes/Hemachandiran_Giri_CV_IRELAND.docx,No,,https://www.indeed.com/viewjob?jk=0f1e2d3c4b5a6978,RTÉCarraroe,1
Innealtóir Léirithe Réigiúnach/Regional Production Engineer,Raidió Teilifís Éireann,"Raidió Teilifís Éireann
Galway, County Galway",Ireland,🇮🇪,1,Site Reliability Engineer,2026-08-13,2026-08-13,Indeed-Browser,No,On-site / Hybrid,80%,Not Specified,"AWS, Kubernetes, CI/CD, Terraform, Linux",Country_Resumes/Hemachandiran_Giri_CV_IRELAND.docx,No,,https://www.indeed.com/viewjob?jk=d8581bfe67916840,"Raidió Teilifís Éireann
Galway",1
Director of Software Engineering,JPMorganChase,"JPMorganChase
DUBLIN 2, County Dublin",Ireland,🇮🇪,1,Platform Engineer,2026-08-13,2026-08-13,Indeed-Browser,No,On-site / Hybrid,80%,Not Specified,"AWS, Kubernetes, CI/CD, Terraform, Linux",Country_Resumes/Hemachandiran_Giri_CV_IRELAND.docx,No,,https://www.indeed.com/viewjob?jk=c4a7b475749d152a,"JPMorganChase
DUBLIN 2",1
Service Operations Technical Analyst,Fexco,"Fexco
County Kerry",Ireland,🇮🇪,1,Platform Engineer,2026-08-13,2026-08-13,Indeed-Browser,No,On-site / Hybrid,80%,Not Specified,"AWS, Kubernetes, CI/CD, Terraform, Linux",Country_Resumes/Hemachandiran_Giri_CV_IRELAND.docx,No,,https://www.indeed.com/viewjob?jk=97ebfbc3e21076aa,"Fexco
County Kerry",1
Senior Microsoft Dynamics 365 CE & Power Platform Engineer,Codec,"Codec
Hybrid work in Dublin, County Dublin",Ireland,🇮🇪,1,Platform Engineer,2026-08-13,2026-08-13,Indeed-Browser,No,On-site / Hybrid,90%,Not Specified,"AWS, Kubernetes, CI/CD, Terraform, Linux",Country_Resumes/Hemachandiran_Giri_CV_IRELAND.docx,No,,https://www.indeed.com/viewjob?jk=458bd9f01b417f5f,"Codec
Hybrid work in Dublin",1
Senior Software Engineer,Leapit Nordics AB,"Leapit Nordics AB
211 34 Malmö",Sweden,🇸🇪,1,DevOps Engineer,2026-08-13,2026-08-13,Indeed-Browser,No,On-site / Hybrid,80%,Not Specified,"AWS, Kubernetes, CI/CD, Terraform, Linux",Country_Resumes/Hemachandiran_Giri_CV_SWEDEN.docx,No,,https://www.indeed.com/viewjob?jk=a93da4de651982e8,"Leapit Nordics AB
211 34 Malmö",1
Cloud Platform Engineer,Telia Company AB,"Telia Company AB
Solna",Sweden,🇸🇪,1,DevOps Engineer,2026-08-13,2026-08-13,Indeed-Browser,No,On-site / Hybrid,90%,Not Specified,"AWS, Kubernetes, CI/CD, Terraform, Linux",Country_Resumes/Hemachandiran_Giri_CV_SWEDEN.docx,No,,https://www.indeed.com/viewjob?jk=cf862e2da9602824,"Telia Company AB
Solna",1
AI Engineer till Knowit i Umeå,Knowit Sweden,"Knowit Sweden
903 29 Umeå",Sweden,🇸🇪,1,DevOps Engineer,2026-08-13,2026-08-13,Indeed-Browser,No,On-site / Hybrid,80%,Not Specified,"AWS, Kubernetes, CI/CD, Terraform, Linux",Country_Resumes/Hemachandiran_Giri_CV_SWEDEN.docx,No,,https://www.indeed.com/viewjob?jk=878314df42f579ba,"Knowit Sweden
903 29 Umeå",1
DevSecOps Engineer,Agile Resources AB,"Agile Resources AB
Göteborg",Sweden,🇸🇪,1,DevOps Engineer,2026-08-13,2026-08-13,Indeed-Browser,No,On-site / Hybrid,80%,Not Specified,"AWS, Kubernetes, CI/CD, Terraform, Linux",Country_Resumes/Hemachandiran_Giri_CV_SWEDEN.docx,No,,https://www.indeed.com/viewjob?jk=b7f2772a6f61c182,"Agile Resources AB
Göteborg",1
Development & DevOps Engineer,Friday Väst AB,"Friday Väst AB
111 30 Stockholm",Sweden,🇸🇪,1,DevOps Engineer,2026-08-13,2026-08-13,Indeed-Browser,No,On-site / Hybrid,90%,Not Specified,"AWS, Kubernetes, CI/CD, Terraform, Linux",Country_Resumes/Hemachandiran_Giri_CV_SWEDEN.docx,No,,https://www.indeed.com/viewjob?jk=5e3547f0f26dcf1a,"Friday Väst AB
111 30 Stockholm",2
Junior Cloud Engineer,IPercept Technology AB,"IPercept Technology AB
114 28 Stockholm",Sweden,🇸🇪,1,DevOps Engineer,2026-08-13,2026-08-13,Indeed-Browser,No,On-site / Hybrid,90%,Not Specified,"AWS, Kubernetes, CI/CD, Terraform, Linux",Country_Resumes/Hemachandiran_Giri_CV_SWEDEN.docx,No,,https://www.indeed.com/viewjob?jk=4a3997d41347635b,"IPercept Technology AB
114 28 Stockholm",1
"Operations Manager, Sales Engineering, Northwest Europe","SOTI Ireland Ltd, Filial Sverige","SOTI Ireland Ltd, Filial Sverige
416 64 Göteborg",Sweden,🇸🇪,1,DevOps Engineer,2026-08-13,2026-08-13,Indeed-Browser,No,On-site / Hybrid,80%,Not Specified,"AWS, Kubernetes, CI/CD, Terraform, Linux",Country_Resumes/Hemachandiran_Giri_CV_SWEDEN.docx,No,,https://www.indeed.com/viewjob?jk=5308442028819ad5,SOTI Ireland Ltd,1
Software Developers Telecom,ALTEN Sverige,"ALTEN Sverige
Göteborg",Sweden,🇸🇪,1,DevOps Engineer,2026-08-13,2026-08-13,Indeed-Browser,No,On-site / Hybrid,80%,Not Specified,"AWS, Kubernetes, CI/CD, Terraform, Linux",Country_Resumes/Hemachandiran_Giri_CV_SWEDEN.docx,No,,https://www.indeed.com/viewjob?jk=c6907b78e21459af,"ALTEN Sverige
Göteborg",1
"Operations Manager, Sales Engineering, Northwest Europe",SOTI Inc.,"SOTI Inc.
Göteborg",Sweden,🇸🇪,1,DevOps Engineer,2026-08-13,2026-08-13,Indeed-Browser,No,On-site / Hybrid,80%,Not Specified,"AWS, Kubernetes, CI/CD, Terraform, Linux",Country_Resumes/Hemachandiran_Giri_CV_SWEDEN.docx,No,,https://www.indeed.com/viewjob?jk=2095f37e73e5f235,"SOTI Inc.
Göteborg",1
"Operations Manager, Sales Engineering, Northwest Europe",SOTI Inc.,SOTI Inc.Göteborg,Sweden,🇸🇪,1,DevOps Engineer,2026-08-13,2026-08-13,Indeed-Browser,No,On-site / Hybrid,80%,Not Specified,"AWS, Kubernetes, CI/CD, Terraform, Linux",Country_Resumes/Hemachandiran_Giri_CV_SWEDEN.docx,No,,https://www.indeed.com/viewjob?jk=890abcdef0123456,SOTI Inc.Göteborg,1
Solution Engineer - Integration Platform,Sandvik,"Sandvik
Stockholm",Sweden,🇸🇪,1,DevOps Engineer,2026-08-13,2026-08-13,Indeed-Browser,No,On-site / Hybrid,90%,Not Specified,"AWS, Kubernetes, CI/CD, Terraform, Linux",Country_Resumes/Hemachandiran_Giri_CV_SWEDEN.docx,No,,https://www.indeed.com/viewjob?jk=05490f3da6a09b6b,"Sandvik
Stockholm",2
Solution Engineer - Integration Delivery,Sandvik,"Sandvik
Stockholm",Sweden,🇸🇪,1,DevOps Engineer,2026-08-13,2026-08-13,Indeed-Browser,No,On-site / Hybrid,80%,Not Specified,"AWS, Kubernetes, CI/CD, Terraform, Linux",Country_Resumes/Hemachandiran_Giri_CV_SWEDEN.docx,No,,https://www.indeed.com/viewjob?jk=7e15e72a1155af3f,"Sandvik
Stockholm",2
Dev Ops engineer,Säkerhetspolisen,"Säkerhetspolisen
Stockholm",Sweden,🇸🇪,1,DevOps Engineer,2026-08-13,2026-08-13,Indeed-Browser,No,On-site / Hybrid,80%,Not Specified,"AWS, Kubernetes, CI/CD, Terraform, Linux",Country_Resumes/Hemachandiran_Giri_CV_SWEDEN.docx,No,,https://www.indeed.com/viewjob?jk=546b9c5fe26ea2df,"Säkerhetspolisen
Stockholm",1
Practice Specialist - Engineering,Wipro Limited,"Wipro Limited
111 57 Stockholm",Sweden,🇸🇪,1,Cloud Engineer,2026-08-13,2026-08-13,Indeed-Browser,No,On-site / Hybrid,80%,Not Specified,"AWS, Kubernetes, CI/CD, Terraform, Linux",Country_Resumes/Hemachandiran_Giri_CV_SWEDEN.docx,No,,https://www.indeed.com/viewjob?jk=61df1d41589a0204,"Wipro Limited
111 57 Stockholm",1
"Senior ML Engineer, Model builder and trainer",BookBeat,"BookBeat
111 34 Stockholm",Sweden,🇸🇪,1,Cloud Engineer,2026-08-13,2026-08-13,Indeed-Browser,No,On-site / Hybrid,80%,Not Specified,"AWS, Kubernetes, CI/CD, Terraform, Linux",Country_Resumes/Hemachandiran_Giri_CV_SWEDEN.docx,No,,https://www.indeed.com/viewjob?jk=8a722cf3b9c79630,"BookBeat
111 34 Stockholm",1
Data Engineer,Cypher Consulting Europe,"Cypher Consulting Europe
Distansjobb in Stockholm",Sweden,🇸🇪,1,Cloud Engineer,2026-08-13,2026-08-13,Indeed-Browser,No,On-site / Hybrid,80%,Not Specified,"AWS, Kubernetes, CI/CD, Terraform, Linux",Country_Resumes/Hemachandiran_Giri_CV_SWEDEN.docx,No,,https://www.indeed.com/viewjob?jk=232d9fc7bf55c54e,"Cypher Consulting Europe
Distansjobb in Stockholm",1
Senior Electrical Engineer,Microsoft,"Microsoft
Gävle",Sweden,🇸🇪,1,Cloud Engineer,2026-08-13,2026-08-13,Indeed-Browser,No,On-site / Hybrid,80%,Not Specified,"AWS, Kubernetes, CI/CD, Terraform, Linux",Country_Resumes/Hemachandiran_Giri_CV_SWEDEN.docx,No,,https://www.indeed.com/viewjob?jk=8784664143141900,"Microsoft
Gävle",1
Platform Engineer,Techrytera AB,"Techrytera AB
113 46 Stockholm",Sweden,🇸🇪,1,Cloud Engineer,2026-08-13,2026-08-13,Indeed-Browser,No,On-site / Hybrid,90%,Not Specified,"AWS, Kubernetes, CI/CD, Terraform, Linux",Country_Resumes/Hemachandiran_Giri_CV_SWEDEN.docx,No,,https://www.indeed.com/viewjob?jk=5ba4eaadc9cb94f9,"Techrytera AB
113 46 Stockholm",1
Erfarna beräkningsingenjörer till Advanced Platforms ﻿,Saab,"Saab
Linköping",Sweden,🇸🇪,1,Platform Engineer,2026-08-13,2026-08-13,Indeed-Browser,No,On-site / Hybrid,90%,Not Specified,"AWS, Kubernetes, CI/CD, Terraform, Linux",Country_Resumes/Hemachandiran_Giri_CV_SWEDEN.docx,No,,https://www.indeed.com/viewjob?jk=c88a0c57dcc6a1d1,"Saab
Linköping",1
Automation Engineer,Cytiva,"Cytiva
752 20 Uppsala",Sweden,🇸🇪,1,Platform Engineer,2026-08-13,2026-08-13,Indeed-Browser,No,On-site / Hybrid,80%,Not Specified,"AWS, Kubernetes, CI/CD, Terraform, Linux",Country_Resumes/Hemachandiran_Giri_CV_SWEDEN.docx,No,,https://www.indeed.com/viewjob?jk=e4b6958ac806e64d,"Cytiva
752 20 Uppsala",1
Senior Data Engineer med fokus på Databricks,Agile Resources AB,"Agile Resources AB
Södertälje",Sweden,🇸🇪,1,Platform Engineer,2026-08-13,2026-08-13,Indeed-Browser,No,On-site / Hybrid,80%,Not Specified,"AWS, Kubernetes, CI/CD, Terraform, Linux",Country_Resumes/Hemachandiran_Giri_CV_SWEDEN.docx,No,,https://www.indeed.com/viewjob?jk=e9775364d86c38f7,"Agile Resources AB
Södertälje",1
Salesforce Platform Architect,Epiroc,"Epiroc
701 91 Örebro",Sweden,🇸🇪,1,Platform Engineer,2026-08-13,2026-08-13,Indeed-Browser,No,On-site / Hybrid,90%,Not Specified,"AWS, Kubernetes, CI/CD, Terraform, Linux",Country_Resumes/Hemachandiran_Giri_CV_SWEDEN.docx,No,,https://www.indeed.com/viewjob?jk=9f3657cc2c41e6b0,"Epiroc
701 91 Örebro",1
Solution Engineer,LeadDesk,"LeadDesk
Stockholm",Sweden,🇸🇪,1,Platform Engineer,2026-08-13,2026-08-13,Indeed-Browser,No,On-site / Hybrid,80%,Not Specified,"AWS, Kubernetes, CI/CD, Terraform, Linux",Country_Resumes/Hemachandiran_Giri_CV_SWEDEN.docx,No,,https://www.indeed.com/viewjob?jk=10be33864727a349,"LeadDesk
Stockholm",1
Backend Engineer - Revenue Engineering,Soundtrack,"Soundtrack
113 30 Stockholm",Sweden,🇸🇪,1,Platform Engineer,2026-08-13,2026-08-13,Indeed-Browser,No,On-site / Hybrid,80%,Not Specified,"AWS, Kubernetes, CI/CD, Terraform, Linux",Country_Resumes/Hemachandiran_Giri_CV_SWEDEN.docx,No,,https://www.indeed.com/viewjob?jk=e75a1497546f2f1f,"Soundtrack
113 30 Stockholm",1
Platform Engineer till Polismyndigheten (Stockholm eller Göteborg),Polisen,"Polisen
Göteborg",Sweden,🇸🇪,1,Platform Engineer,2026-08-13,2026-08-13,Indeed-Browser,No,On-site / Hybrid,90%,Not Specified,"AWS, Kubernetes, CI/CD, Terraform, Linux",Country_Resumes/Hemachandiran_Giri_CV_SWEDEN.docx,No,,https://www.indeed.com/viewjob?jk=41bcf5c035ce9990,"Polisen
Göteborg",1
"Senior Software Engineer, Internal Tools",Flatpay ApS,"Flatpay ApS
2730 Herlev",Denmark,🇩🇰,1,DevOps Engineer,2026-08-13,2026-08-13,Indeed-Browser,No,On-site / Hybrid,80%,Not Specified,"AWS, Kubernetes, CI/CD, Terraform, Linux",Country_Resumes/Hemachandiran_Giri_CV_DENMARK.docx,No,,https://www.indeed.com/viewjob?jk=2146aa505fa2889c,"Flatpay ApS
2730 Herlev",6
Teknisk stærk Azure Data Factory udvikler til Forretnings- og Masterdata,Københavns Kommune,"Københavns Kommune
2400 København",Denmark,🇩🇰,1,DevOps Engineer,2026-08-13,2026-08-13,Indeed-Browser,No,On-site / Hybrid,80%,Not Specified,Azure,Country_Resumes/Hemachandiran_Giri_CV_DENMARK.docx,No,,https://www.indeed.com/viewjob?jk=92bf36bc2233a621,"Københavns Kommune
2400 København",1
Engineering Manager,Saxo Bank,"Saxo Bank
Danmark",Denmark,🇩🇰,1,DevOps Engineer,2026-08-13,2026-08-13,Indeed-Browser,No,On-site / Hybrid,80%,Not Specified,"AWS, Kubernetes, CI/CD, Terraform, Linux",Country_Resumes/Hemachandiran_Giri_CV_DENMARK.docx,No,,https://www.indeed.com/viewjob?jk=d1a803ace4601b15,"Saxo Bank
Danmark",1
Senior Security Engineer,ZeroNorth,"ZeroNorth
2300 København",Denmark,🇩🇰,1,DevOps Engineer,2026-08-13,2026-08-13,Indeed-Browser,No,On-site / Hybrid,80%,Not Specified,"AWS, Kubernetes, CI/CD, Terraform, Linux",Country_Resumes/Hemachandiran_Giri_CV_DENMARK.docx,No,,https://www.indeed.com/viewjob?jk=fd115c8271f448a0,"ZeroNorth
2300 København",1
Senior Software Engineer - Portfolio Analysis,SimCorp A/S,"SimCorp A/S
Hjemmearbejdsplads in København",Denmark,🇩🇰,1,DevOps Engineer,2026-08-13,2026-08-13,Indeed-Browser,No,On-site / Hybrid,80%,Not Specified,"AWS, Kubernetes, CI/CD, Terraform, Linux",Country_Resumes/Hemachandiran_Giri_CV_DENMARK.docx,No,,https://www.indeed.com/viewjob?jk=1383f43ef95cbcc1,"SimCorp A/S
Hjemmearbejdsplads in København",1
Senior Product Manager (Enterprise),n8n,"n8n
Hjemmearbejdsplads in Danmark",Denmark,🇩🇰,1,DevOps Engineer,2026-08-13,2026-08-13,Indeed-Browser,No,On-site / Hybrid,80%,Not Specified,"AWS, Kubernetes, CI/CD, Terraform, Linux",Country_Resumes/Hemachandiran_Giri_CV_DENMARK.docx,No,,https://www.indeed.com/viewjob?jk=89b9a45d18055c04,"n8n
Hjemmearbejdsplads in Danmark",3
"Senior Infrastructure Engineer, PostgreSQL",Laravel,"Laravel
Hjemmearbejdsplads in København",Denmark,🇩🇰,1,DevOps Engineer,2026-08-13,2026-08-13,Indeed-Browser,No,On-site / Hybrid,90%,Not Specified,"AWS, Kubernetes, CI/CD, Terraform, Linux",Country_Resumes/Hemachandiran_Giri_CV_DENMARK.docx,No,,https://www.indeed.com/viewjob?jk=21036904df338a31,"Laravel
Hjemmearbejdsplads in København",1
"Senior Android Engineer, Point-of-Sale",Flatpay ApS,"Flatpay ApS
2730 Herlev",Denmark,🇩🇰,1,Platform Engineer,2026-08-13,2026-08-13,Indeed-Browser,No,On-site / Hybrid,80%,Not Specified,"AWS, Kubernetes, CI/CD, Terraform, Linux",Country_Resumes/Hemachandiran_Giri_CV_DENMARK.docx,No,,https://www.indeed.com/viewjob?jk=b819636ef7eb1361,"Flatpay ApS
2730 Herlev",6
"Backend Engineer, Point-of-Sale",Flatpay ApS,"Flatpay ApS
2730 Herlev",Denmark,🇩🇰,1,Platform Engineer,2026-08-13,2026-08-13,Indeed-Browser,No,On-site / Hybrid,80%,Not Specified,"AWS, Kubernetes, CI/CD, Terraform, Linux",Country_Resumes/Hemachandiran_Giri_CV_DENMARK.docx,No,,https://www.indeed.com/viewjob?jk=d7b351a468917640,"Flatpay ApS
2730 Herlev",6
"Senior Backend Engineer, Point-of-Sale",Flatpay ApS,"Flatpay ApS
2730 Herlev",Denmark,🇩🇰,1,Platform Engineer,2026-08-13,2026-08-13,Indeed-Browser,No,On-site / Hybrid,80%,Not Specified,"AWS, Kubernetes, CI/CD, Terraform, Linux",Country_Resumes/Hemachandiran_Giri_CV_DENMARK.docx,No,,https://www.indeed.com/viewjob?jk=7c119981768744bd,"Flatpay ApS
2730 Herlev",6
"Android Engineer, Point-of-Sale",Flatpay ApS,"Flatpay ApS
2730 Herlev",Denmark,🇩🇰,1,Platform Engineer,2026-08-13,2026-08-13,Indeed-Browser,No,On-site / Hybrid,80%,Not Specified,"AWS, Kubernetes, CI/CD, Terraform, Linux",Country_Resumes/Hemachandiran_Giri_CV_DENMARK.docx,No,,https://www.indeed.com/viewjob?jk=7480c4372722f0bd,"Flatpay ApS
2730 Herlev",6
"Senior Software Engineer, Accounting & Bookkeeping",Flatpay ApS,"Flatpay ApS
2730 Herlev",Denmark,🇩🇰,1,Platform Engineer,2026-08-13,2026-08-13,Indeed-Browser,No,On-site / Hybrid,80%,Not Specified,"AWS, Kubernetes, CI/CD, Terraform, Linux",Country_Resumes/Hemachandiran_Giri_CV_DENMARK.docx,No,,https://www.indeed.com/viewjob?jk=555fd4c7ef5a5c66,"Flatpay ApS
2730 Herlev",6
"Automation Manager, Operational Technology® - Moulding Platform Owner",LEGO System A/S,"LEGO System A/S
Hybridarbejde in 7190 Billund",Denmark,🇩🇰,1,Platform Engineer,2026-08-13,2026-08-13,Indeed-Browser,No,On-site / Hybrid,90%,Not Specified,"AWS, Kubernetes, CI/CD, Terraform, Linux",Country_Resumes/Hemachandiran_Giri_CV_DENMARK.docx,No,,https://www.indeed.com/viewjob?jk=38129dd0ee7944d5,"LEGO System A/S
Hybridarbejde in 7190 Billund",1
GIS medarbejder,Brønderslev kommune,"Brønderslev kommune
9700 Brønderslev",Denmark,🇩🇰,1,Platform Engineer,2026-08-13,2026-08-13,Indeed-Browser,No,On-site / Hybrid,80%,Not Specified,"AWS, Kubernetes, CI/CD, Terraform, Linux",Country_Resumes/Hemachandiran_Giri_CV_DENMARK.docx,No,,https://www.indeed.com/viewjob?jk=3497564653957646,"Brønderslev kommune
9700 Brønderslev",1
Staff Core Platform Engineer,n8n,"n8n
Hjemmearbejdsplads in Danmark",Denmark,🇩🇰,1,Platform Engineer,2026-08-13,2026-08-13,Indeed-Browser,No,On-site / Hybrid,90%,Not Specified,"AWS, Kubernetes, CI/CD, Terraform, Linux",Country_Resumes/Hemachandiran_Giri_CV_DENMARK.docx,No,,https://www.indeed.com/viewjob?jk=230c260773c5dde6,"n8n
Hjemmearbejdsplads in Danmark",3
Senior Frontend Platform Engineer,n8n,"n8n
Hjemmearbejdsplads in Danmark",Denmark,🇩🇰,1,Platform Engineer,2026-08-13,2026-08-13,Indeed-Browser,No,On-site / Hybrid,90%,Not Specified,"AWS, Kubernetes, CI/CD, Terraform, Linux",Country_Resumes/Hemachandiran_Giri_CV_DENMARK.docx,No,,https://www.indeed.com/viewjob?jk=8f33f1763c72c6ac,"n8n
Hjemmearbejdsplads in Danmark",3
"Senior Director, Data Platform & Governance",LEGO System A/S,"LEGO System A/S
Hybridarbejde in 1100 København",Denmark,🇩🇰,1,Platform Engineer,2026-08-13,2026-08-13,Indeed-Browser,No,On-site / Hybrid,90%,Not Specified,"AWS, Kubernetes, CI/CD, Terraform, Linux",Country_Resumes/Hemachandiran_Giri_CV_DENMARK.docx,No,,https://www.indeed.com/viewjob?jk=233a031fbada09b7,"LEGO System A/S
Hybridarbejde in 1100 København",1
Senior Product Manager (Enterprise),n8n,"n8n
Suomi",Finland,🇫🇮,1,Site Reliability Engineer,2026-08-13,2026-08-13,Indeed-Browser,No,On-site / Hybrid,80%,Not Specified,"AWS, Kubernetes, CI/CD, Terraform, Linux",Country_Resumes/Hemachandiran_Giri_CV_FINLAND.docx,No,,https://www.indeed.com/viewjob?jk=9d1217571195e0cb,"n8n
Suomi",2
Staff Core Platform Engineer,n8n,"n8n
Suomi",Finland,🇫🇮,1,Site Reliability Engineer,2026-08-13,2026-08-13,Indeed-Browser,No,On-site / Hybrid,90%,Not Specified,"AWS, Kubernetes, CI/CD, Terraform, Linux",Country_Resumes/Hemachandiran_Giri_CV_FINLAND.docx,No,,https://www.indeed.com/viewjob?jk=50705c81a9a3ed89,"n8n
Suomi",2
Platform Engineer,Auto & General Holdings,"Auto & General Holdings
Toowong QLD 4066",Australia,🇦🇺,1,Cloud Engineer,2026-08-13,2026-08-13,Indeed-Browser,No,On-site / Hybrid,90%,Not Specified,"AWS, Kubernetes, CI/CD, Terraform, Linux",Country_Resumes/Hemachandiran_Giri_CV_AUSTRALIA.docx,No,,https://www.indeed.com/viewjob?jk=4b2a1c725e898304,"Auto & General Holdings
Toowong QLD 4066",1
Graduate / Junior Software Engineer - Automation,Angle Finance,"Angle Finance
Sydney NSW",Australia,🇦🇺,1,Cloud Engineer,2026-08-13,2026-08-13,Indeed-Browser,No,On-site / Hybrid,80%,Not Specified,"AWS, Kubernetes, CI/CD, Terraform, Linux",Country_Resumes/Hemachandiran_Giri_CV_AUSTRALIA.docx,No,,https://www.indeed.com/viewjob?jk=ac68cf93dddfab96,"Angle Finance
Sydney NSW",1
Senior Platform Engineer,Western Power,"Western Power
Perth WA 6000",Australia,🇦🇺,1,Cloud Engineer,2026-08-13,2026-08-13,Indeed-Browser,No,On-site / Hybrid,90%,Not Specified,"AWS, Kubernetes, CI/CD, Terraform, Linux",Country_Resumes/Hemachandiran_Giri_CV_AUSTRALIA.docx,No,,https://www.indeed.com/viewjob?jk=31140630cf3dff61,"Western Power
Perth WA 6000",1
"Associate Solutions Architect, APJ ECT SA (PACE)",Amazon Web Services Australia Pty Ltd,"Amazon Web Services Australia Pty Ltd
Melbourne VIC",Australia,🇦🇺,1,Cloud Engineer,2026-08-13,2026-08-13,Indeed-Browser,No,On-site / Hybrid,80%,Not Specified,"AWS, Kubernetes, CI/CD, Terraform, Linux",Country_Resumes/Hemachandiran_Giri_CV_AUSTRALIA.docx,No,,https://www.indeed.com/viewjob?jk=7fa18a35c8d60c3c,"Amazon Web Services Australia Pty Ltd
Melbourne VIC",1
Associate TSE II,MongoDB,"MongoDB
Sydney NSW",Australia,🇦🇺,1,Cloud Engineer,2026-08-13,2026-08-13,Indeed-Browser,No,On-site / Hybrid,80%,Not Specified,"AWS, Kubernetes, CI/CD, Terraform, Linux",Country_Resumes/Hemachandiran_Giri_CV_AUSTRALIA.docx,No,,https://www.indeed.com/viewjob?jk=9ee0939d3398d76f,"MongoDB
Sydney NSW",1
Principal Cloud Architect - Federal Government,Verizon,"Verizon
Lyneham ACT",Australia,🇦🇺,1,Cloud Engineer,2026-08-13,2026-08-13,Indeed-Browser,No,On-site / Hybrid,90%,Not Specified,"AWS, Kubernetes, CI/CD, Terraform, Linux",Country_Resumes/Hemachandiran_Giri_CV_AUSTRALIA.docx,No,,https://www.indeed.com/viewjob?jk=40a06ed773ca203c,"Verizon
Lyneham ACT",1
"Critical Infrastructure Electrical Field Engineer, Field Engineering",Amazon Corporate Services Pty Ltd,"Amazon Corporate Services Pty Ltd
Melbourne VIC",Australia,🇦🇺,1,Cloud Engineer,2026-08-13,2026-08-13,Indeed-Browser,No,On-site / Hybrid,90%,Not Specified,"AWS, Kubernetes, CI/CD, Terraform, Linux",Country_Resumes/Hemachandiran_Giri_CV_AUSTRALIA.docx,No,,https://www.indeed.com/viewjob?jk=0c0be8022db69a68,"Amazon Corporate Services Pty Ltd
Melbourne VIC",1
Azure Infrastructure Engineer,Guild Group,"Guild Group
Melbourne City Centre VIC",Australia,🇦🇺,1,Platform Engineer,2026-08-13,2026-08-13,Indeed-Browser,No,On-site / Hybrid,90%,Not Specified,Azure,Country_Resumes/Hemachandiran_Giri_CV_AUSTRALIA.docx,No,,https://www.indeed.com/viewjob?jk=5d168548a7e7c7ee,"Guild Group
Melbourne City Centre VIC",1
"Senior Principal Engineer, Product Platform Engineering",Xero,"Xero
Hawthorn VIC",Australia,🇦🇺,1,Platform Engineer,2026-08-13,2026-08-13,Indeed-Browser,No,On-site / Hybrid,90%,Not Specified,"AWS, Kubernetes, CI/CD, Terraform, Linux",Country_Resumes/Hemachandiran_Giri_CV_AUSTRALIA.docx,No,,https://www.indeed.com/viewjob?jk=e810a9d6652a4bb6,"Xero
Hawthorn VIC",1
Senior Site Reliability Engineer (Digital Infrastructure),Certus Digital,"Certus Digital
Melbourne VIC",Australia,🇦🇺,1,Platform Engineer,2026-08-13,2026-08-13,Indeed-Browser,No,On-site / Hybrid,90%,Not Specified,"AWS, Kubernetes, CI/CD, Terraform, Linux",Country_Resumes/Hemachandiran_Giri_CV_AUSTRALIA.docx,No,,https://www.indeed.com/viewjob?jk=2e5ac5f60ab11af3,"Certus Digital
Melbourne VIC",1
Senior Infrastructure Engineer,Alfred Health,"Alfred Health
Australia",Australia,🇦🇺,1,Platform Engineer,2026-08-13,2026-08-13,Indeed-Browser,No,On-site / Hybrid,90%,Not Specified,"AWS, Kubernetes, CI/CD, Terraform, Linux",Country_Resumes/Hemachandiran_Giri_CV_AUSTRALIA.docx,No,,https://www.indeed.com/viewjob?jk=3c4ab30cc0649a2f,"Alfred Health
Australia",1
Site Reliability Engineer,Westpac Group,"Westpac Group
Sydney NSW",Australia,🇦🇺,1,Platform Engineer,2026-08-13,2026-08-13,Indeed-Browser,No,On-site / Hybrid,90%,Not Specified,"AWS, Kubernetes, CI/CD, Terraform, Linux",Country_Resumes/Hemachandiran_Giri_CV_AUSTRALIA.docx,No,,https://www.indeed.com/viewjob?jk=543ad129e766908d,"Westpac Group
Sydney NSW",1
Senior Software Developer,SITA Switzerland Sarl,"SITA Switzerland Sarl
North Sydney NSW 2060",Australia,🇦🇺,1,Platform Engineer,2026-08-13,2026-08-13,Indeed-Browser,No,On-site / Hybrid,80%,Not Specified,"AWS, Kubernetes, CI/CD, Terraform, Linux",Country_Resumes/Hemachandiran_Giri_CV_AUSTRALIA.docx,No,,https://www.indeed.com/viewjob?jk=b40985d2c4fe832f,"SITA Switzerland Sarl
North Sydney NSW 2060",1
Quality Engineer,Corto Pty Ltd,"Corto Pty Ltd
Sydney NSW 2000",Australia,🇦🇺,1,Platform Engineer,2026-08-13,2026-08-13,Indeed-Browser,No,On-site / Hybrid,80%,Not Specified,"AWS, Kubernetes, CI/CD, Terraform, Linux",Country_Resumes/Hemachandiran_Giri_CV_AUSTRALIA.docx,No,,https://www.indeed.com/viewjob?jk=960ce12aa06ca7ed,"Corto Pty Ltd
Sydney NSW 2000",1
Production Engineer,ROBIN VILLAGE DEVELOPMENT PTE. LTD.,"ROBIN VILLAGE DEVELOPMENT PTE. LTD.
Jurong Island",Singapore,🇸🇬,1,Site Reliability Engineer,2026-08-13,2026-08-13,Indeed-Browser,No,On-site / Hybrid,80%,Not Specified,"AWS, Kubernetes, CI/CD, Terraform, Linux",Country_Resumes/Hemachandiran_Giri_CV_SINGAPORE.docx,No,,https://www.indeed.com/viewjob?jk=e3d2954e82c97c76,"ROBIN VILLAGE DEVELOPMENT PTE. LTD.
Jurong Island",1
Automation & Site Reliability Engineer (SRE)_Contract Renewable,NTT SINGAPORE PTE. LTD.,"NTT SINGAPORE PTE. LTD.
Toa Payoh",Singapore,🇸🇬,1,Site Reliability Engineer,2026-08-13,2026-08-13,Indeed-Browser,No,On-site / Hybrid,90%,Not Specified,"AWS, Kubernetes, CI/CD, Terraform, Linux",Country_Resumes/Hemachandiran_Giri_CV_SINGAPORE.docx,No,,https://www.indeed.com/viewjob?jk=86190792a6418d22,"NTT SINGAPORE PTE. LTD.
Toa Payoh",2
Production Engineer (Chemical Plant),MANFIELD EMPLOYMENT SERVICES PTE LTD,"MANFIELD EMPLOYMENT SERVICES PTE LTD
Singapore",Singapore,🇸🇬,1,Site Reliability Engineer,2026-08-13,2026-08-13,Indeed-Browser,No,On-site / Hybrid,80%,Not Specified,"AWS, Kubernetes, CI/CD, Terraform, Linux",Country_Resumes/Hemachandiran_Giri_CV_SINGAPORE.docx,No,,https://www.indeed.com/viewjob?jk=fa9fb01b03e9c7d6,"MANFIELD EMPLOYMENT SERVICES PTE LTD
Singapore",1
Production Engineer (Chemical),STAFFKING PTE. LTD.,"STAFFKING PTE. LTD.
MacPherson",Singapore,🇸🇬,1,Site Reliability Engineer,2026-08-13,2026-08-13,Indeed-Browser,No,On-site / Hybrid,80%,Not Specified,"AWS, Kubernetes, CI/CD, Terraform, Linux",Country_Resumes/Hemachandiran_Giri_CV_SINGAPORE.docx,No,,https://www.indeed.com/viewjob?jk=7d93ea26664c7573,"STAFFKING PTE. LTD.
MacPherson",1
Production Engineer,FRONTKEN (SINGAPORE) PTE LTD,"FRONTKEN (SINGAPORE) PTE LTD
Jurong Island",Singapore,🇸🇬,1,Site Reliability Engineer,2026-08-13,2026-08-13,Indeed-Browser,No,On-site / Hybrid,80%,Not Specified,"AWS, Kubernetes, CI/CD, Terraform, Linux",Country_Resumes/Hemachandiran_Giri_CV_SINGAPORE.docx,No,,https://www.indeed.com/viewjob?jk=eeb76d1389eea371,"FRONTKEN (SINGAPORE) PTE LTD
Jurong Island",1
Platform Operations Engineer,SERVICE CONNECTIONS HR CONSULTANCY PTE. LTD.,"SERVICE CONNECTIONS HR CONSULTANCY PTE. LTD.
Singapore",Singapore,🇸🇬,1,Site Reliability Engineer,2026-08-13,2026-08-13,Indeed-Browser,No,On-site / Hybrid,90%,Not Specified,"AWS, Kubernetes, CI/CD, Terraform, Linux",Country_Resumes/Hemachandiran_Giri_CV_SINGAPORE.docx,No,,https://www.indeed.com/viewjob?jk=515384cb1680d729,"SERVICE CONNECTIONS HR CONSULTANCY PTE. LTD.
Singapore",1
"Senior Engineer, Production Support",HYPERSCAL SOLUTIONS PTE. LTD.,"HYPERSCAL SOLUTIONS PTE. LTD.
Clementi",Singapore,🇸🇬,1,Site Reliability Engineer,2026-08-13,2026-08-13,Indeed-Browser,No,On-site / Hybrid,80%,Not Specified,"AWS, Kubernetes, CI/CD, Terraform, Linux",Country_Resumes/Hemachandiran_Giri_CV_SINGAPORE.docx,No,,https://www.indeed.com/viewjob?jk=51c6dab919f05b87,"HYPERSCAL SOLUTIONS PTE. LTD.
Clementi",1
Production Engineer,CARRIER TRANSICOLD PTE. LTD.,"CARRIER TRANSICOLD PTE. LTD.
Jurong Island",Singapore,🇸🇬,1,Site Reliability Engineer,2026-08-13,2026-08-13,Indeed-Browser,No,On-site / Hybrid,80%,Not Specified,"AWS, Kubernetes, CI/CD, Terraform, Linux",Country_Resumes/Hemachandiran_Giri_CV_SINGAPORE.docx,No,,https://www.indeed.com/viewjob?jk=d19c533b45bd21d5,"CARRIER TRANSICOLD PTE. LTD.
Jurong Island",1
Network Reliability Engineer (NRE),AVATAR MODERN TECHNO SERVICES PTE. LTD.,"AVATAR MODERN TECHNO SERVICES PTE. LTD.
Hybrid work in Outram",Singapore,🇸🇬,1,Site Reliability Engineer,2026-08-13,2026-08-13,Indeed-Browser,No,On-site / Hybrid,90%,Not Specified,"AWS, Kubernetes, CI/CD, Terraform, Linux",Country_Resumes/Hemachandiran_Giri_CV_SINGAPORE.docx,No,,https://www.indeed.com/viewjob?jk=663ba9c04f97ab70,"AVATAR MODERN TECHNO SERVICES PTE. LTD.
Hybrid work in Outram",1
IT Platform Engineer,GREEN LINK DIGITAL BANK PTE. LTD.,"GREEN LINK DIGITAL BANK PTE. LTD.
Clementi",Singapore,🇸🇬,1,Site Reliability Engineer,2026-08-13,2026-08-13,Indeed-Browser,No,On-site / Hybrid,90%,Not Specified,"AWS, Kubernetes, CI/CD, Terraform, Linux",Country_Resumes/Hemachandiran_Giri_CV_SINGAPORE.docx,No,,https://www.indeed.com/viewjob?jk=a671eb3ac25398cd,"GREEN LINK DIGITAL BANK PTE. LTD.
Clementi",1
Production Engineer (Aerospace),ADDITIVE FLIGHT SOLUTIONS PTE. LTD.,"ADDITIVE FLIGHT SOLUTIONS PTE. LTD.
Pasir Ris",Singapore,🇸🇬,1,Site Reliability Engineer,2026-08-13,2026-08-13,Indeed-Browser,No,On-site / Hybrid,80%,Not Specified,"AWS, Kubernetes, CI/CD, Terraform, Linux",Country_Resumes/Hemachandiran_Giri_CV_SINGAPORE.docx,No,,https://www.indeed.com/viewjob?jk=a20978a06b62631a,"ADDITIVE FLIGHT SOLUTIONS PTE. LTD.
Pasir Ris",1
Production Engineer,STELLA CHEMIFA SINGAPORE PTE LTD,"STELLA CHEMIFA SINGAPORE PTE LTD
Jurong Island",Singapore,🇸🇬,1,Site Reliability Engineer,2026-08-13,2026-08-13,Indeed-Browser,No,On-site / Hybrid,80%,Not Specified,"AWS, Kubernetes, CI/CD, Terraform, Linux",Country_Resumes/Hemachandiran_Giri_CV_SINGAPORE.docx,No,,https://www.indeed.com/viewjob?jk=1939ec5d06a60b1a,"STELLA CHEMIFA SINGAPORE PTE LTD
Jurong Island",1
Senior Software Engineer (Applications & Infrastructure),ACHERON PTE. LTD.,"ACHERON PTE. LTD.
Singapore",Singapore,🇸🇬,1,Site Reliability Engineer,2026-08-13,2026-08-13,Indeed-Browser,No,On-site / Hybrid,90%,Not Specified,"AWS, Kubernetes, CI/CD, Terraform, Linux",Country_Resumes/Hemachandiran_Giri_CV_SINGAPORE.docx,No,,https://www.indeed.com/viewjob?jk=ced12598a0a0d283,"ACHERON PTE. LTD.
Singapore",1
Senior DevOps Engineer - WCAN,WECRUIT PTE. LTD.,"WECRUIT PTE. LTD.
Singapore",Singapore,🇸🇬,1,Site Reliability Engineer,2026-08-13,2026-08-13,Indeed-Browser,No,On-site / Hybrid,90%,Not Specified,"AWS, Kubernetes, CI/CD, Terraform, Linux",Country_Resumes/Hemachandiran_Giri_CV_SINGAPORE.docx,No,,https://www.indeed.com/viewjob?jk=82c08fca666c1aa2,"WECRUIT PTE. LTD.
Singapore",1
Senior Ansible Automation Platform (AAP) Engineer – Infrastructure Automation / SRE,NTT SINGAPORE PTE. LTD.,"NTT SINGAPORE PTE. LTD.
Toa Payoh",Singapore,🇸🇬,1,Site Reliability Engineer,2026-08-13,2026-08-13,Indeed-Browser,No,On-site / Hybrid,90%,Not Specified,Ansible,Country_Resumes/Hemachandiran_Giri_CV_SINGAPORE.docx,No,,https://www.indeed.com/viewjob?jk=04d70239f5f701f0,"NTT SINGAPORE PTE. LTD.
Toa Payoh",2
Engineering Manager,Pushpay,"Pushpay
Auckland City, Auckland",New Zealand,🇳🇿,1,DevOps Engineer,2026-08-13,2026-08-13,Indeed-Browser,No,On-site / Hybrid,80%,Not Specified,"AWS, Kubernetes, CI/CD, Terraform, Linux",Country_Resumes/Hemachandiran_Giri_CV_NEW_ZEALAND.docx,No,,https://www.indeed.com/viewjob?jk=4b3744cd92c83399,"Pushpay
Auckland City",2
Platform / DevOps Engineer — Windows Server,API Connects Ltd,"API Connects Ltd
Auckland City, Auckland",New Zealand,🇳🇿,1,DevOps Engineer,2026-08-13,2026-08-13,Indeed-Browser,No,On-site / Hybrid,90%,Not Specified,"AWS, Kubernetes, CI/CD, Terraform, Linux",Country_Resumes/Hemachandiran_Giri_CV_NEW_ZEALAND.docx,No,,https://www.indeed.com/viewjob?jk=6c583e76a01dd859,"API Connects Ltd
Auckland City",1
Engineering Manager,ARLO SOFTWARE LIMITED,"ARLO SOFTWARE LIMITED
Petone 5045",New Zealand,🇳🇿,1,DevOps Engineer,2026-08-13,2026-08-13,Indeed-Browser,No,On-site / Hybrid,80%,Not Specified,"AWS, Kubernetes, CI/CD, Terraform, Linux",Country_Resumes/Hemachandiran_Giri_CV_NEW_ZEALAND.docx,No,,https://www.indeed.com/viewjob?jk=0e88fd6b57af1d7b,"ARLO SOFTWARE LIMITED
Petone 5045",1
Senior Data Engineer,FocalCXM New Zealand Limited,"FocalCXM New Zealand Limited
Auckland CBD, Auckland",New Zealand,🇳🇿,1,DevOps Engineer,2026-08-13,2026-08-13,Indeed-Browser,No,On-site / Hybrid,80%,Not Specified,"AWS, Kubernetes, CI/CD, Terraform, Linux",Country_Resumes/Hemachandiran_Giri_CV_NEW_ZEALAND.docx,No,,https://www.indeed.com/viewjob?jk=2ef2fcf598db1a83,"FocalCXM New Zealand Limited
Auckland CBD",1
Prinicipal Engineer,Xero,"Xero
Parnell, Auckland",New Zealand,🇳🇿,1,DevOps Engineer,2026-08-13,2026-08-13,Indeed-Browser,No,On-site / Hybrid,80%,Not Specified,"AWS, Kubernetes, CI/CD, Terraform, Linux",Country_Resumes/Hemachandiran_Giri_CV_NEW_ZEALAND.docx,No,,https://www.indeed.com/viewjob?jk=aa6c45063f338d26,"Xero
Parnell",1
Senior Cloud DevOps Engineer | Kaipuhanga Kapua Matua Devops,New Zealand Government,"New Zealand Government
Wellington City, Wellington",New Zealand,🇳🇿,1,DevOps Engineer,2026-08-13,2026-08-13,Indeed-Browser,No,On-site / Hybrid,90%,Not Specified,"AWS, Kubernetes, CI/CD, Terraform, Linux",Country_Resumes/Hemachandiran_Giri_CV_NEW_ZEALAND.docx,No,,https://www.indeed.com/viewjob?jk=30cb9ee82cd39610,"New Zealand Government
Wellington City",3
Software Engineer,Civil Aviation Authority of New Zealand,"Civil Aviation Authority of New Zealand
Wellington City 6011",New Zealand,🇳🇿,1,DevOps Engineer,2026-08-13,2026-08-13,Indeed-Browser,No,On-site / Hybrid,80%,Not Specified,"AWS, Kubernetes, CI/CD, Terraform, Linux",Country_Resumes/Hemachandiran_Giri_CV_NEW_ZEALAND.docx,No,,https://www.indeed.com/viewjob?jk=8a81c6134ac72c5c,"Civil Aviation Authority of New Zealand
Wellington City 6011",1
Engineering Manager,Pushpay,"Pushpay
Auckland City, Auckland",New Zealand,🇳🇿,1,Platform Engineer,2026-08-13,2026-08-13,Indeed-Browser,No,On-site / Hybrid,80%,Not Specified,"AWS, Kubernetes, CI/CD, Terraform, Linux",Country_Resumes/Hemachandiran_Giri_CV_NEW_ZEALAND.docx,No,,https://www.indeed.com/viewjob?jk=2216db5ad673d7c2,"Pushpay
Auckland City",2
Platforms Lead,Tonkin + Taylor,"Tonkin + Taylor
Auckland City, Auckland",New Zealand,🇳🇿,1,Platform Engineer,2026-08-13,2026-08-13,Indeed-Browser,No,On-site / Hybrid,90%,Not Specified,"AWS, Kubernetes, CI/CD, Terraform, Linux",Country_Resumes/Hemachandiran_Giri_CV_NEW_ZEALAND.docx,No,,https://www.indeed.com/viewjob?jk=b0c9f47af9579616,"Tonkin + Taylor
Auckland City",1
Platform Lead - Data,New Zealand Government,"New Zealand Government
Auckland City, Auckland",New Zealand,🇳🇿,1,Platform Engineer,2026-08-13,2026-08-13,Indeed-Browser,No,On-site / Hybrid,90%,Not Specified,"AWS, Kubernetes, CI/CD, Terraform, Linux",Country_Resumes/Hemachandiran_Giri_CV_NEW_ZEALAND.docx,No,,https://www.indeed.com/viewjob?jk=6d6fc1b4d4835636,"New Zealand Government
Auckland City",1
Cloud Engineering Manager,Yugen Technologies,"Yugen Technologies
Ḥawally",Kuwait,🇰🇼,2,Cloud Engineer,2026-08-13,2026-08-13,Indeed-Browser,No,On-site / Hybrid,90%,Not Specified,"AWS, Kubernetes, CI/CD, Terraform, Linux",Country_Resumes/Hemachandiran_Giri_CV_KUWAIT.docx,No,,https://www.indeed.com/viewjob?jk=ad51d519b9723242,"Yugen Technologies
Ḥawally",1
Cloud Solutions Specialist,Hyneio,"Hyneio
Ḥawally",Kuwait,🇰🇼,2,Cloud Engineer,2026-08-13,2026-08-13,Indeed-Browser,No,On-site / Hybrid,90%,Not Specified,"AWS, Kubernetes, CI/CD, Terraform, Linux",Country_Resumes/Hemachandiran_Giri_CV_KUWAIT.docx,No,,https://www.indeed.com/viewjob?jk=be5eafd918f19047,"Hyneio
Ḥawally",1
MANAGER - SYSTEM OPERATIONS (PLATFORM ENGINEERING),Gulf Air,"Gulf Air
Bahrain",Bahrain,🇧🇭,2,DevOps Engineer,2026-08-13,2026-08-13,Indeed-Browser,No,On-site / Hybrid,90%,Not Specified,"AWS, Kubernetes, CI/CD, Terraform, Linux",Country_Resumes/Hemachandiran_Giri_CV_BAHRAIN.docx,No,,https://www.indeed.com/viewjob?jk=e69ee4147bb64f84,"Gulf Air
Bahrain",2
ANALYST – CYBER SECURITY,Gulf Air,"Gulf Air
Bahrain",Bahrain,🇧🇭,2,DevOps Engineer,2026-08-13,2026-08-13,Indeed-Browser,No,On-site / Hybrid,80%,Not Specified,"AWS, Kubernetes, CI/CD, Terraform, Linux",Country_Resumes/Hemachandiran_Giri_CV_BAHRAIN.docx,No,,https://www.indeed.com/viewjob?jk=6c874053f28d11a8,"Gulf Air
Bahrain",2
Enterprise Technology Consultant,Csmailapp,"Csmailapp
Muscat",Oman,🇴🇲,2,Cloud Engineer,2026-08-13,2026-08-13,Indeed-Browser,No,On-site / Hybrid,80%,Not Specified,"AWS, Kubernetes, CI/CD, Terraform, Linux",Country_Resumes/Hemachandiran_Giri_CV_OMAN.docx,No,,https://www.indeed.com/viewjob?jk=dd2f17084422e672,"Csmailapp
Muscat",1
Cloud Data Engineer / AWS DevOps (H/F) - Marseille,OCTOGONE,"OCTOGONE
13600 La Ciotat",France,🇫🇷,2,Cloud Engineer,2026-08-13,2026-08-13,Indeed-Browser,No,On-site / Hybrid,90%,Not Specified,AWS,Country_Resumes/Hemachandiran_Giri_CV_FRANCE.docx,No,,https://www.indeed.com/viewjob?jk=32fc4e6b00d45ed7,"OCTOGONE
13600 La Ciotat",1
Platform Engineer – Train de Transformation Cloud (H/F),Metaline,"Metaline
Télétravail partiel à 92320 Châtillon",France,🇫🇷,2,Cloud Engineer,2026-08-13,2026-08-13,Indeed-Browser,No,On-site / Hybrid,90%,Not Specified,"AWS, Kubernetes, CI/CD, Terraform, Linux",Country_Resumes/Hemachandiran_Giri_CV_FRANCE.docx,No,,https://www.indeed.com/viewjob?jk=6fff98fae52f9eb2,"Metaline
Télétravail partiel à 92320 Châtillon",1
Ingénieur DevOps / Platform Engineer H/F,Antemeta,"Antemeta
78280 Guyancourt",France,🇫🇷,2,Cloud Engineer,2026-08-13,2026-08-13,Indeed-Browser,No,On-site / Hybrid,90%,Not Specified,"AWS, Kubernetes, CI/CD, Terraform, Linux",Country_Resumes/Hemachandiran_Giri_CV_FRANCE.docx,No,,https://www.indeed.com/viewjob?jk=d7ffdf1225391c66,"Antemeta
78280 Guyancourt",1
Senior Cloud Data Platform Engineer (IT) / Freelance,Gentis Recruitment SAS,"Gentis Recruitment SAS
Paris (75)",France,🇫🇷,2,Cloud Engineer,2026-08-13,2026-08-13,Indeed-Browser,No,On-site / Hybrid,90%,Not Specified,"AWS, Kubernetes, CI/CD, Terraform, Linux",Country_Resumes/Hemachandiran_Giri_CV_FRANCE.docx,No,,https://www.indeed.com/viewjob?jk=98a9494c7fcc4de6,"Gentis Recruitment SAS
Paris (75)",1
Partner Solution Engineer,Vates SAS,"Vates SAS
Télétravail à 38000 Grenoble",France,🇫🇷,2,Cloud Engineer,2026-08-13,2026-08-13,Indeed-Browser,No,On-site / Hybrid,80%,Not Specified,"AWS, Kubernetes, CI/CD, Terraform, Linux",Country_Resumes/Hemachandiran_Giri_CV_FRANCE.docx,No,,https://www.indeed.com/viewjob?jk=5bb94f548d3ce9ee,"Vates SAS
Télétravail à 38000 Grenoble",1
DevOps Sénior H/F,Extia,"Extia
59000 Lille",France,🇫🇷,2,Cloud Engineer,2026-08-13,2026-08-13,Indeed-Browser,No,On-site / Hybrid,90%,Not Specified,"AWS, Kubernetes, CI/CD, Terraform, Linux",Country_Resumes/Hemachandiran_Giri_CV_FRANCE.docx,No,,https://www.indeed.com/viewjob?jk=e91fff96de133a0e,"Extia
59000 Lille",1
Data Engineer DataIku - Services Financiers – Ile-de-France,Sopra Steria,"Sopra Steria
Paris (75)",France,🇫🇷,2,Cloud Engineer,2026-08-13,2026-08-13,Indeed-Browser,No,On-site / Hybrid,80%,Not Specified,"AWS, Kubernetes, CI/CD, Terraform, Linux",Country_Resumes/Hemachandiran_Giri_CV_FRANCE.docx,No,,https://www.indeed.com/viewjob?jk=9b9ed6cb34cbeaf4,"Sopra Steria
Paris (75)",1
Data Engineer H/F,Crédit Agricole CIB,"Crédit Agricole CIB
Montrouge (92)",France,🇫🇷,2,Cloud Engineer,2026-08-13,2026-08-13,Indeed-Browser,No,On-site / Hybrid,80%,Not Specified,"AWS, Kubernetes, CI/CD, Terraform, Linux",Country_Resumes/Hemachandiran_Giri_CV_FRANCE.docx,No,,https://www.indeed.com/viewjob?jk=3e685e79e035bc14,"Crédit Agricole CIB
Montrouge (92)",1
Ingénieur DevOps Cloud AWS HABILITABLE,Gamme solutions,"Gamme solutions
Paris (75)",France,🇫🇷,2,Cloud Engineer,2026-08-13,2026-08-13,Indeed-Browser,No,On-site / Hybrid,90%,Not Specified,AWS,Country_Resumes/Hemachandiran_Giri_CV_FRANCE.docx,No,,https://www.indeed.com/viewjob?jk=b19a562091c36d94,"Gamme solutions
Paris (75)",1
Systems engineer – Platform integration,SpaceLocker,"SpaceLocker
Paris (75)",France,🇫🇷,2,Cloud Engineer,2026-08-13,2026-08-13,Indeed-Browser,No,On-site / Hybrid,90%,Not Specified,"AWS, Kubernetes, CI/CD, Terraform, Linux",Country_Resumes/Hemachandiran_Giri_CV_FRANCE.docx,No,,https://www.indeed.com/viewjob?jk=551530335b58ce00,"SpaceLocker
Paris (75)",1
Staff Site Reliability Engineer (x/f/m),Doctolib,"Doctolib
Paris (75)",France,🇫🇷,2,Site Reliability Engineer,2026-08-13,2026-08-13,Indeed-Browser,No,On-site / Hybrid,90%,Not Specified,"AWS, Kubernetes, CI/CD, Terraform, Linux",Country_Resumes/Hemachandiran_Giri_CV_FRANCE.docx,No,,https://www.indeed.com/viewjob?jk=a553fed362778e28,"Doctolib
Paris (75)",1
Consultant DevOps / SRE Confirmé à Senior (IT) / Freelance,SMH PARTICIPATION,"SMH PARTICIPATION
Paris (75)",France,🇫🇷,2,Site Reliability Engineer,2026-08-13,2026-08-13,Indeed-Browser,No,On-site / Hybrid,90%,Not Specified,"AWS, Kubernetes, CI/CD, Terraform, Linux",Country_Resumes/Hemachandiran_Giri_CV_FRANCE.docx,No,,https://www.indeed.com/viewjob?jk=53397e47c278a682,"SMH PARTICIPATION
Paris (75)",1
"Sr Manager, Supply Management - Metals",BIC,"BIC
Clichy (92)",France,🇫🇷,2,Site Reliability Engineer,2026-08-13,2026-08-13,Indeed-Browser,No,On-site / Hybrid,80%,Not Specified,"AWS, Kubernetes, CI/CD, Terraform, Linux",Country_Resumes/Hemachandiran_Giri_CV_FRANCE.docx,No,,https://www.indeed.com/viewjob?jk=a92cdfa2e3bc678a,"BIC
Clichy (92)",1
Sr Product Specialist,Thermo Fisher Scientific,"Thermo Fisher Scientific
Télétravail",France,🇫🇷,2,Site Reliability Engineer,2026-08-13,2026-08-13,Indeed-Browser,No,On-site / Hybrid,80%,Not Specified,"AWS, Kubernetes, CI/CD, Terraform, Linux",Country_Resumes/Hemachandiran_Giri_CV_FRANCE.docx,No,,https://www.indeed.com/viewjob?jk=eda916e445eb1ddb,"Thermo Fisher Scientific
Télétravail",1
SRE DATA,Thales,"Thales
75009 Paris 9e",France,🇫🇷,2,Site Reliability Engineer,2026-08-13,2026-08-13,Indeed-Browser,No,On-site / Hybrid,80%,Not Specified,"AWS, Kubernetes, CI/CD, Terraform, Linux",Country_Resumes/Hemachandiran_Giri_CV_FRANCE.docx,No,,https://www.indeed.com/viewjob?jk=096c823ae4e4b568,"Thales
75009 Paris 9e",1
Ingénieur·e SRE / DevOps,SHAPE IT,"SHAPE IT
Télétravail partiel à 59800 Lille",France,🇫🇷,2,Site Reliability Engineer,2026-08-13,2026-08-13,Indeed-Browser,No,On-site / Hybrid,90%,Not Specified,"AWS, Kubernetes, CI/CD, Terraform, Linux",Country_Resumes/Hemachandiran_Giri_CV_FRANCE.docx,No,,https://www.indeed.com/viewjob?jk=7d3a2c154d37c285,"SHAPE IT
Télétravail partiel à 59800 Lille",1
CDI - Sr structural analysis scientist - W/M,Danone,"Danone
Gif-sur-Yvette (91)",France,🇫🇷,2,Site Reliability Engineer,2026-08-13,2026-08-13,Indeed-Browser,No,On-site / Hybrid,80%,Not Specified,"AWS, Kubernetes, CI/CD, Terraform, Linux",Country_Resumes/Hemachandiran_Giri_CV_FRANCE.docx,No,,https://www.indeed.com/viewjob?jk=e913773da0b593ff,"Danone
Gif-sur-Yvette (91)",1
Technical Support Engineer,VITEC,"VITEC
Télétravail à 92320 Châtillon",France,🇫🇷,2,Platform Engineer,2026-08-13,2026-08-13,Indeed-Browser,No,On-site / Hybrid,80%,Not Specified,"AWS, Kubernetes, CI/CD, Terraform, Linux",Country_Resumes/Hemachandiran_Giri_CV_FRANCE.docx,No,,https://www.indeed.com/viewjob?jk=00887ea64d83918d,"VITEC
Télétravail à 92320 Châtillon",1
"Partner Solutions Engineer, Southern Europe",Cribl,"Cribl
Télétravail à Paris (75)",France,🇫🇷,2,Platform Engineer,2026-08-13,2026-08-13,Indeed-Browser,No,On-site / Hybrid,80%,Not Specified,"AWS, Kubernetes, CI/CD, Terraform, Linux",Country_Resumes/Hemachandiran_Giri_CV_FRANCE.docx,No,,https://www.indeed.com/viewjob?jk=8f1a23f3f715c57f,"Cribl
Télétravail à Paris (75)",1
Head of Data & AI Product Excellence - all genders,Sanofi,"Sanofi
Paris (75)",France,🇫🇷,2,Platform Engineer,2026-08-13,2026-08-13,Indeed-Browser,No,On-site / Hybrid,80%,Not Specified,"AWS, Kubernetes, CI/CD, Terraform, Linux",Country_Resumes/Hemachandiran_Giri_CV_FRANCE.docx,No,,https://www.indeed.com/viewjob?jk=d37fd1719d951ec5,"Sanofi
Paris (75)",1
Senior Data Scientist - Care AI,Back Market,"Back Market
Paris (75)",France,🇫🇷,2,Platform Engineer,2026-08-13,2026-08-13,Indeed-Browser,No,On-site / Hybrid,80%,Not Specified,"AWS, Kubernetes, CI/CD, Terraform, Linux",Country_Resumes/Hemachandiran_Giri_CV_FRANCE.docx,No,,https://www.indeed.com/viewjob?jk=ee9f6c51bca0f212,"Back Market
Paris (75)",2
Staff Security Engineer,Mozilla,"Mozilla
Télétravail",France,🇫🇷,2,Platform Engineer,2026-08-13,2026-08-13,Indeed-Browser,No,On-site / Hybrid,80%,Not Specified,"AWS, Kubernetes, CI/CD, Terraform, Linux",Country_Resumes/Hemachandiran_Giri_CV_FRANCE.docx,No,,https://www.indeed.com/viewjob?jk=bda31f416a8d4f66,"Mozilla
Télétravail",1
Senior Solution Development Engineer,Amadeus IT Group,"Amadeus IT Group
Villeneuve-Loubet (06)",France,🇫🇷,2,Platform Engineer,2026-08-13,2026-08-13,Indeed-Browser,No,On-site / Hybrid,80%,Not Specified,"AWS, Kubernetes, CI/CD, Terraform, Linux",Country_Resumes/Hemachandiran_Giri_CV_FRANCE.docx,No,,https://www.indeed.com/viewjob?jk=6282de3aa56b1558,"Amadeus IT Group
Villeneuve-Loubet (06)",1
Cloud System Engineer,InnoWave,"InnoWave
Modelo Híbrido in Lisboa",Portugal,🇵🇹,2,DevOps Engineer,2026-08-13,2026-08-13,Indeed-Browser,No,On-site / Hybrid,90%,Not Specified,"AWS, Kubernetes, CI/CD, Terraform, Linux",Country_Resumes/Hemachandiran_Giri_CV_PORTUGAL.docx,No,,https://www.indeed.com/viewjob?jk=bc09fd2121e0af54,"InnoWave
Modelo Híbrido in Lisboa",2
IT CLOUD INFRASTRUCTURE ADMINISTRATOR (HYBRID),iTRTech Group,"iTRTech Group
Modelo Híbrido in 1050 Lisboa",Portugal,🇵🇹,2,DevOps Engineer,2026-08-13,2026-08-13,Indeed-Browser,No,On-site / Hybrid,90%,Not Specified,"AWS, Kubernetes, CI/CD, Terraform, Linux",Country_Resumes/Hemachandiran_Giri_CV_PORTUGAL.docx,No,,https://www.indeed.com/viewjob?jk=ce299d8d29008c4a,"iTRTech Group
Modelo Híbrido in 1050 Lisboa",4
Senior AWS Cloud DevOps Engineer,"EPAM Systems, Inc.","EPAM Systems, Inc.
Teletrabalho",Portugal,🇵🇹,2,DevOps Engineer,2026-08-13,2026-08-13,Indeed-Browser,No,On-site / Hybrid,90%,Not Specified,AWS,Country_Resumes/Hemachandiran_Giri_CV_PORTUGAL.docx,No,,https://www.indeed.com/viewjob?jk=634633d34189246f,EPAM Systems,13
Cloud Engineer,Axians | Digital Solutions - Tech Talent,"Axians | Digital Solutions - Tech Talent
1990 Lisboa",Portugal,🇵🇹,2,DevOps Engineer,2026-08-13,2026-08-13,Indeed-Browser,No,On-site / Hybrid,90%,Not Specified,"AWS, Kubernetes, CI/CD, Terraform, Linux",Country_Resumes/Hemachandiran_Giri_CV_PORTUGAL.docx,No,,https://www.indeed.com/viewjob?jk=f1f27865131bfe2c,"Axians | Digital Solutions - Tech Talent
1990 Lisboa",2
IT Platform Engineer,LUZA Group,"LUZA Group
Modelo Híbrido in Lisboa",Portugal,🇵🇹,2,DevOps Engineer,2026-08-13,2026-08-13,Indeed-Browser,No,On-site / Hybrid,90%,Not Specified,"AWS, Kubernetes, CI/CD, Terraform, Linux",Country_Resumes/Hemachandiran_Giri_CV_PORTUGAL.docx,No,,https://www.indeed.com/viewjob?jk=a3313129351f45a8,"LUZA Group
Modelo Híbrido in Lisboa",4
DevOps Engineer,LUZA Group,"LUZA Group
Lisboa",Portugal,🇵🇹,2,DevOps Engineer,2026-08-13,2026-08-13,Indeed-Browser,No,On-site / Hybrid,90%,Not Specified,"AWS, Kubernetes, CI/CD, Terraform, Linux",Country_Resumes/Hemachandiran_Giri_CV_PORTUGAL.docx,No,,https://www.indeed.com/viewjob?jk=a13600013ead02d4,"LUZA Group
Lisboa",1
Cloud & Infrastructure Engineer,LUZA Group,"LUZA Group
Modelo Híbrido in Lisboa",Portugal,🇵🇹,2,DevOps Engineer,2026-08-13,2026-08-13,Indeed-Browser,No,On-site / Hybrid,90%,Not Specified,"AWS, Kubernetes, CI/CD, Terraform, Linux",Country_Resumes/Hemachandiran_Giri_CV_PORTUGAL.docx,No,,https://www.indeed.com/viewjob?jk=cbbe537d16bda99f,"LUZA Group
Modelo Híbrido in Lisboa",4
Programador NetDevOps,Solidnetworks,"Solidnetworks
Teletrabalho in Lisboa",Portugal,🇵🇹,2,DevOps Engineer,2026-08-13,2026-08-13,Indeed-Browser,No,On-site / Hybrid,90%,Not Specified,"AWS, Kubernetes, CI/CD, Terraform, Linux",Country_Resumes/Hemachandiran_Giri_CV_PORTUGAL.docx,No,,https://www.indeed.com/viewjob?jk=4fb4f3bdc7ba9993,"Solidnetworks
Teletrabalho in Lisboa",1
Senior DevOps Engineer (m/f/d),Kuehne+Nagel,"Kuehne+Nagel
Modelo Híbrido in Porto",Portugal,🇵🇹,2,DevOps Engineer,2026-08-13,2026-08-13,Indeed-Browser,No,On-site / Hybrid,90%,Not Specified,"AWS, Kubernetes, CI/CD, Terraform, Linux",Country_Resumes/Hemachandiran_Giri_CV_PORTUGAL.docx,No,,https://www.indeed.com/viewjob?jk=ed5dfbb5fa78baa7,"Kuehne+Nagel
Modelo Híbrido in Porto",1
Senior DevOps / Platform Engineer,OpenVPN,"OpenVPN
Teletrabalho in Lisboa",Portugal,🇵🇹,2,DevOps Engineer,2026-08-13,2026-08-13,Indeed-Browser,No,On-site / Hybrid,90%,Not Specified,"AWS, Kubernetes, CI/CD, Terraform, Linux",Country_Resumes/Hemachandiran_Giri_CV_PORTUGAL.docx,No,,https://www.indeed.com/viewjob?jk=9496ceb50b338bfe,"OpenVPN
Teletrabalho in Lisboa",1
Head of Engineering,saas.group,"saas.group
Teletrabalho",Portugal,🇵🇹,2,DevOps Engineer,2026-08-13,2026-08-13,Indeed-Browser,No,On-site / Hybrid,80%,Not Specified,"AWS, Kubernetes, CI/CD, Terraform, Linux",Country_Resumes/Hemachandiran_Giri_CV_PORTUGAL.docx,No,,https://www.indeed.com/viewjob?jk=dac12d24394986ef,"saas.group
Teletrabalho",1
IT CLOUD INFRASTRUCTURE ADMINISTRATOR (HYBRID),iTRTech Group,"iTRTech Group
Modelo Híbrido in 1050 Lisboa",Portugal,🇵🇹,2,DevOps Engineer,2026-08-13,2026-08-13,Indeed-Browser,No,On-site / Hybrid,90%,Not Specified,"AWS, Kubernetes, CI/CD, Terraform, Linux",Country_Resumes/Hemachandiran_Giri_CV_PORTUGAL.docx,No,,https://www.indeed.com/viewjob?jk=80dc37e6b36c3f31,"iTRTech Group
Modelo Híbrido in 1050 Lisboa",4
Platform Engineer,Catawiki,"Catawiki
Modelo Híbrido in Lisboa",Portugal,🇵🇹,2,DevOps Engineer,2026-08-13,2026-08-13,Indeed-Browser,No,On-site / Hybrid,90%,Not Specified,"AWS, Kubernetes, CI/CD, Terraform, Linux",Country_Resumes/Hemachandiran_Giri_CV_PORTUGAL.docx,No,,https://www.indeed.com/viewjob?jk=446550dd700661a2,"Catawiki
Modelo Híbrido in Lisboa",1
Data Engineer Senior,askblue,"askblue
Modelo Híbrido in Lisboa",Portugal,🇵🇹,2,DevOps Engineer,2026-08-13,2026-08-13,Indeed-Browser,No,On-site / Hybrid,80%,Not Specified,"AWS, Kubernetes, CI/CD, Terraform, Linux",Country_Resumes/Hemachandiran_Giri_CV_PORTUGAL.docx,No,,https://www.indeed.com/viewjob?jk=6cbd2896ad899a25,"askblue
Modelo Híbrido in Lisboa",2
Senior Software Engineer,OutSystems,"OutSystems
Lisboa",Portugal,🇵🇹,2,DevOps Engineer,2026-08-13,2026-08-13,Indeed-Browser,No,On-site / Hybrid,80%,Not Specified,"AWS, Kubernetes, CI/CD, Terraform, Linux",Country_Resumes/Hemachandiran_Giri_CV_PORTUGAL.docx,No,,https://www.indeed.com/viewjob?jk=62d1e90f4184af06,"OutSystems
Lisboa",1
Senior Azure Engineer,"EPAM Systems, Inc.","EPAM Systems, Inc.
Teletrabalho",Portugal,🇵🇹,2,Cloud Engineer,2026-08-13,2026-08-13,Indeed-Browser,No,On-site / Hybrid,80%,Not Specified,Azure,Country_Resumes/Hemachandiran_Giri_CV_PORTUGAL.docx,No,,https://www.indeed.com/viewjob?jk=3d948d9747a75114,EPAM Systems,13
Senior Google Workspace Engineer (m/f/d),Zoi,"Zoi
Modelo Híbrido in 1300 Lisboa",Portugal,🇵🇹,2,Cloud Engineer,2026-08-13,2026-08-13,Indeed-Browser,No,On-site / Hybrid,80%,Not Specified,"AWS, Kubernetes, CI/CD, Terraform, Linux",Country_Resumes/Hemachandiran_Giri_CV_PORTUGAL.docx,No,,https://www.indeed.com/viewjob?jk=3b902825a682388c,"Zoi
Modelo Híbrido in 1300 Lisboa",1
Data Engineer (Data Governance),Axians | Digital Solutions - Tech Talent,"Axians | Digital Solutions - Tech Talent
1990 Lisboa",Portugal,🇵🇹,2,Cloud Engineer,2026-08-13,2026-08-13,Indeed-Browser,No,On-site / Hybrid,80%,Not Specified,"AWS, Kubernetes, CI/CD, Terraform, Linux",Country_Resumes/Hemachandiran_Giri_CV_PORTUGAL.docx,No,,https://www.indeed.com/viewjob?jk=86de20dcaa1d6e08,"Axians | Digital Solutions - Tech Talent
1990 Lisboa",2
Senior Data Engineer,InnoWave,"InnoWave
Modelo Híbrido in Lisboa",Portugal,🇵🇹,2,Cloud Engineer,2026-08-13,2026-08-13,Indeed-Browser,No,On-site / Hybrid,80%,Not Specified,"AWS, Kubernetes, CI/CD, Terraform, Linux",Country_Resumes/Hemachandiran_Giri_CV_PORTUGAL.docx,No,,https://www.indeed.com/viewjob?jk=98495e8fa809499c,"InnoWave
Modelo Híbrido in Lisboa",2
Solution Architect – Azure Cloud & Application Integration,LUZA Group,"LUZA Group
Modelo Híbrido in Lisboa",Portugal,🇵🇹,2,Cloud Engineer,2026-08-13,2026-08-13,Indeed-Browser,No,On-site / Hybrid,90%,Not Specified,Azure,Country_Resumes/Hemachandiran_Giri_CV_PORTUGAL.docx,No,,https://www.indeed.com/viewjob?jk=723039204e39ea39,"LUZA Group
Modelo Híbrido in Lisboa",4
Cloud Engineer,Vodafone,"Vodafone
Modelo Híbrido in Lisboa",Portugal,🇵🇹,2,Cloud Engineer,2026-08-13,2026-08-13,Indeed-Browser,No,On-site / Hybrid,90%,Not Specified,"AWS, Kubernetes, CI/CD, Terraform, Linux",Country_Resumes/Hemachandiran_Giri_CV_PORTUGAL.docx,No,,https://www.indeed.com/viewjob?jk=efa905202825f1f1,"Vodafone
Modelo Híbrido in Lisboa",1
Technical Support Engineer - Azure Digital Natives,Microsoft,"Microsoft
Lisboa",Portugal,🇵🇹,2,Cloud Engineer,2026-08-13,2026-08-13,Indeed-Browser,No,On-site / Hybrid,80%,Not Specified,Azure,Country_Resumes/Hemachandiran_Giri_CV_PORTUGAL.docx,No,,https://www.indeed.com/viewjob?jk=8b3cdd8e9a451d31,"Microsoft
Lisboa",1
Data Scientist,askblue,"askblue
Modelo Híbrido in Lisboa",Portugal,🇵🇹,2,Cloud Engineer,2026-08-13,2026-08-13,Indeed-Browser,No,On-site / Hybrid,80%,Not Specified,"AWS, Kubernetes, CI/CD, Terraform, Linux",Country_Resumes/Hemachandiran_Giri_CV_PORTUGAL.docx,No,,https://www.indeed.com/viewjob?jk=281d6d867567fdfa,"askblue
Modelo Híbrido in Lisboa",2
Intern - IAM Specialist,SBM Offshore,"SBM Offshore
4100 Porto",Portugal,🇵🇹,2,Cloud Engineer,2026-08-13,2026-08-13,Indeed-Browser,No,On-site / Hybrid,80%,Not Specified,"AWS, Kubernetes, CI/CD, Terraform, Linux",Country_Resumes/Hemachandiran_Giri_CV_PORTUGAL.docx,No,,https://www.indeed.com/viewjob?jk=86209d53c4c78091,"SBM Offshore
4100 Porto",1
Senior Site Reliability Engineer (SRE),"EPAM Systems, Inc.","EPAM Systems, Inc.
Teletrabalho",Portugal,🇵🇹,2,Site Reliability Engineer,2026-08-13,2026-08-13,Indeed-Browser,No,On-site / Hybrid,90%,Not Specified,"AWS, Kubernetes, CI/CD, Terraform, Linux",Country_Resumes/Hemachandiran_Giri_CV_PORTUGAL.docx,No,,https://www.indeed.com/viewjob?jk=8cb3da74baa3ed45,EPAM Systems,13
OpenShift Platform Engineer,LUZA Group,"LUZA Group
Modelo Híbrido in Lisboa",Portugal,🇵🇹,2,Platform Engineer,2026-08-13,2026-08-13,Indeed-Browser,No,On-site / Hybrid,90%,Not Specified,"AWS, Kubernetes, CI/CD, Terraform, Linux",Country_Resumes/Hemachandiran_Giri_CV_PORTUGAL.docx,No,,https://www.indeed.com/viewjob?jk=21226334f393af71,"LUZA Group
Modelo Híbrido in Lisboa",4
Data Engineer,LUZA Group,"LUZA Group
Modelo Híbrido in Venda do Pinheiro",Portugal,🇵🇹,2,Platform Engineer,2026-08-13,2026-08-13,Indeed-Browser,No,On-site / Hybrid,80%,Not Specified,"AWS, Kubernetes, CI/CD, Terraform, Linux",Country_Resumes/Hemachandiran_Giri_CV_PORTUGAL.docx,No,,https://www.indeed.com/viewjob?jk=d0172750a3ccf1fb,"LUZA Group
Modelo Híbrido in Venda do Pinheiro",1
Plateform - Mangia Mangia - Chefe de Turno - Oeiras Parque,Plateform,"Plateform
Oeiras",Portugal,🇵🇹,2,Platform Engineer,2026-08-13,2026-08-13,Indeed-Browser,No,On-site / Hybrid,80%,Not Specified,"AWS, Kubernetes, CI/CD, Terraform, Linux",Country_Resumes/Hemachandiran_Giri_CV_PORTUGAL.docx,No,,https://www.indeed.com/viewjob?jk=41ac199422d53169,"Plateform
Oeiras",1
Plateform - Mezzogiorno - Chefe de Turno - Chiado,Plateform,"Plateform
Lisboa",Portugal,🇵🇹,2,Platform Engineer,2026-08-13,2026-08-13,Indeed-Browser,No,On-site / Hybrid,80%,Not Specified,"AWS, Kubernetes, CI/CD, Terraform, Linux",Country_Resumes/Hemachandiran_Giri_CV_PORTUGAL.docx,No,,https://www.indeed.com/viewjob?jk=cd1db818aa2cdbb5,"Plateform
Lisboa",3
Plateform - Balcão - Chefe de Turno - El Corte Inglés Lisboa,Plateform,"Plateform
Lisboa",Portugal,🇵🇹,2,Platform Engineer,2026-08-13,2026-08-13,Indeed-Browser,No,On-site / Hybrid,80%,Not Specified,"AWS, Kubernetes, CI/CD, Terraform, Linux",Country_Resumes/Hemachandiran_Giri_CV_PORTUGAL.docx,No,,https://www.indeed.com/viewjob?jk=021471fde317587e,"Plateform
Lisboa",3
Plateform - Zero Zero - Chefe de Turno - Parque das Nações,Plateform,"Plateform
Lisboa",Portugal,🇵🇹,2,Platform Engineer,2026-08-13,2026-08-13,Indeed-Browser,No,On-site / Hybrid,80%,Not Specified,"AWS, Kubernetes, CI/CD, Terraform, Linux",Country_Resumes/Hemachandiran_Giri_CV_PORTUGAL.docx,No,,https://www.indeed.com/viewjob?jk=4115414024adf3f5,"Plateform
Lisboa",3
Senior IoT Platform Engineer,Siemens Energy,"Siemens Energy
Amadora",Portugal,🇵🇹,2,Platform Engineer,2026-08-13,2026-08-13,Indeed-Browser,No,On-site / Hybrid,90%,Not Specified,"AWS, Kubernetes, CI/CD, Terraform, Linux",Country_Resumes/Hemachandiran_Giri_CV_PORTUGAL.docx,No,,https://www.indeed.com/viewjob?jk=7749fad0333bedcf,"Siemens Energy
Amadora",1
Software Engineer - Back End,FARFETCH,"FARFETCH
Porto",Portugal,🇵🇹,2,Platform Engineer,2026-08-13,2026-08-13,Indeed-Browser,No,On-site / Hybrid,80%,Not Specified,"AWS, Kubernetes, CI/CD, Terraform, Linux",Country_Resumes/Hemachandiran_Giri_CV_PORTUGAL.docx,No,,https://www.indeed.com/viewjob?jk=9fd61175ec79ea39,"FARFETCH
Porto",1
Lead Site Reliability Engineer,Avalara,"Avalara
Zdalnie",Poland,🇵🇱,2,DevOps Engineer,2026-08-13,2026-08-13,Indeed-Browser,No,On-site / Hybrid,90%,Not Specified,"AWS, Kubernetes, CI/CD, Terraform, Linux",Country_Resumes/Hemachandiran_Giri_CV_POLAND.docx,No,,https://www.indeed.com/viewjob?jk=520150cae260bd77,"Avalara
Zdalnie",1
Middle DevOps Engineer,Crystal Intelligence,"Crystal Intelligence
Zdalnie in Warszawa, mazowieckie",Poland,🇵🇱,2,DevOps Engineer,2026-08-13,2026-08-13,Indeed-Browser,No,On-site / Hybrid,90%,Not Specified,"AWS, Kubernetes, CI/CD, Terraform, Linux",Country_Resumes/Hemachandiran_Giri_CV_POLAND.docx,No,,https://www.indeed.com/viewjob?jk=dfae46a8e98e2731,"Crystal Intelligence
Zdalnie in Warszawa",1
IT Developer (M/F/D),DSV,"DSV
02-677 Warszawa",Poland,🇵🇱,2,DevOps Engineer,2026-08-13,2026-08-13,Indeed-Browser,No,On-site / Hybrid,80%,Not Specified,"AWS, Kubernetes, CI/CD, Terraform, Linux",Country_Resumes/Hemachandiran_Giri_CV_POLAND.docx,No,,https://www.indeed.com/viewjob?jk=f3b86d37839d4f77,"DSV
02-677 Warszawa",1
Infrastructure Solution Architect (f/m/x),Sii,"Sii
Hybrydowo in 54-207 Wrocław",Poland,🇵🇱,2,DevOps Engineer,2026-08-13,2026-08-13,Indeed-Browser,No,On-site / Hybrid,90%,Not Specified,"AWS, Kubernetes, CI/CD, Terraform, Linux",Country_Resumes/Hemachandiran_Giri_CV_POLAND.docx,No,,https://www.indeed.com/viewjob?jk=a2f27a1143c7b36a,"Sii
Hybrydowo in 54-207 Wrocław",1
Cloud Architect – Azure / AWS / Databricks,Integral Solutions sp. z o.o.,"Integral Solutions sp. z o.o.
Warszawa, mazowieckie",Poland,🇵🇱,2,DevOps Engineer,2026-08-13,2026-08-13,Indeed-Browser,No,On-site / Hybrid,90%,Not Specified,"AWS, Azure",Country_Resumes/Hemachandiran_Giri_CV_POLAND.docx,No,,https://www.indeed.com/viewjob?jk=6232cefe3725e3ef,"Integral Solutions sp. z o.o.
Warszawa",3
DevOps Engineer – Azure / Databricks / AWS,Integral Solutions sp. z o.o.,"Integral Solutions sp. z o.o.
Warszawa, mazowieckie",Poland,🇵🇱,2,DevOps Engineer,2026-08-13,2026-08-13,Indeed-Browser,No,On-site / Hybrid,90%,Not Specified,"AWS, Azure",Country_Resumes/Hemachandiran_Giri_CV_POLAND.docx,No,,https://www.indeed.com/viewjob?jk=6a29c490912aba7a,"Integral Solutions sp. z o.o.
Warszawa",3
"Senior Software Engineer, Google Kubernetes Engine",Google,"Google
Warszawa, mazowieckie",Poland,🇵🇱,2,DevOps Engineer,2026-08-13,2026-08-13,Indeed-Browser,No,On-site / Hybrid,90%,Not Specified,Kubernetes,Country_Resumes/Hemachandiran_Giri_CV_POLAND.docx,No,,https://www.indeed.com/viewjob?jk=ef27088cf8efe65e,"Google
Warszawa",3
Senior AWS DevOps Engineer,"EPAM Systems, Inc.","EPAM Systems, Inc.
Hybrydowo",Poland,🇵🇱,2,DevOps Engineer,2026-08-13,2026-08-13,Indeed-Browser,No,On-site / Hybrid,90%,Not Specified,AWS,Country_Resumes/Hemachandiran_Giri_CV_POLAND.docx,No,,https://www.indeed.com/viewjob?jk=1c636de686183b01,EPAM Systems,13
Senior Azure DevOps Engineer,"EPAM Systems, Inc.","EPAM Systems, Inc.
Hybrydowo",Poland,🇵🇱,2,DevOps Engineer,2026-08-13,2026-08-13,Indeed-Browser,No,On-site / Hybrid,90%,Not Specified,Azure,Country_Resumes/Hemachandiran_Giri_CV_POLAND.docx,No,,https://www.indeed.com/viewjob?jk=408e907ce604e09e,EPAM Systems,13
"Capacity Management Lead, Forward Deployed Engineering, Google Cloud",Google,"Google
Warszawa, mazowieckie",Poland,🇵🇱,2,Cloud Engineer,2026-08-13,2026-08-13,Indeed-Browser,No,On-site / Hybrid,90%,Not Specified,"AWS, Kubernetes, CI/CD, Terraform, Linux",Country_Resumes/Hemachandiran_Giri_CV_POLAND.docx,No,,https://www.indeed.com/viewjob?jk=ce28a921c4de4dc1,"Google
Warszawa",3
Data Engineer,SCALO,"SCALO
Hybrydowo in Warszawa, mazowieckie",Poland,🇵🇱,2,Cloud Engineer,2026-08-13,2026-08-13,Indeed-Browser,No,On-site / Hybrid,80%,Not Specified,"AWS, Kubernetes, CI/CD, Terraform, Linux",Country_Resumes/Hemachandiran_Giri_CV_POLAND.docx,No,,https://www.indeed.com/viewjob?jk=141ad675e9e0bf0b,"SCALO
Hybrydowo in Warszawa",1
Data Engineer – Azure / Databricks / AWS,Integral Solutions sp. z o.o.,"Integral Solutions sp. z o.o.
Warszawa, mazowieckie",Poland,🇵🇱,2,Cloud Engineer,2026-08-13,2026-08-13,Indeed-Browser,No,On-site / Hybrid,90%,Not Specified,"AWS, Azure",Country_Resumes/Hemachandiran_Giri_CV_POLAND.docx,No,,https://www.indeed.com/viewjob?jk=a71aac1643075661,"Integral Solutions sp. z o.o.
Warszawa",3
"Senior Software Engineering Manager, Emergent AI Infrastructure",Google,"Google
Warszawa, mazowieckie",Poland,🇵🇱,2,Cloud Engineer,2026-08-13,2026-08-13,Indeed-Browser,No,On-site / Hybrid,90%,Not Specified,"AWS, Kubernetes, CI/CD, Terraform, Linux",Country_Resumes/Hemachandiran_Giri_CV_POLAND.docx,No,,https://www.indeed.com/viewjob?jk=77669f287c42916e,"Google
Warszawa",3
Senior AI Engineer,SCALO,"SCALO
Zdalnie in Warszawa, mazowieckie",Poland,🇵🇱,2,Cloud Engineer,2026-08-13,2026-08-13,Indeed-Browser,No,On-site / Hybrid,80%,Not Specified,"AWS, Kubernetes, CI/CD, Terraform, Linux",Country_Resumes/Hemachandiran_Giri_CV_POLAND.docx,No,,https://www.indeed.com/viewjob?jk=a60cb1a83371fd6a,"SCALO
Zdalnie in Warszawa",1
Principal Site Reliability Engineer,ABC Fitness,"ABC Fitness
00-071 Warszawa",Poland,🇵🇱,2,Site Reliability Engineer,2026-08-13,2026-08-13,Indeed-Browser,No,On-site / Hybrid,90%,Not Specified,"AWS, Kubernetes, CI/CD, Terraform, Linux",Country_Resumes/Hemachandiran_Giri_CV_POLAND.docx,No,,https://www.indeed.com/viewjob?jk=1b384f041dae794f,"ABC Fitness
00-071 Warszawa",1
Manager Site Reliability Engineering,Sabre,"Sabre
Hybrydowo in Kraków, małopolskie",Poland,🇵🇱,2,Site Reliability Engineer,2026-08-13,2026-08-13,Indeed-Browser,No,On-site / Hybrid,90%,Not Specified,"AWS, Kubernetes, CI/CD, Terraform, Linux",Country_Resumes/Hemachandiran_Giri_CV_POLAND.docx,No,,https://www.indeed.com/viewjob?jk=4fbe5e88e9290bf3,"Sabre
Hybrydowo in Kraków",1
Senior Site Reliability Engineer,SolarWinds,"SolarWinds
Hybrydowo in Kraków, małopolskie",Poland,🇵🇱,2,Site Reliability Engineer,2026-08-13,2026-08-13,Indeed-Browser,No,On-site / Hybrid,90%,Not Specified,"AWS, Kubernetes, CI/CD, Terraform, Linux",Country_Resumes/Hemachandiran_Giri_CV_POLAND.docx,No,,https://www.indeed.com/viewjob?jk=4b8844d184fa78d9,"SolarWinds
Hybrydowo in Kraków",1
Senior Site Reliability Engineer (remote within EMEA),FYUL,"FYUL
Zdalnie in Warszawa, mazowieckie",Poland,🇵🇱,2,Site Reliability Engineer,2026-08-13,2026-08-13,Indeed-Browser,No,Remote,90%,Not Specified,"AWS, Kubernetes, CI/CD, Terraform, Linux",Country_Resumes/Hemachandiran_Giri_CV_POLAND.docx,No,,https://www.indeed.com/viewjob?jk=5e6727a53e6e3d1a,"FYUL
Zdalnie in Warszawa",1
Senior Software Engineer,Relativity,"Relativity
Kraków, małopolskie",Poland,🇵🇱,2,Site Reliability Engineer,2026-08-13,2026-08-13,Indeed-Browser,No,On-site / Hybrid,80%,Not Specified,"AWS, Kubernetes, CI/CD, Terraform, Linux",Country_Resumes/Hemachandiran_Giri_CV_POLAND.docx,No,,https://www.indeed.com/viewjob?jk=e1d582c187d23e0e,"Relativity
Kraków",1
Engineer Manager - Platform,Vonage,"Vonage
Wrocław, dolnośląskie",Poland,🇵🇱,2,Platform Engineer,2026-08-13,2026-08-13,Indeed-Browser,No,On-site / Hybrid,90%,Not Specified,"AWS, Kubernetes, CI/CD, Terraform, Linux",Country_Resumes/Hemachandiran_Giri_CV_POLAND.docx,No,,https://www.indeed.com/viewjob?jk=312c189f2b8b3c4a,"Vonage
Wrocław",1
Inbound Sales Specialist,Woodpecker.co,"Woodpecker.co
Zdalnie in Wrocław, dolnośląskie",Poland,🇵🇱,2,Platform Engineer,2026-08-13,2026-08-13,Indeed-Browser,No,On-site / Hybrid,80%,Not Specified,"AWS, Kubernetes, CI/CD, Terraform, Linux",Country_Resumes/Hemachandiran_Giri_CV_POLAND.docx,No,,https://www.indeed.com/viewjob?jk=a9c462b9ba3c3525,"Woodpecker.co
Zdalnie in Wrocław",1
Software Engineering Manager,Frontiers Media,"Frontiers Media
Zdalnie in Warszawa, mazowieckie",Poland,🇵🇱,2,Platform Engineer,2026-08-13,2026-08-13,Indeed-Browser,No,On-site / Hybrid,80%,Not Specified,"AWS, Kubernetes, CI/CD, Terraform, Linux",Country_Resumes/Hemachandiran_Giri_CV_POLAND.docx,No,,https://www.indeed.com/viewjob?jk=dd6517b278e5028d,"Frontiers Media
Zdalnie in Warszawa",1
Praktyki All-Techclusive | Cloud Data Engineer,PwC,"PwC
Hybrydowo in 00-633 Warszawa",Poland,🇵🇱,2,Platform Engineer,2026-08-13,2026-08-13,Indeed-Browser,No,On-site / Hybrid,90%,Not Specified,"AWS, Kubernetes, CI/CD, Terraform, Linux",Country_Resumes/Hemachandiran_Giri_CV_POLAND.docx,No,,https://www.indeed.com/viewjob?jk=bab273635a084844,"PwC
Hybrydowo in 00-633 Warszawa",1
EY GDS Poland NextGen Talent Internship - Junior Data Engineer,EY,"EY
Hybrydowo in Katowice, śląskie",Poland,🇵🇱,2,Platform Engineer,2026-08-13,2026-08-13,Indeed-Browser,No,On-site / Hybrid,80%,Not Specified,"AWS, Kubernetes, CI/CD, Terraform, Linux",Country_Resumes/Hemachandiran_Giri_CV_POLAND.docx,No,,https://www.indeed.com/viewjob?jk=c8040c0d4982f5c0,"EY
Hybrydowo in Katowice",1
Forward Deployed Engineer - Polish Speaking,Salesforce,"Salesforce
Warszawa, mazowieckie",Poland,🇵🇱,2,Platform Engineer,2026-08-13,2026-08-13,Indeed-Browser,No,On-site / Hybrid,80%,Not Specified,"AWS, Kubernetes, CI/CD, Terraform, Linux",Country_Resumes/Hemachandiran_Giri_CV_POLAND.docx,No,,https://www.indeed.com/viewjob?jk=35262678e905cbf8,"Salesforce
Warszawa",1
Lead Platform Engineer New,Lighthouse Intelligence Ltd.,"Lighthouse Intelligence Ltd.
Remote in Ghent",Belgium,🇧🇪,2,DevOps Engineer,2026-08-13,2026-08-13,Indeed-Browser,No,Remote,90%,Not Specified,"AWS, Kubernetes, CI/CD, Terraform, Linux",Country_Resumes/Hemachandiran_Giri_CV_BELGIUM.docx,No,,https://www.indeed.com/viewjob?jk=139b2e3816a9ebce,"Lighthouse Intelligence Ltd.
Remote in Ghent",1
Senior DevOps / Platform Engineer,OpenVPN,"OpenVPN
Remote in Brussels",Belgium,🇧🇪,2,DevOps Engineer,2026-08-13,2026-08-13,Indeed-Browser,No,Remote,90%,Not Specified,"AWS, Kubernetes, CI/CD, Terraform, Linux",Country_Resumes/Hemachandiran_Giri_CV_BELGIUM.docx,No,,https://www.indeed.com/viewjob?jk=dbcfec093be157be,"OpenVPN
Remote in Brussels",1
Staff Core Platform Engineer,n8n,"n8n
Remote in Belgium",Belgium,🇧🇪,2,DevOps Engineer,2026-08-13,2026-08-13,Indeed-Browser,No,Remote,90%,Not Specified,"AWS, Kubernetes, CI/CD, Terraform, Linux",Country_Resumes/Hemachandiran_Giri_CV_BELGIUM.docx,No,,https://www.indeed.com/viewjob?jk=6e6873ed653141b0,"n8n
Remote in Belgium",2
Senior Frontend Platform Engineer,n8n,"n8n
Remote in Belgium",Belgium,🇧🇪,2,DevOps Engineer,2026-08-13,2026-08-13,Indeed-Browser,No,Remote,90%,Not Specified,"AWS, Kubernetes, CI/CD, Terraform, Linux",Country_Resumes/Hemachandiran_Giri_CV_BELGIUM.docx,No,,https://www.indeed.com/viewjob?jk=57e0c3df10af11eb,"n8n
Remote in Belgium",2
Build and Release Engineer Consultant,Keystone Solutions,"Keystone Solutions
Brussels",Belgium,🇧🇪,2,DevOps Engineer,2026-08-13,2026-08-13,Indeed-Browser,No,On-site / Hybrid,80%,Not Specified,"AWS, Kubernetes, CI/CD, Terraform, Linux",Country_Resumes/Hemachandiran_Giri_CV_BELGIUM.docx,No,,https://www.indeed.com/viewjob?jk=a9d970f90ae34ebf,"Keystone Solutions
Brussels",2
"Senior Cloud Consultant - Data & AI Engineer (f/m/d, 4-Days-Week), German Speaking",Auvaria Group GmbH,"Auvaria Group GmbH
Wien, W",Austria,🇦🇹,2,DevOps Engineer,2026-08-13,2026-08-13,Indeed-Browser,No,On-site / Hybrid,90%,Not Specified,"AWS, Kubernetes, CI/CD, Terraform, Linux",Country_Resumes/Hemachandiran_Giri_CV_AUSTRIA.docx,No,,https://www.indeed.com/viewjob?jk=b8a3a56b5ee337af,"Auvaria Group GmbH
Wien",1
DevOps-Engineer | m/w/d,pixelpoint multimedia werbe GmbH,"pixelpoint multimedia werbe GmbH
Klagenfurt am Wörthersee, K",Austria,🇦🇹,2,DevOps Engineer,2026-08-13,2026-08-13,Indeed-Browser,No,On-site / Hybrid,90%,Not Specified,"AWS, Kubernetes, CI/CD, Terraform, Linux",Country_Resumes/Hemachandiran_Giri_CV_AUSTRIA.docx,No,,https://www.indeed.com/viewjob?jk=b8d1753666f0b87e,"pixelpoint multimedia werbe GmbH
Klagenfurt am Wörthersee",1
Senior DevOps Consultant,DL Remote,"DL Remote
Homeoffice in Linz, OÖ",Austria,🇦🇹,2,DevOps Engineer,2026-08-13,2026-08-13,Indeed-Browser,No,Remote,90%,Not Specified,"AWS, Kubernetes, CI/CD, Terraform, Linux",Country_Resumes/Hemachandiran_Giri_CV_AUSTRIA.docx,No,,https://www.indeed.com/viewjob?jk=db5c7dd7b9cc5d1e,"DL Remote
Homeoffice in Linz",1
Applied AI Engineer (all genders),Accenture,"Accenture
Wien, W",Austria,🇦🇹,2,DevOps Engineer,2026-08-13,2026-08-13,Indeed-Browser,No,On-site / Hybrid,80%,Not Specified,"AWS, Kubernetes, CI/CD, Terraform, Linux",Country_Resumes/Hemachandiran_Giri_CV_AUSTRIA.docx,No,,https://www.indeed.com/viewjob?jk=1b94a51b7cfbab60,"Accenture
Wien",1
Go Developer (all genders),Genetec,"Genetec
Wien, W",Austria,🇦🇹,2,DevOps Engineer,2026-08-13,2026-08-13,Indeed-Browser,No,On-site / Hybrid,80%,Not Specified,"AWS, Kubernetes, CI/CD, Terraform, Linux",Country_Resumes/Hemachandiran_Giri_CV_AUSTRIA.docx,No,,https://www.indeed.com/viewjob?jk=dff12ec9a5e0141e,"Genetec
Wien",1
Senior Product Manager (Enterprise),n8n,"n8n
Homeoffice in Österreich",Austria,🇦🇹,2,DevOps Engineer,2026-08-13,2026-08-13,Indeed-Browser,No,On-site / Hybrid,80%,Not Specified,"AWS, Kubernetes, CI/CD, Terraform, Linux",Country_Resumes/Hemachandiran_Giri_CV_AUSTRIA.docx,No,,https://www.indeed.com/viewjob?jk=0142cc781de680a4,"n8n
Homeoffice in Österreich",4
Junior Research Engineer (f/m/d) in AI for Cyber Threat Intelligence (Part-Time/Full-Time),Austrian Institute of Technology,"Austrian Institute of Technology
Wien, W",Austria,🇦🇹,2,DevOps Engineer,2026-08-13,2026-08-13,Indeed-Browser,No,On-site / Hybrid,80%,Not Specified,"AWS, Kubernetes, CI/CD, Terraform, Linux",Country_Resumes/Hemachandiran_Giri_CV_AUSTRIA.docx,No,,https://www.indeed.com/viewjob?jk=a5f07956c4fdbe38,"Austrian Institute of Technology
Wien",1
"Software Dev Engineer (DevOps), Amazon Prime Air",Amazon Development Center Austria GmbH,"Amazon Development Center Austria GmbH
Graz, ST",Austria,🇦🇹,2,DevOps Engineer,2026-08-13,2026-08-13,Indeed-Browser,No,On-site / Hybrid,90%,Not Specified,"AWS, Kubernetes, CI/CD, Terraform, Linux",Country_Resumes/Hemachandiran_Giri_CV_AUSTRIA.docx,No,,https://www.indeed.com/viewjob?jk=950f9c39e4bb8232,"Amazon Development Center Austria GmbH
Graz",1
Senior AI Engineer (f/m/d),Siemens,"Siemens
Wien, W",Austria,🇦🇹,2,DevOps Engineer,2026-08-13,2026-08-13,Indeed-Browser,No,On-site / Hybrid,80%,Not Specified,"AWS, Kubernetes, CI/CD, Terraform, Linux",Country_Resumes/Hemachandiran_Giri_CV_AUSTRIA.docx,No,,https://www.indeed.com/viewjob?jk=e0dc153ff7a99b63,"Siemens
Wien",1
DevOps / AgentOps Engineer | AI Transformation (w/m/d),EY,"EY
Wien, W",Austria,🇦🇹,2,DevOps Engineer,2026-08-13,2026-08-13,Indeed-Browser,No,On-site / Hybrid,90%,Not Specified,"AWS, Kubernetes, CI/CD, Terraform, Linux",Country_Resumes/Hemachandiran_Giri_CV_AUSTRIA.docx,No,,https://www.indeed.com/viewjob?jk=90923567ed226f76,"EY
Wien",1
Cloud Platform Engineer,DL Remote,"DL Remote
Homeoffice in Wien, W",Austria,🇦🇹,2,DevOps Engineer,2026-08-13,2026-08-13,Indeed-Browser,No,Remote,90%,Not Specified,"AWS, Kubernetes, CI/CD, Terraform, Linux",Country_Resumes/Hemachandiran_Giri_CV_AUSTRIA.docx,No,,https://www.indeed.com/viewjob?jk=8e8e36e63853dca3,"DL Remote
Homeoffice in Wien",1
Product Engineer (m/f/d),pplwise,"pplwise
Wien, W",Austria,🇦🇹,2,DevOps Engineer,2026-08-13,2026-08-13,Indeed-Browser,No,On-site / Hybrid,80%,Not Specified,"AWS, Kubernetes, CI/CD, Terraform, Linux",Country_Resumes/Hemachandiran_Giri_CV_AUSTRIA.docx,No,,https://www.indeed.com/viewjob?jk=28df3b57bed2ca06,"pplwise
Wien",1
Teamleiter*in Datenmanagement & Analytics,Wien Energie GmbH,"Wien Energie GmbH
Österreich",Austria,🇦🇹,2,Cloud Engineer,2026-08-13,2026-08-13,Indeed-Browser,No,On-site / Hybrid,80%,Not Specified,"AWS, Kubernetes, CI/CD, Terraform, Linux",Country_Resumes/Hemachandiran_Giri_CV_AUSTRIA.docx,No,,https://www.indeed.com/viewjob?jk=fa8c9d6152b9257b,"Wien Energie GmbH
Österreich",1
Senior / Principal Presales Consultant (m/f/d) Cybersecurity,primion Technology GmbH,"primion Technology GmbH
Homeoffice in Graz, ST",Austria,🇦🇹,2,Cloud Engineer,2026-08-13,2026-08-13,Indeed-Browser,No,On-site / Hybrid,80%,Not Specified,"AWS, Kubernetes, CI/CD, Terraform, Linux",Country_Resumes/Hemachandiran_Giri_CV_AUSTRIA.docx,No,,https://www.indeed.com/viewjob?jk=75bc5e20926caefd,"primion Technology GmbH
Homeoffice in Graz",1
Senior Microsoft Infrastructure Architect,DL Remote,"DL Remote
Innsbruck, T",Austria,🇦🇹,2,Cloud Engineer,2026-08-13,2026-08-13,Indeed-Browser,No,Remote,90%,Not Specified,"AWS, Kubernetes, CI/CD, Terraform, Linux",Country_Resumes/Hemachandiran_Giri_CV_AUSTRIA.docx,No,,https://www.indeed.com/viewjob?jk=c0acccfdd8036b59,"DL Remote
Innsbruck",1
Data Engineer (w/m/d),Raiffeisenlandesbank Niederösterreich-Wien AG,"Raiffeisenlandesbank Niederösterreich-Wien AG
Wien, W",Austria,🇦🇹,2,Cloud Engineer,2026-08-13,2026-08-13,Indeed-Browser,No,On-site / Hybrid,80%,Not Specified,"AWS, Kubernetes, CI/CD, Terraform, Linux",Country_Resumes/Hemachandiran_Giri_CV_AUSTRIA.docx,No,,https://www.indeed.com/viewjob?jk=218d7932decbb2aa,"Raiffeisenlandesbank Niederösterreich-Wien AG
Wien",1
Staff Core Platform Engineer,n8n,"n8n
Homeoffice in Österreich",Austria,🇦🇹,2,Cloud Engineer,2026-08-13,2026-08-13,Indeed-Browser,No,On-site / Hybrid,90%,Not Specified,"AWS, Kubernetes, CI/CD, Terraform, Linux",Country_Resumes/Hemachandiran_Giri_CV_AUSTRIA.docx,No,,https://www.indeed.com/viewjob?jk=b70eb6994318bcf9,"n8n
Homeoffice in Österreich",4
Senior Frontend Platform Engineer,n8n,"n8n
Homeoffice in Österreich",Austria,🇦🇹,2,Cloud Engineer,2026-08-13,2026-08-13,Indeed-Browser,No,On-site / Hybrid,90%,Not Specified,"AWS, Kubernetes, CI/CD, Terraform, Linux",Country_Resumes/Hemachandiran_Giri_CV_AUSTRIA.docx,No,,https://www.indeed.com/viewjob?jk=a7dbdf30f3f310a1,"n8n
Homeoffice in Österreich",4
Staff Engineer GaN Technology Development (f/m/div),Infineon Technologies AG,"Infineon Technologies AG
Villach, K",Austria,🇦🇹,2,Platform Engineer,2026-08-13,2026-08-13,Indeed-Browser,No,On-site / Hybrid,80%,Not Specified,"AWS, Kubernetes, CI/CD, Terraform, Linux",Country_Resumes/Hemachandiran_Giri_CV_AUSTRIA.docx,No,,https://www.indeed.com/viewjob?jk=6a7cfa8154924f2e,"Infineon Technologies AG
Villach",1
Agile Delivery Coordinator,ComeOn Group,"ComeOn Group
Homeoffice in Graz, ST",Austria,🇦🇹,2,Platform Engineer,2026-08-13,2026-08-13,Indeed-Browser,No,On-site / Hybrid,80%,Not Specified,"AWS, Kubernetes, CI/CD, Terraform, Linux",Country_Resumes/Hemachandiran_Giri_CV_AUSTRIA.docx,No,,https://www.indeed.com/viewjob?jk=d87709e6f3b11afc,"ComeOn Group
Homeoffice in Graz",1
Internship Cybersecurity Automation Analyst (all genders),Erste Group Bank AG,"Erste Group Bank AG
Homeoffice in Wien, W",Austria,🇦🇹,2,Platform Engineer,2026-08-13,2026-08-13,Indeed-Browser,No,On-site / Hybrid,80%,Not Specified,"AWS, Kubernetes, CI/CD, Terraform, Linux",Country_Resumes/Hemachandiran_Giri_CV_AUSTRIA.docx,No,,https://www.indeed.com/viewjob?jk=8771803d1aa6e510,"Erste Group Bank AG
Homeoffice in Wien",1
Global Director of Revenue Enablement (Remote Europe or East Coast),n8n,"n8n
Homeoffice in Österreich",Austria,🇦🇹,2,Platform Engineer,2026-08-13,2026-08-13,Indeed-Browser,No,Remote,80%,Not Specified,"AWS, Kubernetes, CI/CD, Terraform, Linux",Country_Resumes/Hemachandiran_Giri_CV_AUSTRIA.docx,No,,https://www.indeed.com/viewjob?jk=7238f0bb9344e330,"n8n
Homeoffice in Österreich",4
AI Software Architect,TeamViewer Germany GmbH,"TeamViewer Germany GmbH
Linz, OÖ",Austria,🇦🇹,2,Platform Engineer,2026-08-13,2026-08-13,Indeed-Browser,No,On-site / Hybrid,80%,Not Specified,"AWS, Kubernetes, CI/CD, Terraform, Linux",Country_Resumes/Hemachandiran_Giri_CV_AUSTRIA.docx,No,,https://www.indeed.com/viewjob?jk=33ca2cd2ab80d9df,"TeamViewer Germany GmbH
Linz",1
(Senior) Data Analytics Engineer (m/w/d),dataformers,"dataformers
Linz, OÖ",Austria,🇦🇹,2,Platform Engineer,2026-08-13,2026-08-13,Indeed-Browser,No,On-site / Hybrid,80%,Not Specified,"AWS, Kubernetes, CI/CD, Terraform, Linux",Country_Resumes/Hemachandiran_Giri_CV_AUSTRIA.docx,No,,https://www.indeed.com/viewjob?jk=44cdc1674806328f,"dataformers
Linz",1
"Senior Software Engineer, Windows/Desktop Applications - Vienna, Austria",Speechify,"Speechify
Homeoffice in Wien, W",Austria,🇦🇹,2,Platform Engineer,2026-08-13,2026-08-13,Indeed-Browser,No,On-site / Hybrid,80%,Not Specified,"AWS, Kubernetes, CI/CD, Terraform, Linux",Country_Resumes/Hemachandiran_Giri_CV_AUSTRIA.docx,No,,https://www.indeed.com/viewjob?jk=08470af0ff13ee1b,"Speechify
Homeoffice in Wien",2
Data Engineer,Endava,"Endava
Kuala Lumpur",Malaysia,🇲🇾,2,DevOps Engineer,2026-08-13,2026-08-13,Indeed-Browser,No,On-site / Hybrid,80%,Not Specified,"AWS, Kubernetes, CI/CD, Terraform, Linux",Country_Resumes/Hemachandiran_Giri_CV_MALAYSIA.docx,No,,https://www.indeed.com/viewjob?jk=0657777da7d11f2f,"Endava
Kuala Lumpur",1
SDET (Software Development Engineer in Test) – Banking,Erudite Innovation Sdn Bhd,"Erudite Innovation Sdn Bhd
Bangi",Malaysia,🇲🇾,2,DevOps Engineer,2026-08-13,2026-08-13,Indeed-Browser,No,On-site / Hybrid,80%,Not Specified,"AWS, Kubernetes, CI/CD, Terraform, Linux",Country_Resumes/Hemachandiran_Giri_CV_MALAYSIA.docx,No,,https://www.indeed.com/viewjob?jk=9095d9225e097edc,"Erudite Innovation Sdn Bhd
Bangi",3
"Lead Engineer, Fullstack",TechStreet,"TechStreet
Kuala Lumpur",Malaysia,🇲🇾,2,DevOps Engineer,2026-08-13,2026-08-13,Indeed-Browser,No,On-site / Hybrid,80%,Not Specified,"AWS, Kubernetes, CI/CD, Terraform, Linux",Country_Resumes/Hemachandiran_Giri_CV_MALAYSIA.docx,No,,https://www.indeed.com/viewjob?jk=43ddc1ecb78cb4f1,"TechStreet
Kuala Lumpur",2
ETL Tester - Banking,Erudite Innovation Sdn Bhd,"Erudite Innovation Sdn Bhd
Bangi",Malaysia,🇲🇾,2,DevOps Engineer,2026-08-13,2026-08-13,Indeed-Browser,No,On-site / Hybrid,80%,Not Specified,"AWS, Kubernetes, CI/CD, Terraform, Linux",Country_Resumes/Hemachandiran_Giri_CV_MALAYSIA.docx,No,,https://www.indeed.com/viewjob?jk=e227f7555aad891d,"Erudite Innovation Sdn Bhd
Bangi",3
Senior Software Engineer,TechStreet,"TechStreet
Petaling Jaya",Malaysia,🇲🇾,2,DevOps Engineer,2026-08-13,2026-08-13,Indeed-Browser,No,On-site / Hybrid,80%,Not Specified,"AWS, Kubernetes, CI/CD, Terraform, Linux",Country_Resumes/Hemachandiran_Giri_CV_MALAYSIA.docx,No,,https://www.indeed.com/viewjob?jk=9a6bc6a34ae86ae4,"TechStreet
Petaling Jaya",1
Automation Tester - Banking,Erudite Innovation Sdn Bhd,"Erudite Innovation Sdn Bhd
Bangi",Malaysia,🇲🇾,2,DevOps Engineer,2026-08-13,2026-08-13,Indeed-Browser,No,On-site / Hybrid,80%,Not Specified,"AWS, Kubernetes, CI/CD, Terraform, Linux",Country_Resumes/Hemachandiran_Giri_CV_MALAYSIA.docx,No,,https://www.indeed.com/viewjob?jk=4f109d0f57c4e0a2,"Erudite Innovation Sdn Bhd
Bangi",3
Cloud Solutions Architect,SoftwareOne,"SoftwareOne
Kuala Lumpur",Malaysia,🇲🇾,2,Cloud Engineer,2026-08-13,2026-08-13,Indeed-Browser,No,On-site / Hybrid,90%,Not Specified,"AWS, Kubernetes, CI/CD, Terraform, Linux",Country_Resumes/Hemachandiran_Giri_CV_MALAYSIA.docx,No,,https://www.indeed.com/viewjob?jk=3b0c4cdd81e65c96,"SoftwareOne
Kuala Lumpur",2
Database Solution Architect((PostgreSQL & AWS)),SoftwareOne,"SoftwareOne
Kuala Lumpur",Malaysia,🇲🇾,2,Cloud Engineer,2026-08-13,2026-08-13,Indeed-Browser,No,On-site / Hybrid,90%,Not Specified,AWS,Country_Resumes/Hemachandiran_Giri_CV_MALAYSIA.docx,No,,https://www.indeed.com/viewjob?jk=7f08c97c11a587b2,"SoftwareOne
Kuala Lumpur",2
Cloud Computing Engineer,Brighten Business Consulting Sdn Bhd,"Brighten Business Consulting Sdn Bhd
Cheras",Malaysia,🇲🇾,2,Cloud Engineer,2026-08-13,2026-08-13,Indeed-Browser,No,On-site / Hybrid,90%,Not Specified,"AWS, Kubernetes, CI/CD, Terraform, Linux",Country_Resumes/Hemachandiran_Giri_CV_MALAYSIA.docx,No,,https://www.indeed.com/viewjob?jk=8ae199d267b5f3c6,"Brighten Business Consulting Sdn Bhd
Cheras",3
Cloud Computing Engineer,Brighten Business Consulting Sdn Bhd,"Brighten Business Consulting Sdn Bhd
Kuala Lumpur",Malaysia,🇲🇾,2,Cloud Engineer,2026-08-13,2026-08-13,Indeed-Browser,No,On-site / Hybrid,90%,Not Specified,"AWS, Kubernetes, CI/CD, Terraform, Linux",Country_Resumes/Hemachandiran_Giri_CV_MALAYSIA.docx,No,,https://www.indeed.com/viewjob?jk=ac7518236bbb5daf,"Brighten Business Consulting Sdn Bhd
Kuala Lumpur",3
Cloud Computing Engineer,Brighten Business Consulting Sdn Bhd,"Brighten Business Consulting Sdn Bhd
Kuala Lumpur",Malaysia,🇲🇾,2,Cloud Engineer,2026-08-13,2026-08-13,Indeed-Browser,No,On-site / Hybrid,90%,Not Specified,"AWS, Kubernetes, CI/CD, Terraform, Linux",Country_Resumes/Hemachandiran_Giri_CV_MALAYSIA.docx,No,,https://www.indeed.com/viewjob?jk=ce286c11928b5339,"Brighten Business Consulting Sdn Bhd
Kuala Lumpur",3
IT ENGINEER (IOT),Arrow Systems Sdn Bhd,"Arrow Systems Sdn Bhd
Butterworth",Malaysia,🇲🇾,2,Cloud Engineer,2026-08-13,2026-08-13,Indeed-Browser,No,On-site / Hybrid,80%,Not Specified,"AWS, Kubernetes, CI/CD, Terraform, Linux",Country_Resumes/Hemachandiran_Giri_CV_MALAYSIA.docx,No,,https://www.indeed.com/viewjob?jk=ed7986973837522c,"Arrow Systems Sdn Bhd
Butterworth",1
Azure Cloud Engineer,Solveit consultant,"Solveit consultant
Kuala Lumpur",Malaysia,🇲🇾,2,Cloud Engineer,2026-08-13,2026-08-13,Indeed-Browser,No,On-site / Hybrid,90%,Not Specified,Azure,Country_Resumes/Hemachandiran_Giri_CV_MALAYSIA.docx,No,,https://www.indeed.com/viewjob?jk=e92a7d58ab79182b,"Solveit consultant
Kuala Lumpur",1
DevOpsa,Tata Consultancy Services,"Tata Consultancy Services
Kuala Lumpur",Malaysia,🇲🇾,2,Cloud Engineer,2026-08-13,2026-08-13,Indeed-Browser,No,On-site / Hybrid,90%,Not Specified,"AWS, Kubernetes, CI/CD, Terraform, Linux",Country_Resumes/Hemachandiran_Giri_CV_MALAYSIA.docx,No,,https://www.indeed.com/viewjob?jk=0e25f4b398a5aadf,"Tata Consultancy Services
Kuala Lumpur",1
AI DevOps Engineer (MLOps & Cloud),DXC Technology,"DXC Technology
Petaling Jaya",Malaysia,🇲🇾,2,Cloud Engineer,2026-08-13,2026-08-13,Indeed-Browser,No,On-site / Hybrid,90%,Not Specified,"AWS, Kubernetes, CI/CD, Terraform, Linux",Country_Resumes/Hemachandiran_Giri_CV_MALAYSIA.docx,No,,https://www.indeed.com/viewjob?jk=a7abc333174b25df,"DXC Technology
Petaling Jaya",1
Software Engineer (Java),DHL,"DHL
Cyberjaya",Malaysia,🇲🇾,2,Cloud Engineer,2026-08-13,2026-08-13,Indeed-Browser,No,On-site / Hybrid,80%,Not Specified,"AWS, Kubernetes, CI/CD, Terraform, Linux",Country_Resumes/Hemachandiran_Giri_CV_MALAYSIA.docx,No,,https://www.indeed.com/viewjob?jk=9184791f9bb4f67d,"DHL
Cyberjaya",1
Production Engineer / Junior Engineer – Pulpboard | MNC,Glory HR Solutions,"Glory HR Solutions
Teluk Panglima Garang",Malaysia,🇲🇾,2,Site Reliability Engineer,2026-08-13,2026-08-13,Indeed-Browser,No,On-site / Hybrid,80%,Not Specified,"AWS, Kubernetes, CI/CD, Terraform, Linux",Country_Resumes/Hemachandiran_Giri_CV_MALAYSIA.docx,No,,https://www.indeed.com/viewjob?jk=0e1ba137018bf509,"Glory HR Solutions
Teluk Panglima Garang",1
Production Engineer cum Material Controller,SPARCO ENGINEERING,"SPARCO ENGINEERING
Bandar Bukit Raja",Malaysia,🇲🇾,2,Site Reliability Engineer,2026-08-13,2026-08-13,Indeed-Browser,No,On-site / Hybrid,80%,Not Specified,"AWS, Kubernetes, CI/CD, Terraform, Linux",Country_Resumes/Hemachandiran_Giri_CV_MALAYSIA.docx,No,,https://www.indeed.com/viewjob?jk=db061afd1252ac96,"SPARCO ENGINEERING
Bandar Bukit Raja",1
Production Engineer,MIZOU HOLDINGS SDN BHD,"MIZOU HOLDINGS SDN BHD
Sungai Buloh",Malaysia,🇲🇾,2,Site Reliability Engineer,2026-08-13,2026-08-13,Indeed-Browser,No,On-site / Hybrid,80%,Not Specified,"AWS, Kubernetes, CI/CD, Terraform, Linux",Country_Resumes/Hemachandiran_Giri_CV_MALAYSIA.docx,No,,https://www.indeed.com/viewjob?jk=cfb03470fc0929b5,"MIZOU HOLDINGS SDN BHD
Sungai Buloh",1
Senior DevOps Engineer,Involve Asia Technologies Sdn Bhd,"Involve Asia Technologies Sdn Bhd
Kuala Lumpur",Malaysia,🇲🇾,2,Site Reliability Engineer,2026-08-13,2026-08-13,Indeed-Browser,No,On-site / Hybrid,90%,Not Specified,"AWS, Kubernetes, CI/CD, Terraform, Linux",Country_Resumes/Hemachandiran_Giri_CV_MALAYSIA.docx,No,,https://www.indeed.com/viewjob?jk=ad6523d86fc0e1ff,"Involve Asia Technologies Sdn Bhd
Kuala Lumpur",1
Graduate Trainee - Product Development Engineer,"Advanced Micro Devices, Inc","Advanced Micro Devices, Inc
Bayan Lepas",Malaysia,🇲🇾,2,Platform Engineer,2026-08-13,2026-08-13,Indeed-Browser,No,On-site / Hybrid,80%,Not Specified,"AWS, Kubernetes, CI/CD, Terraform, Linux",Country_Resumes/Hemachandiran_Giri_CV_MALAYSIA.docx,No,,https://www.indeed.com/viewjob?jk=badfa35c6ba6f3b3,Advanced Micro Devices,2
Senior Software Engineer,Sicpa,"Sicpa
Cyberjaya",Malaysia,🇲🇾,2,Platform Engineer,2026-08-13,2026-08-13,Indeed-Browser,No,On-site / Hybrid,80%,Not Specified,"AWS, Kubernetes, CI/CD, Terraform, Linux",Country_Resumes/Hemachandiran_Giri_CV_MALAYSIA.docx,No,,https://www.indeed.com/viewjob?jk=8c9fb8edcf1e91ce,"Sicpa
Cyberjaya",1
PRODUCT DEVELOPMENT ENGINEER,Sophic Automation Sdn Bhd,"Sophic Automation Sdn Bhd
Bayan Lepas",Malaysia,🇲🇾,2,Platform Engineer,2026-08-13,2026-08-13,Indeed-Browser,No,On-site / Hybrid,80%,Not Specified,"AWS, Kubernetes, CI/CD, Terraform, Linux",Country_Resumes/Hemachandiran_Giri_CV_MALAYSIA.docx,No,,https://www.indeed.com/viewjob?jk=f28cfde3b187f79d,"Sophic Automation Sdn Bhd
Bayan Lepas",1
LLC Engineer,Daifuku,"Daifuku
Kuala Lumpur",Malaysia,🇲🇾,2,Platform Engineer,2026-08-13,2026-08-13,Indeed-Browser,No,On-site / Hybrid,80%,Not Specified,"AWS, Kubernetes, CI/CD, Terraform, Linux",Country_Resumes/Hemachandiran_Giri_CV_MALAYSIA.docx,No,,https://www.indeed.com/viewjob?jk=d908c80d6a5eb9f7,"Daifuku
Kuala Lumpur",1
Service Engineer,T Max Solutions Sdn Bhd,"T Max Solutions Sdn Bhd
Puchong",Malaysia,🇲🇾,2,Platform Engineer,2026-08-13,2026-08-13,Indeed-Browser,No,On-site / Hybrid,80%,Not Specified,"AWS, Kubernetes, CI/CD, Terraform, Linux",Country_Resumes/Hemachandiran_Giri_CV_MALAYSIA.docx,No,,https://www.indeed.com/viewjob?jk=8c17164358b3b783,"T Max Solutions Sdn Bhd
Puchong",1
Automation Operations Infrastructure Engineer,Intel,"Intel
Kulim",Malaysia,🇲🇾,2,Platform Engineer,2026-08-13,2026-08-13,Indeed-Browser,No,On-site / Hybrid,90%,Not Specified,"AWS, Kubernetes, CI/CD, Terraform, Linux",Country_Resumes/Hemachandiran_Giri_CV_MALAYSIA.docx,No,,https://www.indeed.com/viewjob?jk=dc5b9dfeec143172,"Intel
Kulim",1
Lead Data Engineer,NEXT Ventures,"NEXT Ventures
Kuala Lumpur",Malaysia,🇲🇾,2,Platform Engineer,2026-08-13,2026-08-13,Indeed-Browser,No,On-site / Hybrid,80%,Not Specified,"AWS, Kubernetes, CI/CD, Terraform, Linux",Country_Resumes/Hemachandiran_Giri_CV_MALAYSIA.docx,No,,https://www.indeed.com/viewjob?jk=86975157c6e78ff8,"NEXT Ventures
Kuala Lumpur",1
"Software Engineer, Data Infrastructure & Acquisition - Kuala Lumpur, Malaysia",Speechify,"Speechify
Remote in Kuala Lumpur",Malaysia,🇲🇾,2,Platform Engineer,2026-08-13,2026-08-13,Indeed-Browser,No,Remote,90%,Not Specified,"AWS, Kubernetes, CI/CD, Terraform, Linux",Country_Resumes/Hemachandiran_Giri_CV_MALAYSIA.docx,No,,https://www.indeed.com/viewjob?jk=af1328ec3d2397ee,"Speechify
Remote in Kuala Lumpur",3
"Senior Software Engineer, Core Experiences - Kuala Lumpur, Malaysia",Speechify,"Speechify
Remote in Kuala Lumpur",Malaysia,🇲🇾,2,Platform Engineer,2026-08-13,2026-08-13,Indeed-Browser,No,Remote,80%,Not Specified,"AWS, Kubernetes, CI/CD, Terraform, Linux",Country_Resumes/Hemachandiran_Giri_CV_MALAYSIA.docx,No,,https://www.indeed.com/viewjob?jk=bac710260c511139,"Speechify
Remote in Kuala Lumpur",3
Platform / DevSecOps Engineer,Luxoft,Remote,United Kingdom,🇬🇧,1,DevOps Engineer,2026-08-15,2026-08-15,Glassdoor-Browser,No,Remote,90%,Not Specified,"AWS, Kubernetes, CI/CD, Terraform, Linux",Country_Resumes/Hemachandiran_Giri_CV_UNITED_KINGDOM.docx,No,,https://www.glassdoor.com/job-listing/?jl=1010229660525,Unknown,16
Lead Site Reliability / DevOps Engineer,JPMorganChase,"Glasgow, Scotland",United Kingdom,🇬🇧,1,DevOps Engineer,2026-08-15,2026-08-15,Glassdoor-Browser,No,On-site / Hybrid,90%,Not Specified,"AWS, Kubernetes, CI/CD, Terraform, Linux",Country_Resumes/Hemachandiran_Giri_CV_UNITED_KINGDOM.docx,No,,https://www.glassdoor.com/job-listing/?jl=1010199931573,Glasgow,3
"Engineer II, Site Reliability (Remote, GBR)",CrowdStrike,Remote,United Kingdom,🇬🇧,1,Cloud Engineer,2026-08-15,2026-08-15,Glassdoor-Browser,No,Remote,90%,Not Specified,"AWS, Kubernetes, CI/CD, Terraform, Linux",Country_Resumes/Hemachandiran_Giri_CV_UNITED_KINGDOM.docx,No,,https://www.glassdoor.com/job-listing/?jl=1010230618483,Unknown,16
Site Reliability Engineer,Lloyds Banking Group,"London, England",United Kingdom,🇬🇧,1,Cloud Engineer,2026-08-15,2026-08-15,Glassdoor-Browser,No,On-site / Hybrid,90%,Not Specified,"AWS, Kubernetes, CI/CD, Terraform, Linux",Country_Resumes/Hemachandiran_Giri_CV_UNITED_KINGDOM.docx,No,,https://www.glassdoor.com/job-listing/?jl=1010230407811,London,21
Senior Platform Reliability Engineer,Ricoh,"London, England",United Kingdom,🇬🇧,1,Platform Engineer,2026-08-15,2026-08-15,Glassdoor-Browser,No,On-site / Hybrid,90%,Not Specified,"AWS, Kubernetes, CI/CD, Terraform, Linux",Country_Resumes/Hemachandiran_Giri_CV_UNITED_KINGDOM.docx,No,,https://www.glassdoor.com/job-listing/?jl=1010157726151,London,21
"DevOps Engineer, Cloud Platform",Upstart,Toronto,Canada,🇨🇦,1,DevOps Engineer,2026-08-15,2026-08-15,Glassdoor-Browser,No,On-site / Hybrid,90%,Not Specified,"AWS, Kubernetes, CI/CD, Terraform, Linux",Country_Resumes/Hemachandiran_Giri_CV_CANADA.docx,No,,https://www.glassdoor.com/job-listing/?jl=1010186973713,Toronto,16
DevOPS/Cloud Engineer,SOFTLINE TECHNOLOGY,Toronto,Canada,🇨🇦,1,DevOps Engineer,2026-08-15,2026-08-15,Glassdoor-Browser,No,On-site / Hybrid,90%,Not Specified,"AWS, Kubernetes, CI/CD, Terraform, Linux",Country_Resumes/Hemachandiran_Giri_CV_CANADA.docx,No,,https://www.glassdoor.com/job-listing/?jl=1010228564235,Toronto,16
Senior Site Reliability Engineer (Cloud Networking & Infrastructure as Code),Magnet Forensics,Canada,Canada,🇨🇦,1,DevOps Engineer,2026-08-15,2026-08-15,Glassdoor-Browser,No,On-site / Hybrid,90%,Not Specified,"AWS, Kubernetes, CI/CD, Terraform, Linux",Country_Resumes/Hemachandiran_Giri_CV_CANADA.docx,No,,https://www.glassdoor.com/job-listing/?jl=1010230775714,Canada,10
Cloud Platform Engineer,Scotiabank,Toronto,Canada,🇨🇦,1,DevOps Engineer,2026-08-15,2026-08-15,Glassdoor-Browser,No,On-site / Hybrid,90%,Not Specified,"AWS, Kubernetes, CI/CD, Terraform, Linux",Country_Resumes/Hemachandiran_Giri_CV_CANADA.docx,No,,https://www.glassdoor.com/job-listing/?jl=1010195230888,Toronto,16
Ingénieur(e) En Gestion De Données ML,Ericsson,Montreal,Canada,🇨🇦,1,Cloud Engineer,2026-08-15,2026-08-15,Glassdoor-Browser,No,On-site / Hybrid,80%,Not Specified,"AWS, Kubernetes, CI/CD, Terraform, Linux",Country_Resumes/Hemachandiran_Giri_CV_CANADA.docx,No,,https://www.glassdoor.com/job-listing/?jl=1010153979670,Montreal,1
Senior Site Reliability Engineer,Jobber,Vancouver,Canada,🇨🇦,1,Site Reliability Engineer,2026-08-15,2026-08-15,Glassdoor-Browser,No,On-site / Hybrid,90%,Not Specified,"AWS, Kubernetes, CI/CD, Terraform, Linux",Country_Resumes/Hemachandiran_Giri_CV_CANADA.docx,No,,https://www.glassdoor.com/job-listing/?jl=1010230896796,Vancouver,3
Senior Site Reliability Engineer (Kubernetes),Mirantis,British Columbia,Canada,🇨🇦,1,Site Reliability Engineer,2026-08-15,2026-08-15,Glassdoor-Browser,No,On-site / Hybrid,90%,Not Specified,Kubernetes,Country_Resumes/Hemachandiran_Giri_CV_CANADA.docx,No,,https://www.glassdoor.com/job-listing/?jl=1010213348066,British Columbia,1
DevOps Engineer,ooba,Cape Town,Saudi Arabia,🇸🇦,1,DevOps Engineer,2026-08-15,2026-08-15,Glassdoor-Browser,No,On-site / Hybrid,90%,Not Specified,"AWS, Kubernetes, CI/CD, Terraform, Linux",Country_Resumes/Hemachandiran_Giri_CV_SAUDI_ARABIA.docx,No,,https://www.glassdoor.com/job-listing/?jl=1009775139884,Cape Town,5
DevOps Engineer,Elixirr,Johannesburg,Saudi Arabia,🇸🇦,1,DevOps Engineer,2026-08-15,2026-08-15,Glassdoor-Browser,No,On-site / Hybrid,90%,Not Specified,"AWS, Kubernetes, CI/CD, Terraform, Linux",Country_Resumes/Hemachandiran_Giri_CV_SAUDI_ARABIA.docx,No,,https://www.glassdoor.com/job-listing/?jl=1010076019086,Johannesburg,10
Reliability Engineer (OR),Minopex,Johannesburg,Saudi Arabia,🇸🇦,1,Site Reliability Engineer,2026-08-15,2026-08-15,Glassdoor-Browser,No,On-site / Hybrid,90%,Not Specified,"AWS, Kubernetes, CI/CD, Terraform, Linux",Country_Resumes/Hemachandiran_Giri_CV_SAUDI_ARABIA.docx,No,,https://www.glassdoor.com/job-listing/?jl=1010230707526,Johannesburg,10
Reliability Engineer (Minopex O&M),Minopex,Johannesburg,Saudi Arabia,🇸🇦,1,Site Reliability Engineer,2026-08-15,2026-08-15,Glassdoor-Browser,No,On-site / Hybrid,90%,Not Specified,"AWS, Kubernetes, CI/CD, Terraform, Linux",Country_Resumes/Hemachandiran_Giri_CV_SAUDI_ARABIA.docx,No,,https://www.glassdoor.com/job-listing/?jl=1010230707524,Johannesburg,10
DevOps Engineer Infrastructure,Delft University of Technology,Delft,Netherlands,🇳🇱,1,DevOps Engineer,2026-08-15,2026-08-15,Glassdoor-Browser,No,On-site / Hybrid,90%,Not Specified,"AWS, Kubernetes, CI/CD, Terraform, Linux",Country_Resumes/Hemachandiran_Giri_CV_NETHERLANDS.docx,No,,https://www.glassdoor.com/job-listing/?jl=1010230367916,Delft,5
AI DevOps Engineer,Rabobank,Utrecht,Netherlands,🇳🇱,1,DevOps Engineer,2026-08-15,2026-08-15,Glassdoor-Browser,No,On-site / Hybrid,90%,Not Specified,"AWS, Kubernetes, CI/CD, Terraform, Linux",Country_Resumes/Hemachandiran_Giri_CV_NETHERLANDS.docx,No,,https://www.glassdoor.com/job-listing/?jl=1010226390451,Utrecht,7
Cloud Engineer,Coolblue,Rotterdam,Netherlands,🇳🇱,1,Cloud Engineer,2026-08-15,2026-08-15,Glassdoor-Browser,No,On-site / Hybrid,90%,Not Specified,"AWS, Kubernetes, CI/CD, Terraform, Linux",Country_Resumes/Hemachandiran_Giri_CV_NETHERLANDS.docx,No,,https://www.glassdoor.com/job-listing/?jl=1010104558676,Rotterdam,3
Cloud Engineer,Devon Energy,Delft,Netherlands,🇳🇱,1,Cloud Engineer,2026-08-15,2026-08-15,Glassdoor-Browser,No,On-site / Hybrid,90%,Not Specified,"AWS, Kubernetes, CI/CD, Terraform, Linux",Country_Resumes/Hemachandiran_Giri_CV_NETHERLANDS.docx,No,,https://www.glassdoor.com/job-listing/?jl=1008894516656,Delft,5
cloud platform engineer,Politie,Nieuwegein,Netherlands,🇳🇱,1,Platform Engineer,2026-08-15,2026-08-15,Glassdoor-Browser,No,On-site / Hybrid,90%,Not Specified,"AWS, Kubernetes, CI/CD, Terraform, Linux",Country_Resumes/Hemachandiran_Giri_CV_NETHERLANDS.docx,No,,https://www.glassdoor.com/job-listing/?jl=1010162827320,Nieuwegein,4
DevOps Engineer,Logica-IT,Israel,Ireland,🇮🇪,1,DevOps Engineer,2026-08-15,2026-08-15,Glassdoor-Browser,No,On-site / Hybrid,90%,Not Specified,"AWS, Kubernetes, CI/CD, Terraform, Linux",Country_Resumes/Hemachandiran_Giri_CV_IRELAND.docx,No,,https://www.glassdoor.com/job-listing/?jl=1010213533561,Israel,40
Support Engineer,UCL Group,Central,Ireland,🇮🇪,1,DevOps Engineer,2026-08-15,2026-08-15,Glassdoor-Browser,No,On-site / Hybrid,80%,Not Specified,"AWS, Kubernetes, CI/CD, Terraform, Linux",Country_Resumes/Hemachandiran_Giri_CV_IRELAND.docx,No,,https://www.glassdoor.com/job-listing/?jl=1010164932622,Central,2
ML ENGINEER,הפניקס,Israel,Ireland,🇮🇪,1,DevOps Engineer,2026-08-15,2026-08-15,Glassdoor-Browser,No,On-site / Hybrid,80%,Not Specified,"AWS, Kubernetes, CI/CD, Terraform, Linux",Country_Resumes/Hemachandiran_Giri_CV_IRELAND.docx,No,,https://www.glassdoor.com/job-listing/?jl=1010186493243,Israel,40
DevOps Engineer,Leidos,Israel,Ireland,🇮🇪,1,Cloud Engineer,2026-08-15,2026-08-15,Glassdoor-Browser,No,On-site / Hybrid,90%,Not Specified,"AWS, Kubernetes, CI/CD, Terraform, Linux",Country_Resumes/Hemachandiran_Giri_CV_IRELAND.docx,No,,https://www.glassdoor.com/job-listing/?jl=1010136348750,Israel,40
Senior Reliability Engineer,Tower Semiconductor,Israel,Ireland,🇮🇪,1,Site Reliability Engineer,2026-08-15,2026-08-15,Glassdoor-Browser,No,On-site / Hybrid,90%,Not Specified,"AWS, Kubernetes, CI/CD, Terraform, Linux",Country_Resumes/Hemachandiran_Giri_CV_IRELAND.docx,No,,https://www.glassdoor.com/job-listing/?jl=1010091360637,Israel,40
Senior Software Engineer - Hiredscore,Workday,Israel,Ireland,🇮🇪,1,Platform Engineer,2026-08-15,2026-08-15,Glassdoor-Browser,No,On-site / Hybrid,80%,Not Specified,"AWS, Kubernetes, CI/CD, Terraform, Linux",Country_Resumes/Hemachandiran_Giri_CV_IRELAND.docx,No,,https://www.glassdoor.com/job-listing/?jl=1010071443220,Israel,40
DevOps Engineer,Meta Bytes,Laholm,Sweden,🇸🇪,1,DevOps Engineer,2026-08-15,2026-08-15,Glassdoor-Browser,No,On-site / Hybrid,90%,Not Specified,"AWS, Kubernetes, CI/CD, Terraform, Linux",Country_Resumes/Hemachandiran_Giri_CV_SWEDEN.docx,No,,https://www.glassdoor.com/job-listing/?jl=1010229565442,Laholm,2
DevOps engineer ﻿,Saab Group,Luleå,Sweden,🇸🇪,1,DevOps Engineer,2026-08-15,2026-08-15,Glassdoor-Browser,No,On-site / Hybrid,90%,Not Specified,"AWS, Kubernetes, CI/CD, Terraform, Linux",Country_Resumes/Hemachandiran_Giri_CV_SWEDEN.docx,No,,https://www.glassdoor.com/job-listing/?jl=1009490251393,Luleå,1
Kubernetes & DevOps Engineer,Advania,Enköping,Sweden,🇸🇪,1,DevOps Engineer,2026-08-15,2026-08-15,Glassdoor-Browser,No,On-site / Hybrid,90%,Not Specified,Kubernetes,Country_Resumes/Hemachandiran_Giri_CV_SWEDEN.docx,No,,https://www.glassdoor.com/job-listing/?jl=1010170554944,Enköping,2
Cloud Site Reliability Engineer ﻿,Saab Group,Solna,Sweden,🇸🇪,1,Cloud Engineer,2026-08-15,2026-08-15,Glassdoor-Browser,No,On-site / Hybrid,90%,Not Specified,"AWS, Kubernetes, CI/CD, Terraform, Linux",Country_Resumes/Hemachandiran_Giri_CV_SWEDEN.docx,No,,https://www.glassdoor.com/job-listing/?jl=1010230304571,Solna,1
Infrastructure Engineering Manager (SRE),Fortnox,Växjö,Sweden,🇸🇪,1,Site Reliability Engineer,2026-08-15,2026-08-15,Glassdoor-Browser,No,On-site / Hybrid,90%,Not Specified,"AWS, Kubernetes, CI/CD, Terraform, Linux",Country_Resumes/Hemachandiran_Giri_CV_SWEDEN.docx,No,,https://www.glassdoor.com/job-listing/?jl=1010112652407,Växjö,2
Data Engineer til Data Platform i AP Pension,AP Pension,Denmark,Denmark,🇩🇰,1,DevOps Engineer,2026-08-15,2026-08-15,Glassdoor-Browser,No,On-site / Hybrid,90%,Not Specified,"AWS, Kubernetes, CI/CD, Terraform, Linux",Country_Resumes/Hemachandiran_Giri_CV_DENMARK.docx,No,,https://www.glassdoor.com/job-listing/?jl=1010229628083,Denmark,1
AI Marketing Engineer,Dentsu,Copenhagen,Denmark,🇩🇰,1,DevOps Engineer,2026-08-15,2026-08-15,Glassdoor-Browser,No,On-site / Hybrid,80%,Not Specified,"AWS, Kubernetes, CI/CD, Terraform, Linux",Country_Resumes/Hemachandiran_Giri_CV_DENMARK.docx,No,,https://www.glassdoor.com/job-listing/?jl=1010194570186,Copenhagen,19
Senior Data Engineer,Inspari,Kongens Lyngby,Denmark,🇩🇰,1,Cloud Engineer,2026-08-15,2026-08-15,Glassdoor-Browser,No,On-site / Hybrid,80%,Not Specified,"AWS, Kubernetes, CI/CD, Terraform, Linux",Country_Resumes/Hemachandiran_Giri_CV_DENMARK.docx,No,,https://www.glassdoor.com/job-listing/?jl=1010096713268,Kongens Lyngby,1
Senior Mechanical Design Engineer — Marine Products (SolidWorks),Lake Lite Inc.,"Avilla, IN",Australia,🇦🇺,1,Cloud Engineer,2026-08-15,2026-08-15,Glassdoor-Browser,No,On-site / Hybrid,80%,Not Specified,"AWS, Kubernetes, CI/CD, Terraform, Linux",Country_Resumes/Hemachandiran_Giri_CV_AUSTRALIA.docx,No,,https://www.glassdoor.com/job-listing/?jl=1010229428689,Avilla,2
Quality Weld Analyzer,Multimatic Manufacturing,"Butler, IN",Australia,🇦🇺,1,Site Reliability Engineer,2026-08-15,2026-08-15,Glassdoor-Browser,No,On-site / Hybrid,80%,Not Specified,"AWS, Kubernetes, CI/CD, Terraform, Linux",Country_Resumes/Hemachandiran_Giri_CV_AUSTRALIA.docx,No,,https://www.glassdoor.com/job-listing/?jl=1010117502673,Butler,4
DevSecOps Engineer,Kyndryl,Lima,Oman,🇴🇲,2,DevOps Engineer,2026-08-15,2026-08-15,Glassdoor-Browser,No,On-site / Hybrid,80%,Not Specified,"AWS, Kubernetes, CI/CD, Terraform, Linux",Country_Resumes/Hemachandiran_Giri_CV_OMAN.docx,No,,https://www.glassdoor.com/job-listing/?jl=1010205106715,Lima,11
"Software Engineer, Platform - Lima, Peru",Speechify,Lima,Oman,🇴🇲,2,Cloud Engineer,2026-08-15,2026-08-15,Glassdoor-Browser,No,On-site / Hybrid,90%,Not Specified,"AWS, Kubernetes, CI/CD, Terraform, Linux",Country_Resumes/Hemachandiran_Giri_CV_OMAN.docx,No,,https://www.glassdoor.com/job-listing/?jl=1010229466512,Lima,11
Cloud Engineer/ka,TopTalent,Hradec Králové,France,🇫🇷,2,DevOps Engineer,2026-08-15,2026-08-15,Glassdoor-Browser,No,On-site / Hybrid,90%,Not Specified,"AWS, Kubernetes, CI/CD, Terraform, Linux",Country_Resumes/Hemachandiran_Giri_CV_FRANCE.docx,No,,https://www.glassdoor.com/job-listing/?jl=1010199951502,Hradec Králové,2
Site Reliability Engineer for Cloud center,Groupe SII,Prague,France,🇫🇷,2,Cloud Engineer,2026-08-15,2026-08-15,Glassdoor-Browser,No,On-site / Hybrid,90%,Not Specified,"AWS, Kubernetes, CI/CD, Terraform, Linux",Country_Resumes/Hemachandiran_Giri_CV_FRANCE.docx,No,,https://www.glassdoor.com/job-listing/?jl=1010207047487,Prague,34
Senior Site Reliability Engineer,EPAM Systems,Czech Republic,France,🇫🇷,2,Cloud Engineer,2026-08-15,2026-08-15,Glassdoor-Browser,No,On-site / Hybrid,90%,Not Specified,"AWS, Kubernetes, CI/CD, Terraform, Linux",Country_Resumes/Hemachandiran_Giri_CV_FRANCE.docx,No,,https://www.glassdoor.com/job-listing/?jl=1010229331136,Czech Republic,5
Cloud DevOps Engineer (f/m/d),Deutsche Börse Group,Prague,France,🇫🇷,2,Cloud Engineer,2026-08-15,2026-08-15,Glassdoor-Browser,No,On-site / Hybrid,90%,Not Specified,"AWS, Kubernetes, CI/CD, Terraform, Linux",Country_Resumes/Hemachandiran_Giri_CV_FRANCE.docx,No,,https://www.glassdoor.com/job-listing/?jl=1010230885930,Prague,34
Private Cloud Platform Engineer,Thales,Prague,France,🇫🇷,2,Cloud Engineer,2026-08-15,2026-08-15,Glassdoor-Browser,No,On-site / Hybrid,90%,Not Specified,"AWS, Kubernetes, CI/CD, Terraform, Linux",Country_Resumes/Hemachandiran_Giri_CV_FRANCE.docx,No,,https://www.glassdoor.com/job-listing/?jl=1010082897580,Prague,34
Senior AWS Cloud DevOps Engineer,EPAM Systems,Czech Republic,France,🇫🇷,2,Cloud Engineer,2026-08-15,2026-08-15,Glassdoor-Browser,No,On-site / Hybrid,90%,Not Specified,AWS,Country_Resumes/Hemachandiran_Giri_CV_FRANCE.docx,No,,https://www.glassdoor.com/job-listing/?jl=1010229331109,Czech Republic,5
SOFTWARE DEVELOPER C - JUNIOR / MEDIOR,2N Telekomunikace a.s.,Hradec Králové,France,🇫🇷,2,Site Reliability Engineer,2026-08-15,2026-08-15,Glassdoor-Browser,No,On-site / Hybrid,80%,Not Specified,"AWS, Kubernetes, CI/CD, Terraform, Linux",Country_Resumes/Hemachandiran_Giri_CV_FRANCE.docx,No,,https://www.glassdoor.com/job-listing/?jl=1007834531052,Hradec Králové,2
Junior Embedded Software Developer,MESIT,Uherské Hradiště,France,🇫🇷,2,Site Reliability Engineer,2026-08-15,2026-08-15,Glassdoor-Browser,No,On-site / Hybrid,80%,Not Specified,"AWS, Kubernetes, CI/CD, Terraform, Linux",Country_Resumes/Hemachandiran_Giri_CV_FRANCE.docx,No,,https://www.glassdoor.com/job-listing/?jl=1005731455031,Uherské Hradiště,1
Sr Software Engineer (DOCSIS/AWS/DevOps),Cedent,"Philadelphia, PA",Austria,🇦🇹,2,DevOps Engineer,2026-08-15,2026-08-15,Glassdoor-Browser,No,On-site / Hybrid,90%,Not Specified,AWS,Country_Resumes/Hemachandiran_Giri_CV_AUSTRIA.docx,No,,https://www.glassdoor.com/job-listing/?jl=1009643079018,Philadelphia,54
Senior DevOps Engineer,Clarivate,"Philadelphia, PA",Austria,🇦🇹,2,DevOps Engineer,2026-08-15,2026-08-15,Glassdoor-Browser,No,On-site / Hybrid,90%,Not Specified,"AWS, Kubernetes, CI/CD, Terraform, Linux",Country_Resumes/Hemachandiran_Giri_CV_AUSTRIA.docx,No,,https://www.glassdoor.com/job-listing/?jl=1010211496583,Philadelphia,54
Jr. DevOps Engineer,Fahrenheit IT,"Pennington, NJ",Austria,🇦🇹,2,DevOps Engineer,2026-08-15,2026-08-15,Glassdoor-Browser,No,On-site / Hybrid,90%,Not Specified,"AWS, Kubernetes, CI/CD, Terraform, Linux",Country_Resumes/Hemachandiran_Giri_CV_AUSTRIA.docx,No,,https://www.glassdoor.com/job-listing/?jl=1008986529861,Pennington,1
"Platform Operations Engineer, DevOps | TS Cleared",Trace3,"King of Prussia, PA",Austria,🇦🇹,2,DevOps Engineer,2026-08-15,2026-08-15,Glassdoor-Browser,No,On-site / Hybrid,90%,Not Specified,"AWS, Kubernetes, CI/CD, Terraform, Linux",Country_Resumes/Hemachandiran_Giri_CV_AUSTRIA.docx,No,,https://www.glassdoor.com/job-listing/?jl=1010207233390,King of Prussia,9
DevOps Engineer - Linux (Top Secret with agreement to obtain CI Poly),North Point Technology,"King of Prussia, PA",Austria,🇦🇹,2,DevOps Engineer,2026-08-15,2026-08-15,Glassdoor-Browser,No,On-site / Hybrid,95%,Not Specified,Linux,Country_Resumes/Hemachandiran_Giri_CV_AUSTRIA.docx,No,,https://www.glassdoor.com/job-listing/?jl=1010195437825,King of Prussia,9
DevOps Engineer (Top Secret with agreement to obtain CI Poly),North Point Technology,"King of Prussia, PA",Austria,🇦🇹,2,DevOps Engineer,2026-08-15,2026-08-15,Glassdoor-Browser,No,On-site / Hybrid,90%,Not Specified,"AWS, Kubernetes, CI/CD, Terraform, Linux",Country_Resumes/Hemachandiran_Giri_CV_AUSTRIA.docx,No,,https://www.glassdoor.com/job-listing/?jl=1010195437832,King of Prussia,9
Senior DevOps Engineer,SEI Investments,"Oaks, PA",Austria,🇦🇹,2,DevOps Engineer,2026-08-15,2026-08-15,Glassdoor-Browser,No,On-site / Hybrid,90%,Not Specified,"AWS, Kubernetes, CI/CD, Terraform, Linux",Country_Resumes/Hemachandiran_Giri_CV_AUSTRIA.docx,No,,https://www.glassdoor.com/job-listing/?jl=1010187384699,Oaks,1
Sr. Software Engineer,"Subaru of America, Inc.","Camden, NJ",Austria,🇦🇹,2,DevOps Engineer,2026-08-15,2026-08-15,Glassdoor-Browser,No,On-site / Hybrid,80%,Not Specified,"AWS, Kubernetes, CI/CD, Terraform, Linux",Country_Resumes/Hemachandiran_Giri_CV_AUSTRIA.docx,No,,https://www.glassdoor.com/job-listing/?jl=1009988873094,Camden,3
Connected Vehicle Architect,"Subaru of America, Inc.","Camden, NJ",Austria,🇦🇹,2,DevOps Engineer,2026-08-15,2026-08-15,Glassdoor-Browser,No,On-site / Hybrid,80%,Not Specified,"AWS, Kubernetes, CI/CD, Terraform, Linux",Country_Resumes/Hemachandiran_Giri_CV_AUSTRIA.docx,No,,https://www.glassdoor.com/job-listing/?jl=1010192831863,Camden,3
Senior Automation Engineer,Amazon,"Logan Township, NJ",Austria,🇦🇹,2,Cloud Engineer,2026-08-15,2026-08-15,Glassdoor-Browser,No,On-site / Hybrid,80%,Not Specified,"AWS, Kubernetes, CI/CD, Terraform, Linux",Country_Resumes/Hemachandiran_Giri_CV_AUSTRIA.docx,No,,https://www.glassdoor.com/job-listing/?jl=1010154089052,Logan Township,1
IFS Cloud Solution Architect Senior Manager/Associate Director,Accenture,"Philadelphia, PA",Austria,🇦🇹,2,Cloud Engineer,2026-08-15,2026-08-15,Glassdoor-Browser,No,On-site / Hybrid,90%,Not Specified,"AWS, Kubernetes, CI/CD, Terraform, Linux",Country_Resumes/Hemachandiran_Giri_CV_AUSTRIA.docx,No,,https://www.glassdoor.com/job-listing/?jl=1010228986377,Philadelphia,54
Palantir Forward Deployed Senior Engineer,Accenture,"Philadelphia, PA",Austria,🇦🇹,2,Cloud Engineer,2026-08-15,2026-08-15,Glassdoor-Browser,No,On-site / Hybrid,80%,Not Specified,"AWS, Kubernetes, CI/CD, Terraform, Linux",Country_Resumes/Hemachandiran_Giri_CV_AUSTRIA.docx,No,,https://www.glassdoor.com/job-listing/?jl=1010112711774,Philadelphia,54
Salesforce Data Cloud & AI Associate Architect,Accenture,"Philadelphia, PA",Austria,🇦🇹,2,Cloud Engineer,2026-08-15,2026-08-15,Glassdoor-Browser,No,On-site / Hybrid,90%,Not Specified,"AWS, Kubernetes, CI/CD, Terraform, Linux",Country_Resumes/Hemachandiran_Giri_CV_AUSTRIA.docx,No,,https://www.glassdoor.com/job-listing/?jl=1010192789097,Philadelphia,54
AWS (AABG) Mid-Market Technical Architect,Accenture,"Philadelphia, PA",Austria,🇦🇹,2,Cloud Engineer,2026-08-15,2026-08-15,Glassdoor-Browser,No,On-site / Hybrid,90%,Not Specified,AWS,Country_Resumes/Hemachandiran_Giri_CV_AUSTRIA.docx,No,,https://www.glassdoor.com/job-listing/?jl=1010061087067,Philadelphia,54
Full Stack FinOps Consultant,Accenture,"Philadelphia, PA",Austria,🇦🇹,2,Cloud Engineer,2026-08-15,2026-08-15,Glassdoor-Browser,No,On-site / Hybrid,80%,Not Specified,"AWS, Kubernetes, CI/CD, Terraform, Linux",Country_Resumes/Hemachandiran_Giri_CV_AUSTRIA.docx,No,,https://www.glassdoor.com/job-listing/?jl=1010227544530,Philadelphia,54
Google Agentic AI Delivery Senior Engineer,Accenture,"Philadelphia, PA",Austria,🇦🇹,2,Cloud Engineer,2026-08-15,2026-08-15,Glassdoor-Browser,No,On-site / Hybrid,80%,Not Specified,"AWS, Kubernetes, CI/CD, Terraform, Linux",Country_Resumes/Hemachandiran_Giri_CV_AUSTRIA.docx,No,,https://www.glassdoor.com/job-listing/?jl=1010172674777,Philadelphia,54
Senior Advanced AI Research Engineer,Accenture,"Philadelphia, PA",Austria,🇦🇹,2,Cloud Engineer,2026-08-15,2026-08-15,Glassdoor-Browser,No,On-site / Hybrid,80%,Not Specified,"AWS, Kubernetes, CI/CD, Terraform, Linux",Country_Resumes/Hemachandiran_Giri_CV_AUSTRIA.docx,No,,https://www.glassdoor.com/job-listing/?jl=1010134822326,Philadelphia,54
Salesforce Data Cloud & AI Tech Architect (Tech Architecture/Solution Architecture),Accenture,"Philadelphia, PA",Austria,🇦🇹,2,Cloud Engineer,2026-08-15,2026-08-15,Glassdoor-Browser,No,On-site / Hybrid,90%,Not Specified,"AWS, Kubernetes, CI/CD, Terraform, Linux",Country_Resumes/Hemachandiran_Giri_CV_AUSTRIA.docx,No,,https://www.glassdoor.com/job-listing/?jl=1010188242174,Philadelphia,54
Google Senior Data Engineer,Accenture,"Philadelphia, PA",Austria,🇦🇹,2,Cloud Engineer,2026-08-15,2026-08-15,Glassdoor-Browser,No,On-site / Hybrid,80%,Not Specified,"AWS, Kubernetes, CI/CD, Terraform, Linux",Country_Resumes/Hemachandiran_Giri_CV_AUSTRIA.docx,No,,https://www.glassdoor.com/job-listing/?jl=1010228600654,Philadelphia,54
"Data Center Technician, DCC Communities",Amazon,"Philadelphia, PA",Austria,🇦🇹,2,Platform Engineer,2026-08-15,2026-08-15,Glassdoor-Browser,No,On-site / Hybrid,80%,Not Specified,"AWS, Kubernetes, CI/CD, Terraform, Linux",Country_Resumes/Hemachandiran_Giri_CV_AUSTRIA.docx,No,,https://www.glassdoor.com/job-listing/?jl=1010221375297,Philadelphia,54
DCO Tech,Amazon,"Philadelphia, PA",Austria,🇦🇹,2,Platform Engineer,2026-08-15,2026-08-15,Glassdoor-Browser,No,On-site / Hybrid,80%,Not Specified,"AWS, Kubernetes, CI/CD, Terraform, Linux",Country_Resumes/Hemachandiran_Giri_CV_AUSTRIA.docx,No,,https://www.glassdoor.com/job-listing/?jl=1010179891525,Philadelphia,54
"Health & Safety Mgr | PNE, Data Center Health and Safety",Amazon,"Fairless Hills, PA",Austria,🇦🇹,2,Platform Engineer,2026-08-15,2026-08-15,Glassdoor-Browser,No,On-site / Hybrid,80%,Not Specified,"AWS, Kubernetes, CI/CD, Terraform, Linux",Country_Resumes/Hemachandiran_Giri_CV_AUSTRIA.docx,No,,https://www.glassdoor.com/job-listing/?jl=1010183932209,Fairless Hills,6
Automation Engineer,Amazon,"Norristown, PA",Austria,🇦🇹,2,Platform Engineer,2026-08-15,2026-08-15,Glassdoor-Browser,No,On-site / Hybrid,80%,Not Specified,"AWS, Kubernetes, CI/CD, Terraform, Linux",Country_Resumes/Hemachandiran_Giri_CV_AUSTRIA.docx,No,,https://www.glassdoor.com/job-listing/?jl=1010080857818,Norristown,1
Data Center Engineering Operations Technician,Amazon,"Fairless Hills, PA",Austria,🇦🇹,2,Platform Engineer,2026-08-15,2026-08-15,Glassdoor-Browser,No,On-site / Hybrid,80%,Not Specified,"AWS, Kubernetes, CI/CD, Terraform, Linux",Country_Resumes/Hemachandiran_Giri_CV_AUSTRIA.docx,No,,https://www.glassdoor.com/job-listing/?jl=1010022573200,Fairless Hills,6
"Network Deployment Technician, DCC Communities",Amazon,"Fairless Hills, PA",Austria,🇦🇹,2,Platform Engineer,2026-08-15,2026-08-15,Glassdoor-Browser,No,On-site / Hybrid,80%,Not Specified,"AWS, Kubernetes, CI/CD, Terraform, Linux",Country_Resumes/Hemachandiran_Giri_CV_AUSTRIA.docx,No,,https://www.glassdoor.com/job-listing/?jl=1010204903691,Fairless Hills,6
Cyber Full-Stack Technical Software Engineer,Deloitte,"Philadelphia, PA",Austria,🇦🇹,2,Platform Engineer,2026-08-15,2026-08-15,Glassdoor-Browser,No,On-site / Hybrid,80%,Not Specified,"AWS, Kubernetes, CI/CD, Terraform, Linux",Country_Resumes/Hemachandiran_Giri_CV_AUSTRIA.docx,No,,https://www.glassdoor.com/job-listing/?jl=1010185218149,Philadelphia,54
ServiceNow Technical Architect,Accenture,"Philadelphia, PA",Austria,🇦🇹,2,Platform Engineer,2026-08-15,2026-08-15,Glassdoor-Browser,No,On-site / Hybrid,80%,Not Specified,"AWS, Kubernetes, CI/CD, Terraform, Linux",Country_Resumes/Hemachandiran_Giri_CV_AUSTRIA.docx,No,,https://www.glassdoor.com/job-listing/?jl=1010132071630,Philadelphia,54
FinOps AI / ML Engineer Assoc Director,Accenture,"Philadelphia, PA",Austria,🇦🇹,2,Platform Engineer,2026-08-15,2026-08-15,Glassdoor-Browser,No,On-site / Hybrid,80%,Not Specified,"AWS, Kubernetes, CI/CD, Terraform, Linux",Country_Resumes/Hemachandiran_Giri_CV_AUSTRIA.docx,No,,https://www.glassdoor.com/job-listing/?jl=1010227545113,Philadelphia,54
Salesforce Agentforce Architect,Accenture,"Chesterbrook, PA",Austria,🇦🇹,2,Platform Engineer,2026-08-15,2026-08-15,Glassdoor-Browser,No,On-site / Hybrid,80%,Not Specified,"AWS, Kubernetes, CI/CD, Terraform, Linux",Country_Resumes/Hemachandiran_Giri_CV_AUSTRIA.docx,No,,https://www.glassdoor.com/job-listing/?jl=1010201997599,Chesterbrook,1
Senior Cloud Engineer - Azure DevOps,UBDS Group,"UBDS Group
Hybrid work in London",United Kingdom,🇬🇧,1,DevOps Engineer,2026-08-15,2026-08-15,Indeed-Browser,No,On-site / Hybrid,90%,Not Specified,Azure,Country_Resumes/Hemachandiran_Giri_CV_UNITED_KINGDOM.docx,No,,https://www.indeed.com/viewjob?jk=7e487d44dc1b6f2f,"UBDS Group
Hybrid work in London",2
Senior DevOps Engineer,Shell,"Shell
London",United Kingdom,🇬🇧,1,DevOps Engineer,2026-08-15,2026-08-15,Indeed-Browser,No,On-site / Hybrid,90%,Not Specified,"AWS, Kubernetes, CI/CD, Terraform, Linux",Country_Resumes/Hemachandiran_Giri_CV_UNITED_KINGDOM.docx,No,,https://www.indeed.com/viewjob?jk=5b81348ff11164d9,"Shell
London",1
"Engineer II, Site Reliability (Remote, GBR)",CrowdStrike,"CrowdStrike
Remote",United Kingdom,🇬🇧,1,DevOps Engineer,2026-08-15,2026-08-15,Indeed-Browser,No,Remote,90%,Not Specified,"AWS, Kubernetes, CI/CD, Terraform, Linux",Country_Resumes/Hemachandiran_Giri_CV_UNITED_KINGDOM.docx,No,,https://www.indeed.com/viewjob?jk=03e43d9ddb0fe7f2,"CrowdStrike
Remote",1
Senior DevOps Engineer,Shell Energy,"Shell Energy
London",United Kingdom,🇬🇧,1,DevOps Engineer,2026-08-15,2026-08-15,Indeed-Browser,No,On-site / Hybrid,90%,Not Specified,"AWS, Kubernetes, CI/CD, Terraform, Linux",Country_Resumes/Hemachandiran_Giri_CV_UNITED_KINGDOM.docx,No,,https://www.indeed.com/viewjob?jk=6997bfdee75858fc,"Shell Energy
London",1
Site Reliability Engineer,Lloyds Banking Group,"Lloyds Banking Group
Hybrid work in London",United Kingdom,🇬🇧,1,DevOps Engineer,2026-08-15,2026-08-15,Indeed-Browser,No,On-site / Hybrid,90%,Not Specified,"AWS, Kubernetes, CI/CD, Terraform, Linux",Country_Resumes/Hemachandiran_Giri_CV_UNITED_KINGDOM.docx,No,,https://www.indeed.com/viewjob?jk=f393615d45aa16c6,"Lloyds Banking Group
Hybrid work in London",1
"DevOps Engineer, Assistant Vice President",State Street,"State Street
London",United Kingdom,🇬🇧,1,DevOps Engineer,2026-08-15,2026-08-15,Indeed-Browser,No,On-site / Hybrid,90%,Not Specified,"AWS, Kubernetes, CI/CD, Terraform, Linux",Country_Resumes/Hemachandiran_Giri_CV_UNITED_KINGDOM.docx,No,,https://www.indeed.com/viewjob?jk=a1e97158c6e8244c,"State Street
London",1
"Senior Technical Specialist - DevOps, Python, Kubernetes",HCLTech,"HCLTech
Adur District",United Kingdom,🇬🇧,1,DevOps Engineer,2026-08-15,2026-08-15,Indeed-Browser,No,On-site / Hybrid,95%,Not Specified,"Kubernetes, Python",Country_Resumes/Hemachandiran_Giri_CV_UNITED_KINGDOM.docx,No,,https://www.indeed.com/viewjob?jk=0ddab3ab23ec774a,"HCLTech
Adur District",1
Senior DevOps Engineer (AKS / Kubernetes),hedgehog lab,"hedgehog lab
Hybrid work in Newcastle upon Tyne NE1 4LE",United Kingdom,🇬🇧,1,DevOps Engineer,2026-08-15,2026-08-15,Indeed-Browser,No,On-site / Hybrid,90%,Not Specified,Kubernetes,Country_Resumes/Hemachandiran_Giri_CV_UNITED_KINGDOM.docx,No,,https://www.indeed.com/viewjob?jk=264cc5ee0dbde702,"hedgehog lab
Hybrid work in Newcastle upon Tyne NE1 4LE",1
Senior Platform Engineer,Lean Tree Limited,"Lean Tree Limited
Hybrid work in London EC2M 1NH",United Kingdom,🇬🇧,1,DevOps Engineer,2026-08-15,2026-08-15,Indeed-Browser,No,On-site / Hybrid,90%,Not Specified,"AWS, Kubernetes, CI/CD, Terraform, Linux",Country_Resumes/Hemachandiran_Giri_CV_UNITED_KINGDOM.docx,No,,https://www.indeed.com/viewjob?jk=bdc4d1c381fe8e70,"Lean Tree Limited
Hybrid work in London EC2M 1NH",1
Lead Cloud Data Engineer,StepChange,"StepChange
Hybrid work in Leeds LS1 2AJ",United Kingdom,🇬🇧,1,Cloud Engineer,2026-08-15,2026-08-15,Indeed-Browser,No,On-site / Hybrid,90%,Not Specified,"AWS, Kubernetes, CI/CD, Terraform, Linux",Country_Resumes/Hemachandiran_Giri_CV_UNITED_KINGDOM.docx,No,,https://www.indeed.com/viewjob?jk=751033309d9ab0cd,"StepChange
Hybrid work in Leeds LS1 2AJ",1
"Software Engineer I, Infrastructure",FactSet Research Systems,"FactSet Research Systems
Hybrid work in London",United Kingdom,🇬🇧,1,Cloud Engineer,2026-08-15,2026-08-15,Indeed-Browser,No,On-site / Hybrid,90%,Not Specified,"AWS, Kubernetes, CI/CD, Terraform, Linux",Country_Resumes/Hemachandiran_Giri_CV_UNITED_KINGDOM.docx,No,,https://www.indeed.com/viewjob?jk=3beb82bddf0be502,"FactSet Research Systems
Hybrid work in London",1
Senior Cloud Engineer,Vodafone,"Vodafone
London",United Kingdom,🇬🇧,1,Cloud Engineer,2026-08-15,2026-08-15,Indeed-Browser,No,On-site / Hybrid,90%,Not Specified,"AWS, Kubernetes, CI/CD, Terraform, Linux",Country_Resumes/Hemachandiran_Giri_CV_UNITED_KINGDOM.docx,No,,https://www.indeed.com/viewjob?jk=b3b2a561e0157022,"Vodafone
London",2
Software Engineer - Platform Metal | UK | Remote,Grafana Labs,"Grafana Labs
Remote",United Kingdom,🇬🇧,1,Cloud Engineer,2026-08-15,2026-08-15,Indeed-Browser,No,Remote,90%,Not Specified,"AWS, Kubernetes, CI/CD, Terraform, Linux",Country_Resumes/Hemachandiran_Giri_CV_UNITED_KINGDOM.docx,No,,https://www.indeed.com/viewjob?jk=0348df84105e3c45,"Grafana Labs
Remote",2
Senior Cloud Network Engineer,Bright Horizons,"Bright Horizons
Northampton NN4 7YB",United Kingdom,🇬🇧,1,Cloud Engineer,2026-08-15,2026-08-15,Indeed-Browser,No,On-site / Hybrid,90%,Not Specified,"AWS, Kubernetes, CI/CD, Terraform, Linux",Country_Resumes/Hemachandiran_Giri_CV_UNITED_KINGDOM.docx,No,,https://www.indeed.com/viewjob?jk=4678bf8af7e080b9,"Bright Horizons
Northampton NN4 7YB",1
Data and AI Architect,Scottish Power,"Scottish Power
Glasgow",United Kingdom,🇬🇧,1,Cloud Engineer,2026-08-15,2026-08-15,Indeed-Browser,No,On-site / Hybrid,80%,Not Specified,"AWS, Kubernetes, CI/CD, Terraform, Linux",Country_Resumes/Hemachandiran_Giri_CV_UNITED_KINGDOM.docx,No,,https://www.indeed.com/viewjob?jk=f8a9ecbe95ccc2d6,"Scottish Power
Glasgow",1
MAINTENANCE/RELIABILITY ENGINEER (MSE),Industria de Turbo Propulsores,"Industria de Turbo Propulsores
Hybrid work in Hucknall East NG15",United Kingdom,🇬🇧,1,Site Reliability Engineer,2026-08-15,2026-08-15,Indeed-Browser,No,On-site / Hybrid,90%,Not Specified,"AWS, Kubernetes, CI/CD, Terraform, Linux",Country_Resumes/Hemachandiran_Giri_CV_UNITED_KINGDOM.docx,No,,https://www.indeed.com/viewjob?jk=8895b1453913483f,"Industria de Turbo Propulsores
Hybrid work in Hucknall East NG15",1
"Multiskilled Production Engineer Permanent £42,600.00-£51,380.00 pa",Kanes Foods,"Kanes Foods
Evesham",United Kingdom,🇬🇧,1,Site Reliability Engineer,2026-08-15,2026-08-15,Indeed-Browser,No,On-site / Hybrid,80%,Not Specified,"AWS, Kubernetes, CI/CD, Terraform, Linux",Country_Resumes/Hemachandiran_Giri_CV_UNITED_KINGDOM.docx,No,,https://www.indeed.com/viewjob?jk=3006872d6b07d5bd,"Kanes Foods
Evesham",1
AI Platform Engineer,Vodafone,"Vodafone
London",United Kingdom,🇬🇧,1,Platform Engineer,2026-08-15,2026-08-15,Indeed-Browser,No,On-site / Hybrid,90%,Not Specified,"AWS, Kubernetes, CI/CD, Terraform, Linux",Country_Resumes/Hemachandiran_Giri_CV_UNITED_KINGDOM.docx,No,,https://www.indeed.com/viewjob?jk=a76f6abcbb8b0e3e,"Vodafone
London",2
Senior Site Reliability Engineer,Jobber,"Jobber
Vancouver, BC",Canada,🇨🇦,1,DevOps Engineer,2026-08-15,2026-08-15,Indeed-Browser,No,On-site / Hybrid,90%,Not Specified,"AWS, Kubernetes, CI/CD, Terraform, Linux",Country_Resumes/Hemachandiran_Giri_CV_CANADA.docx,No,,https://www.indeed.com/viewjob?jk=98030bd0f538433d,"Jobber
Vancouver",1
Site Reliability Engineer / Full Stack Engineer,Lockheed Martin Corporation,"Lockheed Martin Corporation
Dartmouth, NS",Canada,🇨🇦,1,DevOps Engineer,2026-08-15,2026-08-15,Indeed-Browser,No,On-site / Hybrid,90%,Not Specified,"AWS, Kubernetes, CI/CD, Terraform, Linux",Country_Resumes/Hemachandiran_Giri_CV_CANADA.docx,No,,https://www.indeed.com/viewjob?jk=fd050de22dbcb9fd,"Lockheed Martin Corporation
Dartmouth",1
Senior Site Reliability Engineer (Cloud Networking & Infrastructure as Code),Magnet Forensics,"Magnet Forensics
Waterloo, ON N2L 3L3",Canada,🇨🇦,1,DevOps Engineer,2026-08-15,2026-08-15,Indeed-Browser,No,On-site / Hybrid,90%,Not Specified,"AWS, Kubernetes, CI/CD, Terraform, Linux",Country_Resumes/Hemachandiran_Giri_CV_CANADA.docx,No,,https://www.indeed.com/viewjob?jk=4a8822050c115bb3,"Magnet Forensics
Waterloo",1
Sr. DevOps Engineer,VassuTech,"VassuTech
Markham, ON L3R 9Z7",Canada,🇨🇦,1,DevOps Engineer,2026-08-15,2026-08-15,Indeed-Browser,No,On-site / Hybrid,90%,Not Specified,"AWS, Kubernetes, CI/CD, Terraform, Linux",Country_Resumes/Hemachandiran_Giri_CV_CANADA.docx,No,,https://www.indeed.com/viewjob?jk=24301d104e678bca,"VassuTech
Markham",1
DevOps Platform Developer,Rival Insurance Technology,"Rival Insurance Technology
Remote",Canada,🇨🇦,1,DevOps Engineer,2026-08-15,2026-08-15,Indeed-Browser,No,Remote,90%,Not Specified,"AWS, Kubernetes, CI/CD, Terraform, Linux",Country_Resumes/Hemachandiran_Giri_CV_CANADA.docx,No,,https://www.indeed.com/viewjob?jk=004bd61337367c7a,"Rival Insurance Technology
Remote",1
"Associate Director, DevOps Engineering",Royal Bank of Canada,"Royal Bank of Canada
Toronto, ON M9W 0A4",Canada,🇨🇦,1,DevOps Engineer,2026-08-15,2026-08-15,Indeed-Browser,No,On-site / Hybrid,90%,Not Specified,"AWS, Kubernetes, CI/CD, Terraform, Linux",Country_Resumes/Hemachandiran_Giri_CV_CANADA.docx,No,,https://www.indeed.com/viewjob?jk=b799dfc1b80aac05,"Royal Bank of Canada
Toronto",3
Lead Site Reliability Administrator,OpenText,"OpenText
Mississauga, ON L5K 2N6",Canada,🇨🇦,1,DevOps Engineer,2026-08-15,2026-08-15,Indeed-Browser,No,On-site / Hybrid,90%,Not Specified,"AWS, Kubernetes, CI/CD, Terraform, Linux",Country_Resumes/Hemachandiran_Giri_CV_CANADA.docx,No,,https://www.indeed.com/viewjob?jk=06d5756698eabe3b,"OpenText
Mississauga",1
Data and DevOps Engineer,OSL Retail Services Inc,"OSL Retail Services Inc
Mississauga, ON L4W 5B5",Canada,🇨🇦,1,DevOps Engineer,2026-08-15,2026-08-15,Indeed-Browser,No,On-site / Hybrid,90%,Not Specified,"AWS, Kubernetes, CI/CD, Terraform, Linux",Country_Resumes/Hemachandiran_Giri_CV_CANADA.docx,No,,https://www.indeed.com/viewjob?jk=1ff5b85dae948fe4,"OSL Retail Services Inc
Mississauga",1
Lead Application Reliability Engineer,Innodata Inc.,"Innodata Inc.
Toronto, ON",Canada,🇨🇦,1,DevOps Engineer,2026-08-15,2026-08-15,Indeed-Browser,No,On-site / Hybrid,90%,Not Specified,"AWS, Kubernetes, CI/CD, Terraform, Linux",Country_Resumes/Hemachandiran_Giri_CV_CANADA.docx,No,,https://www.indeed.com/viewjob?jk=f48724bb8d50cabe,"Innodata Inc.
Toronto",3
Senior DevOps & Quality Engineering (QE) Engineer – Salesforce,Royal Bank of Canada,"Royal Bank of Canada
Mississauga, ON L5C 1E4",Canada,🇨🇦,1,DevOps Engineer,2026-08-15,2026-08-15,Indeed-Browser,No,On-site / Hybrid,90%,Not Specified,"AWS, Kubernetes, CI/CD, Terraform, Linux",Country_Resumes/Hemachandiran_Giri_CV_CANADA.docx,No,,https://www.indeed.com/viewjob?jk=2fb29a3274f179d0,"Royal Bank of Canada
Mississauga",1
"Senior Lead Engineer, Platform Operations & Observability",McKesson,"McKesson
Quebec City, QC G2C 1K7",Canada,🇨🇦,1,DevOps Engineer,2026-08-15,2026-08-15,Indeed-Browser,No,On-site / Hybrid,90%,Not Specified,"AWS, Kubernetes, CI/CD, Terraform, Linux",Country_Resumes/Hemachandiran_Giri_CV_CANADA.docx,No,,https://www.indeed.com/viewjob?jk=bf7544759d13ed2c,"McKesson
Quebec City",1
Senior Cloud Engineer,Laivly,"Laivly
Winnipeg, MB",Canada,🇨🇦,1,Cloud Engineer,2026-08-15,2026-08-15,Indeed-Browser,No,On-site / Hybrid,90%,Not Specified,"AWS, Kubernetes, CI/CD, Terraform, Linux",Country_Resumes/Hemachandiran_Giri_CV_CANADA.docx,No,,https://www.indeed.com/viewjob?jk=82c0e15847f7d6e9,"Laivly
Winnipeg",1
Sr. Cloud Platform Specialist,McKesson,"McKesson
Mississauga, ON L4V 1W2",Canada,🇨🇦,1,Cloud Engineer,2026-08-15,2026-08-15,Indeed-Browser,No,On-site / Hybrid,90%,Not Specified,"AWS, Kubernetes, CI/CD, Terraform, Linux",Country_Resumes/Hemachandiran_Giri_CV_CANADA.docx,No,,https://www.indeed.com/viewjob?jk=0cdd69d0b1d091a2,"McKesson
Mississauga",1
Cloud Support Engineer,Ingenico,"Ingenico
Toronto, ON",Canada,🇨🇦,1,Cloud Engineer,2026-08-15,2026-08-15,Indeed-Browser,No,On-site / Hybrid,90%,Not Specified,"AWS, Kubernetes, CI/CD, Terraform, Linux",Country_Resumes/Hemachandiran_Giri_CV_CANADA.docx,No,,https://www.indeed.com/viewjob?jk=a6333829cd0842a1,"Ingenico
Toronto",1
DevOps Specialist,WinAir,"WinAir
London, ON N6L 1A4",Canada,🇨🇦,1,Cloud Engineer,2026-08-15,2026-08-15,Indeed-Browser,No,On-site / Hybrid,90%,Not Specified,"AWS, Kubernetes, CI/CD, Terraform, Linux",Country_Resumes/Hemachandiran_Giri_CV_CANADA.docx,No,,https://www.indeed.com/viewjob?jk=a8af1e8ede7a8a60,"WinAir
London",1
"Senior Cloud Infrastructure Analyst, AI Development Solutions",Sun Life,"Sun Life
Waterloo, ON",Canada,🇨🇦,1,Cloud Engineer,2026-08-15,2026-08-15,Indeed-Browser,No,On-site / Hybrid,90%,Not Specified,"AWS, Kubernetes, CI/CD, Terraform, Linux",Country_Resumes/Hemachandiran_Giri_CV_CANADA.docx,No,,https://www.indeed.com/viewjob?jk=0d74594c693fdcfa,"Sun Life
Waterloo",1
"Staff Software Engineer, Mobile (App Infrastructure)",Affirm,"Affirm
Toronto, ON",Canada,🇨🇦,1,Platform Engineer,2026-08-15,2026-08-15,Indeed-Browser,No,On-site / Hybrid,90%,Not Specified,"AWS, Kubernetes, CI/CD, Terraform, Linux",Country_Resumes/Hemachandiran_Giri_CV_CANADA.docx,No,,https://www.indeed.com/viewjob?jk=0f865b24117e5cf3,"Affirm
Toronto",1
Site Reliability Engineer (SRE) - Azure focus,Dicetek LLC,"Dicetek LLC
Abu Dhabi",United Arab Emirates,🇦🇪,1,DevOps Engineer,2026-08-15,2026-08-15,Indeed-Browser,No,On-site / Hybrid,90%,Not Specified,Azure,Country_Resumes/Hemachandiran_Giri_CV_UAE.docx,No,,https://www.indeed.com/viewjob?jk=92f5d81485ef5f01,"Dicetek LLC
Abu Dhabi",5
Software Engineer – Devops,Dicetek LLC,"Dicetek LLC
Dubai",United Arab Emirates,🇦🇪,1,DevOps Engineer,2026-08-15,2026-08-15,Indeed-Browser,No,On-site / Hybrid,90%,Not Specified,"AWS, Kubernetes, CI/CD, Terraform, Linux",Country_Resumes/Hemachandiran_Giri_CV_UAE.docx,No,,https://www.indeed.com/viewjob?jk=7a5c6e0fee51e4ec,"Dicetek LLC
Dubai",7
DevOps Engineers (AIOps) - API and Kubernetes,Dicetek LLC,"Dicetek LLC
Abu Dhabi",United Arab Emirates,🇦🇪,1,DevOps Engineer,2026-08-15,2026-08-15,Indeed-Browser,No,On-site / Hybrid,90%,Not Specified,Kubernetes,Country_Resumes/Hemachandiran_Giri_CV_UAE.docx,No,,https://www.indeed.com/viewjob?jk=a6c8ed53f083867a,"Dicetek LLC
Abu Dhabi",5
Software Engineer – Backend Engineer,Dicetek LLC,"Dicetek LLC
Dubai",United Arab Emirates,🇦🇪,1,DevOps Engineer,2026-08-15,2026-08-15,Indeed-Browser,No,On-site / Hybrid,80%,Not Specified,"AWS, Kubernetes, CI/CD, Terraform, Linux",Country_Resumes/Hemachandiran_Giri_CV_UAE.docx,No,,https://www.indeed.com/viewjob?jk=0b959440f0ec3b12,"Dicetek LLC
Dubai",7
Software Engineer – React Frontend,Dicetek LLC,"Dicetek LLC
Dubai",United Arab Emirates,🇦🇪,1,DevOps Engineer,2026-08-15,2026-08-15,Indeed-Browser,No,On-site / Hybrid,80%,Not Specified,"AWS, Kubernetes, CI/CD, Terraform, Linux",Country_Resumes/Hemachandiran_Giri_CV_UAE.docx,No,,https://www.indeed.com/viewjob?jk=4703f99293164ffb,"Dicetek LLC
Dubai",7
Software Engineer – QA,Dicetek LLC,"Dicetek LLC
Dubai",United Arab Emirates,🇦🇪,1,DevOps Engineer,2026-08-15,2026-08-15,Indeed-Browser,No,On-site / Hybrid,80%,Not Specified,"AWS, Kubernetes, CI/CD, Terraform, Linux",Country_Resumes/Hemachandiran_Giri_CV_UAE.docx,No,,https://www.indeed.com/viewjob?jk=d3ad2f5a37d77fb5,"Dicetek LLC
Dubai",7
Python Automation Test Engineer,Flentas Technologies,"Flentas Technologies
Dubai",United Arab Emirates,🇦🇪,1,DevOps Engineer,2026-08-15,2026-08-15,Indeed-Browser,No,On-site / Hybrid,85%,Not Specified,Python,Country_Resumes/Hemachandiran_Giri_CV_UAE.docx,No,,https://www.indeed.com/viewjob?jk=178996c7a3097910,"Flentas Technologies
Dubai",2
Head of Engineering,Greenfield Marine Technologies,"Greenfield Marine Technologies
Abu Dhabi",United Arab Emirates,🇦🇪,1,DevOps Engineer,2026-08-15,2026-08-15,Indeed-Browser,No,On-site / Hybrid,80%,Not Specified,"AWS, Kubernetes, CI/CD, Terraform, Linux",Country_Resumes/Hemachandiran_Giri_CV_UAE.docx,No,,https://www.indeed.com/viewjob?jk=4c5a9ab0bcb3332f,"Greenfield Marine Technologies
Abu Dhabi",1
Lead Azure DevOps Engineer,"EPAM Systems, Inc.","EPAM Systems, Inc.
Abu Dhabi",United Arab Emirates,🇦🇪,1,DevOps Engineer,2026-08-15,2026-08-15,Indeed-Browser,No,On-site / Hybrid,90%,Not Specified,Azure,Country_Resumes/Hemachandiran_Giri_CV_UAE.docx,No,,https://www.indeed.com/viewjob?jk=71068c22ea2fe805,EPAM Systems,13
Senior Specialist - Quality Assurance (QA) and Test Engineering,GSSTech Group,"GSSTech Group
Abu Dhabi",United Arab Emirates,🇦🇪,1,DevOps Engineer,2026-08-15,2026-08-15,Indeed-Browser,No,On-site / Hybrid,80%,Not Specified,"AWS, Kubernetes, CI/CD, Terraform, Linux",Country_Resumes/Hemachandiran_Giri_CV_UAE.docx,No,,https://www.indeed.com/viewjob?jk=b07e60f16c8f6115,"GSSTech Group
Abu Dhabi",1
AI Solutions Engineer - Banking,VAM Systems,"VAM Systems
Abu Dhabi",United Arab Emirates,🇦🇪,1,DevOps Engineer,2026-08-15,2026-08-15,Indeed-Browser,No,On-site / Hybrid,80%,Not Specified,"AWS, Kubernetes, CI/CD, Terraform, Linux",Country_Resumes/Hemachandiran_Giri_CV_UAE.docx,No,,https://www.indeed.com/viewjob?jk=f2aa19524e9f1470,"VAM Systems
Abu Dhabi",2
"AI Engineer – AI Agents, LLM & Node.js",ANUZ Project Management Services LLC,"ANUZ Project Management Services LLC
Dubai",United Arab Emirates,🇦🇪,1,Cloud Engineer,2026-08-15,2026-08-15,Indeed-Browser,No,On-site / Hybrid,80%,Not Specified,"AWS, Kubernetes, CI/CD, Terraform, Linux",Country_Resumes/Hemachandiran_Giri_CV_UAE.docx,No,,https://www.indeed.com/viewjob?jk=70a8978e0a59c659,"ANUZ Project Management Services LLC
Dubai",1
Microsoft Azure Infrastructure Engineer,Flentas Technologies,"Flentas Technologies
Dubai",United Arab Emirates,🇦🇪,1,Cloud Engineer,2026-08-15,2026-08-15,Indeed-Browser,No,On-site / Hybrid,90%,Not Specified,Azure,Country_Resumes/Hemachandiran_Giri_CV_UAE.docx,No,,https://www.indeed.com/viewjob?jk=37e5907169246643,"Flentas Technologies
Dubai",2
Senior AI Software Engineer,Dicetek LLC,"Dicetek LLC
Abu Dhabi",United Arab Emirates,🇦🇪,1,Cloud Engineer,2026-08-15,2026-08-15,Indeed-Browser,No,On-site / Hybrid,80%,Not Specified,"AWS, Kubernetes, CI/CD, Terraform, Linux",Country_Resumes/Hemachandiran_Giri_CV_UAE.docx,No,,https://www.indeed.com/viewjob?jk=c6d22e4afff87dbf,"Dicetek LLC
Abu Dhabi",5
Senior Forward-Deployed Engineer - Full Stack (Java/Python/React/Azure),"EPAM Systems, Inc.","EPAM Systems, Inc.
Abu Dhabi",United Arab Emirates,🇦🇪,1,Cloud Engineer,2026-08-15,2026-08-15,Indeed-Browser,No,On-site / Hybrid,85%,Not Specified,"Python, Azure",Country_Resumes/Hemachandiran_Giri_CV_UAE.docx,No,,https://www.indeed.com/viewjob?jk=386d98537b2dac7d,EPAM Systems,13
"HSE Engineer – UAE National (Rail/Transportation/Infrastructure) Abu Dhabi, UAE",Segula Technologies,"Segula Technologies
Abu Dhabi",United Arab Emirates,🇦🇪,1,Platform Engineer,2026-08-15,2026-08-15,Indeed-Browser,No,On-site / Hybrid,90%,Not Specified,"AWS, Kubernetes, CI/CD, Terraform, Linux",Country_Resumes/Hemachandiran_Giri_CV_UAE.docx,No,,https://www.indeed.com/viewjob?jk=cf96afee57c2661d,"Segula Technologies
Abu Dhabi",2
"Project Engineer–UAE National (Rail/Transportation/Infrastructure) Abu Dhabi,UAE",Segula Technologies,"Segula Technologies
Abu Dhabi",United Arab Emirates,🇦🇪,1,Platform Engineer,2026-08-15,2026-08-15,Indeed-Browser,No,On-site / Hybrid,90%,Not Specified,"AWS, Kubernetes, CI/CD, Terraform, Linux",Country_Resumes/Hemachandiran_Giri_CV_UAE.docx,No,,https://www.indeed.com/viewjob?jk=ce0e6f86c781f2de,"Segula Technologies
Abu Dhabi",2
Planning engineer - Road infrastructure,Middle East Survey Engineering,"Middle East Survey Engineering
Dubai",United Arab Emirates,🇦🇪,1,Platform Engineer,2026-08-15,2026-08-15,Indeed-Browser,No,On-site / Hybrid,90%,Not Specified,"AWS, Kubernetes, CI/CD, Terraform, Linux",Country_Resumes/Hemachandiran_Giri_CV_UAE.docx,No,,https://www.indeed.com/viewjob?jk=f7edbfcb82872c34,"Middle East Survey Engineering
Dubai",2
Senior Site Engineer ( Infrastructure background ),BLDG CO. - BEST - L.L.C - SOLE PROPRIETORSHIP,"BLDG CO. - BEST - L.L.C - SOLE PROPRIETORSHIP
Sharjah",United Arab Emirates,🇦🇪,1,Platform Engineer,2026-08-15,2026-08-15,Indeed-Browser,No,On-site / Hybrid,90%,Not Specified,"AWS, Kubernetes, CI/CD, Terraform, Linux",Country_Resumes/Hemachandiran_Giri_CV_UAE.docx,No,,https://www.indeed.com/viewjob?jk=89b980a9fe66f266,"BLDG CO. - BEST - L.L.C - SOLE PROPRIETORSHIP
Sharjah",1
DevOps Engineer Infrastructure,TU Delft,"TU Delft
Delft",Netherlands,🇳🇱,1,DevOps Engineer,2026-08-15,2026-08-15,Indeed-Browser,No,On-site / Hybrid,90%,Not Specified,"AWS, Kubernetes, CI/CD, Terraform, Linux",Country_Resumes/Hemachandiran_Giri_CV_NETHERLANDS.docx,No,,https://www.indeed.com/viewjob?jk=bd121c8b85dd5a29,"TU Delft
Delft",2
Medior DevOps Engineer (Azure),Outtask,"Outtask
Hybride werken in Nederland",Netherlands,🇳🇱,1,DevOps Engineer,2026-08-15,2026-08-15,Indeed-Browser,No,On-site / Hybrid,90%,Not Specified,Azure,Country_Resumes/Hemachandiran_Giri_CV_NETHERLANDS.docx,No,,https://www.indeed.com/viewjob?jk=70cd322dbb46b433,"Outtask
Hybride werken in Nederland",1
Senior DevOps Engineer,Outtask,"Outtask
Amsterdam",Netherlands,🇳🇱,1,DevOps Engineer,2026-08-15,2026-08-15,Indeed-Browser,No,On-site / Hybrid,90%,Not Specified,"AWS, Kubernetes, CI/CD, Terraform, Linux",Country_Resumes/Hemachandiran_Giri_CV_NETHERLANDS.docx,No,,https://www.indeed.com/viewjob?jk=713167ac93c1ff91,"Outtask
Amsterdam",1
Cloud & Network Infrastructure Engineer,Cognizant,"Cognizant
Hybride werken in Amsterdam",Netherlands,🇳🇱,1,DevOps Engineer,2026-08-15,2026-08-15,Indeed-Browser,No,On-site / Hybrid,90%,Not Specified,"AWS, Kubernetes, CI/CD, Terraform, Linux",Country_Resumes/Hemachandiran_Giri_CV_NETHERLANDS.docx,No,,https://www.indeed.com/viewjob?jk=acf7726fbe00eb16,"Cognizant
Hybride werken in Amsterdam",1
DevOps Engineer Infrastructuur,TU Delft,"TU Delft
Delft",Netherlands,🇳🇱,1,DevOps Engineer,2026-08-15,2026-08-15,Indeed-Browser,No,On-site / Hybrid,90%,Not Specified,"AWS, Kubernetes, CI/CD, Terraform, Linux",Country_Resumes/Hemachandiran_Giri_CV_NETHERLANDS.docx,No,,https://www.indeed.com/viewjob?jk=c9bdd945d235f869,"TU Delft
Delft",2
DevSecOps Engineer Vlam,SSC-ICT (Ministerie van BZK),"SSC-ICT (Ministerie van BZK)
Den Haag",Netherlands,🇳🇱,1,DevOps Engineer,2026-08-15,2026-08-15,Indeed-Browser,No,On-site / Hybrid,80%,Not Specified,"AWS, Kubernetes, CI/CD, Terraform, Linux",Country_Resumes/Hemachandiran_Giri_CV_NETHERLANDS.docx,No,,https://www.indeed.com/viewjob?jk=4ed5173d0104a170,"SSC-ICT (Ministerie van BZK)
Den Haag",2
Platform Engineer - AI-platform,Nederlandse Arbeidsinspectie,"Nederlandse Arbeidsinspectie
Hybride werken in Den Haag",Netherlands,🇳🇱,1,Cloud Engineer,2026-08-15,2026-08-15,Indeed-Browser,No,On-site / Hybrid,90%,Not Specified,"AWS, Kubernetes, CI/CD, Terraform, Linux",Country_Resumes/Hemachandiran_Giri_CV_NETHERLANDS.docx,No,,https://www.indeed.com/viewjob?jk=76b53cb554da42a9,"Nederlandse Arbeidsinspectie
Hybride werken in Den Haag",1
Platform Engineer,SURF,"SURF
3511 Utrecht Binnenstad",Netherlands,🇳🇱,1,Platform Engineer,2026-08-15,2026-08-15,Indeed-Browser,No,On-site / Hybrid,90%,Not Specified,"AWS, Kubernetes, CI/CD, Terraform, Linux",Country_Resumes/Hemachandiran_Giri_CV_NETHERLANDS.docx,No,,https://www.indeed.com/viewjob?jk=bf979de487b8a25c,"SURF
3511 Utrecht Binnenstad",1
DevOps engineer platforms,Medux,"Medux
Den Hoorn",Netherlands,🇳🇱,1,Platform Engineer,2026-08-15,2026-08-15,Indeed-Browser,No,On-site / Hybrid,90%,Not Specified,"AWS, Kubernetes, CI/CD, Terraform, Linux",Country_Resumes/Hemachandiran_Giri_CV_NETHERLANDS.docx,No,,https://www.indeed.com/viewjob?jk=3e54e37c46f25dd7,"Medux
Den Hoorn",1
Junior - Primair Engineer,Arcadis,"Arcadis
Hybride werken in Amersfoort",Netherlands,🇳🇱,1,Platform Engineer,2026-08-15,2026-08-15,Indeed-Browser,No,On-site / Hybrid,80%,Not Specified,"AWS, Kubernetes, CI/CD, Terraform, Linux",Country_Resumes/Hemachandiran_Giri_CV_NETHERLANDS.docx,No,,https://www.indeed.com/viewjob?jk=f58a57c211196100,"Arcadis
Hybride werken in Amersfoort",1
Software Dev Ops Engineer I,Medtronic,"Medtronic
Galway, County Galway",Ireland,🇮🇪,1,DevOps Engineer,2026-08-15,2026-08-15,Indeed-Browser,No,On-site / Hybrid,80%,Not Specified,"AWS, Kubernetes, CI/CD, Terraform, Linux",Country_Resumes/Hemachandiran_Giri_CV_IRELAND.docx,No,,https://www.indeed.com/viewjob?jk=43757142abd82762,"Medtronic
Galway",1
Software Engineer - Platform Metal | Ireland | Remote,Grafana Labs,"Grafana Labs
Remote",Ireland,🇮🇪,1,DevOps Engineer,2026-08-15,2026-08-15,Indeed-Browser,No,Remote,90%,Not Specified,"AWS, Kubernetes, CI/CD, Terraform, Linux",Country_Resumes/Hemachandiran_Giri_CV_IRELAND.docx,No,,https://www.indeed.com/viewjob?jk=9919f84e01574988,"Grafana Labs
Remote",2
Software Engineering Technical Leader,Cisco Systems,"Cisco Systems
Galway, County Galway",Ireland,🇮🇪,1,DevOps Engineer,2026-08-15,2026-08-15,Indeed-Browser,No,On-site / Hybrid,80%,Not Specified,"AWS, Kubernetes, CI/CD, Terraform, Linux",Country_Resumes/Hemachandiran_Giri_CV_IRELAND.docx,No,,https://www.indeed.com/viewjob?jk=806631def5957838,"Cisco Systems
Galway",1
Cloud Security Engineer,Coins.ph,"Coins.ph
Hybrid work in County Cavan",Ireland,🇮🇪,1,Cloud Engineer,2026-08-15,2026-08-15,Indeed-Browser,No,On-site / Hybrid,90%,Not Specified,"AWS, Kubernetes, CI/CD, Terraform, Linux",Country_Resumes/Hemachandiran_Giri_CV_IRELAND.docx,No,,https://www.indeed.com/viewjob?jk=fe67dfc645f98c8d,"Coins.ph
Hybrid work in County Cavan",1
Principal Engineer,Klarna Bank AB,"Klarna Bank AB
Stockholm",Sweden,🇸🇪,1,DevOps Engineer,2026-08-15,2026-08-15,Indeed-Browser,No,On-site / Hybrid,80%,Not Specified,"AWS, Kubernetes, CI/CD, Terraform, Linux",Country_Resumes/Hemachandiran_Giri_CV_SWEDEN.docx,No,,https://www.indeed.com/viewjob?jk=7690b2a8a6e9408a,"Klarna Bank AB
Stockholm",2
Platform Software Engineer - Go,Klarna Bank AB,"Klarna Bank AB
Stockholm",Sweden,🇸🇪,1,DevOps Engineer,2026-08-15,2026-08-15,Indeed-Browser,No,On-site / Hybrid,90%,Not Specified,"AWS, Kubernetes, CI/CD, Terraform, Linux",Country_Resumes/Hemachandiran_Giri_CV_SWEDEN.docx,No,,https://www.indeed.com/viewjob?jk=f74fcfb139f8c8ba,"Klarna Bank AB
Stockholm",2
Junior Systemingenjör DevOps,Friday Väst AB,"Friday Väst AB
111 30 Stockholm",Sweden,🇸🇪,1,DevOps Engineer,2026-08-15,2026-08-15,Indeed-Browser,No,On-site / Hybrid,90%,Not Specified,"AWS, Kubernetes, CI/CD, Terraform, Linux",Country_Resumes/Hemachandiran_Giri_CV_SWEDEN.docx,No,,https://www.indeed.com/viewjob?jk=45a2c07311e6ac36,"Friday Väst AB
111 30 Stockholm",2
Senior Software Engineer,Jeppesen Systems AB,"Jeppesen Systems AB
411 03 Göteborg",Sweden,🇸🇪,1,DevOps Engineer,2026-08-15,2026-08-15,Indeed-Browser,No,On-site / Hybrid,80%,Not Specified,"AWS, Kubernetes, CI/CD, Terraform, Linux",Country_Resumes/Hemachandiran_Giri_CV_SWEDEN.docx,No,,https://www.indeed.com/viewjob?jk=07892293b15979d2,"Jeppesen Systems AB
411 03 Göteborg",1
Cloudutvecklare på det medarbetarägda konsultbolaget!,TechSeed,"TechSeed
417 56 Göteborg",Sweden,🇸🇪,1,DevOps Engineer,2026-08-15,2026-08-15,Indeed-Browser,No,On-site / Hybrid,90%,Not Specified,"AWS, Kubernetes, CI/CD, Terraform, Linux",Country_Resumes/Hemachandiran_Giri_CV_SWEDEN.docx,No,,https://www.indeed.com/viewjob?jk=d065c045cd8eed63,"TechSeed
417 56 Göteborg",2
Utvecklare på det medarbetarägda konsultbolaget,TechSeed,"TechSeed
417 56 Göteborg",Sweden,🇸🇪,1,DevOps Engineer,2026-08-15,2026-08-15,Indeed-Browser,No,On-site / Hybrid,80%,Not Specified,"AWS, Kubernetes, CI/CD, Terraform, Linux",Country_Resumes/Hemachandiran_Giri_CV_SWEDEN.docx,No,,https://www.indeed.com/viewjob?jk=a585bdda35f7ac99,"TechSeed
417 56 Göteborg",2
Senior Platform Engineer,H&M,"H&M
Stockholm",Sweden,🇸🇪,1,DevOps Engineer,2026-08-15,2026-08-15,Indeed-Browser,No,On-site / Hybrid,90%,Not Specified,"AWS, Kubernetes, CI/CD, Terraform, Linux",Country_Resumes/Hemachandiran_Giri_CV_SWEDEN.docx,No,,https://www.indeed.com/viewjob?jk=ed81eee0f924bfe6,"H&M
Stockholm",2
"Staff / Principal Software Engineer, Infrastructure Security",Lovable,"Lovable
Stockholm",Sweden,🇸🇪,1,DevOps Engineer,2026-08-15,2026-08-15,Indeed-Browser,No,On-site / Hybrid,90%,Not Specified,"AWS, Kubernetes, CI/CD, Terraform, Linux",Country_Resumes/Hemachandiran_Giri_CV_SWEDEN.docx,No,,https://www.indeed.com/viewjob?jk=e64229c7bfdf1902,"Lovable
Stockholm",1
Cloud Site Reliability Engineer ﻿,Saab,"Saab
Solna",Sweden,🇸🇪,1,DevOps Engineer,2026-08-15,2026-08-15,Indeed-Browser,No,On-site / Hybrid,90%,Not Specified,"AWS, Kubernetes, CI/CD, Terraform, Linux",Country_Resumes/Hemachandiran_Giri_CV_SWEDEN.docx,No,,https://www.indeed.com/viewjob?jk=e7686e501c2c3094,"Saab
Solna",1
AI Platform Engineer,Svenska Spel,"Svenska Spel
621 39 Visby",Sweden,🇸🇪,1,DevOps Engineer,2026-08-15,2026-08-15,Indeed-Browser,No,On-site / Hybrid,90%,Not Specified,"AWS, Kubernetes, CI/CD, Terraform, Linux",Country_Resumes/Hemachandiran_Giri_CV_SWEDEN.docx,No,,https://www.indeed.com/viewjob?jk=73c236bdf27d2af0,"Svenska Spel
621 39 Visby",1
DevSecOps Engineer,Knowit Sweden,"Knowit Sweden
411 04 Göteborg",Sweden,🇸🇪,1,DevOps Engineer,2026-08-15,2026-08-15,Indeed-Browser,No,On-site / Hybrid,80%,Not Specified,"AWS, Kubernetes, CI/CD, Terraform, Linux",Country_Resumes/Hemachandiran_Giri_CV_SWEDEN.docx,No,,https://www.indeed.com/viewjob?jk=7d2f9ed1fa721453,"Knowit Sweden
411 04 Göteborg",1
DevSecOps Engineer,Knowit Aktiebolag (publ),"Knowit Aktiebolag (publ)
411 04 Göteborg",Sweden,🇸🇪,1,DevOps Engineer,2026-08-15,2026-08-15,Indeed-Browser,No,On-site / Hybrid,80%,Not Specified,"AWS, Kubernetes, CI/CD, Terraform, Linux",Country_Resumes/Hemachandiran_Giri_CV_SWEDEN.docx,No,,https://www.indeed.com/viewjob?jk=faf1800804af7175,"Knowit Aktiebolag (publ)
411 04 Göteborg",1
Machine Learning Platform Engineer,Atlassian,"Atlassian
Sydney NSW 2000",Australia,🇦🇺,1,DevOps Engineer,2026-08-15,2026-08-15,Indeed-Browser,No,On-site / Hybrid,90%,Not Specified,"AWS, Kubernetes, CI/CD, Terraform, Linux",Country_Resumes/Hemachandiran_Giri_CV_AUSTRALIA.docx,No,,https://www.indeed.com/viewjob?jk=c12b82da0d5c25e2,"Atlassian
Sydney NSW 2000",1
"Senior Software Engineer – Full Stack, Unloan (React, Typescript, Node.js, GraphQL API)",Commonwealth Bank,"Commonwealth Bank
Sydney NSW",Australia,🇦🇺,1,DevOps Engineer,2026-08-15,2026-08-15,Indeed-Browser,No,On-site / Hybrid,80%,Not Specified,"AWS, Kubernetes, CI/CD, Terraform, Linux",Country_Resumes/Hemachandiran_Giri_CV_AUSTRALIA.docx,No,,https://www.indeed.com/viewjob?jk=48088da8ee670108,"Commonwealth Bank
Sydney NSW",1
Platform Engineer - SKA-Low Telescope,CSIRO,"CSIRO
Perth WA 6151",Australia,🇦🇺,1,DevOps Engineer,2026-08-15,2026-08-15,Indeed-Browser,No,On-site / Hybrid,90%,Not Specified,"AWS, Kubernetes, CI/CD, Terraform, Linux",Country_Resumes/Hemachandiran_Giri_CV_AUSTRALIA.docx,No,,https://www.indeed.com/viewjob?jk=8cfb298e2ab4eb0d,"CSIRO
Perth WA 6151",1
Senior Core Software Engineer,Beyond Sports,"Beyond Sports
Melbourne VIC",Australia,🇦🇺,1,DevOps Engineer,2026-08-15,2026-08-15,Indeed-Browser,No,On-site / Hybrid,80%,Not Specified,"AWS, Kubernetes, CI/CD, Terraform, Linux",Country_Resumes/Hemachandiran_Giri_CV_AUSTRALIA.docx,No,,https://www.indeed.com/viewjob?jk=957503f33326727a,"Beyond Sports
Melbourne VIC",1
Senior Network Engineer,Equifax,"Equifax
Sydney NSW 2060",Australia,🇦🇺,1,DevOps Engineer,2026-08-15,2026-08-15,Indeed-Browser,No,On-site / Hybrid,80%,Not Specified,"AWS, Kubernetes, CI/CD, Terraform, Linux",Country_Resumes/Hemachandiran_Giri_CV_AUSTRALIA.docx,No,,https://www.indeed.com/viewjob?jk=fe0859b5a3f970d1,"Equifax
Sydney NSW 2060",1
Senior Platform Engineer Azure,Australia Post,"Australia Post
Richmond VIC 3121",Australia,🇦🇺,1,DevOps Engineer,2026-08-15,2026-08-15,Indeed-Browser,No,On-site / Hybrid,90%,Not Specified,Azure,Country_Resumes/Hemachandiran_Giri_CV_AUSTRALIA.docx,No,,https://www.indeed.com/viewjob?jk=00ee8a79de8fcd48,"Australia Post
Richmond VIC 3121",1
SaaS and Technology Platform Engineer,nib Group,"nib Group
Newcastle NSW",Australia,🇦🇺,1,DevOps Engineer,2026-08-15,2026-08-15,Indeed-Browser,No,On-site / Hybrid,90%,Not Specified,"AWS, Kubernetes, CI/CD, Terraform, Linux",Country_Resumes/Hemachandiran_Giri_CV_AUSTRALIA.docx,No,,https://www.indeed.com/viewjob?jk=08641a4d0608af1b,"nib Group
Newcastle NSW",1
Agentic Engineer,Angle Finance,"Angle Finance
Melbourne VIC",Australia,🇦🇺,1,DevOps Engineer,2026-08-15,2026-08-15,Indeed-Browser,No,On-site / Hybrid,80%,Not Specified,"AWS, Kubernetes, CI/CD, Terraform, Linux",Country_Resumes/Hemachandiran_Giri_CV_AUSTRALIA.docx,No,,https://www.indeed.com/viewjob?jk=c9782db87461c775,"Angle Finance
Melbourne VIC",1
Full Stack Ruby on Rails Developer,University of Melbourne,"University of Melbourne
Parkville VIC 3010",Australia,🇦🇺,1,DevOps Engineer,2026-08-15,2026-08-15,Indeed-Browser,No,On-site / Hybrid,80%,Not Specified,"AWS, Kubernetes, CI/CD, Terraform, Linux",Country_Resumes/Hemachandiran_Giri_CV_AUSTRALIA.docx,No,,https://www.indeed.com/viewjob?jk=f2213b0b77ed2da3,"University of Melbourne
Parkville VIC 3010",1
Reliability Service Engineer,NAPA Auto Parts,"NAPA Auto Parts
Eagle Farm QLD",Australia,🇦🇺,1,Site Reliability Engineer,2026-08-15,2026-08-15,Indeed-Browser,No,On-site / Hybrid,90%,Not Specified,"AWS, Kubernetes, CI/CD, Terraform, Linux",Country_Resumes/Hemachandiran_Giri_CV_AUSTRALIA.docx,No,,https://www.indeed.com/viewjob?jk=303d1a6e46d5e200,"NAPA Auto Parts
Eagle Farm QLD",1
Software Engineer,Accenture,"Accenture
Singapore",Singapore,🇸🇬,1,DevOps Engineer,2026-08-15,2026-08-15,Indeed-Browser,No,On-site / Hybrid,80%,Not Specified,"AWS, Kubernetes, CI/CD, Terraform, Linux",Country_Resumes/Hemachandiran_Giri_CV_SINGAPORE.docx,No,,https://www.indeed.com/viewjob?jk=1b137eaf1b420da1,"Accenture
Singapore",1
Backend Engineer – AI Solutions,CMC-APAC PRIVATE LIMITED,"CMC-APAC PRIVATE LIMITED
Outram",Singapore,🇸🇬,1,DevOps Engineer,2026-08-15,2026-08-15,Indeed-Browser,No,On-site / Hybrid,80%,Not Specified,"AWS, Kubernetes, CI/CD, Terraform, Linux",Country_Resumes/Hemachandiran_Giri_CV_SINGAPORE.docx,No,,https://www.indeed.com/viewjob?jk=618fd5a67ae951ff,"CMC-APAC PRIVATE LIMITED
Outram",1
Fullstack Engineer,VINOVA PTE. LTD.,"VINOVA PTE. LTD.
Toa Payoh",Singapore,🇸🇬,1,DevOps Engineer,2026-08-15,2026-08-15,Indeed-Browser,No,On-site / Hybrid,80%,Not Specified,"AWS, Kubernetes, CI/CD, Terraform, Linux",Country_Resumes/Hemachandiran_Giri_CV_SINGAPORE.docx,No,,https://www.indeed.com/viewjob?jk=0019e86a3ad7ccbf,"VINOVA PTE. LTD.
Toa Payoh",1
Release Engineer,PERSOL SINGAPORE PTE. LTD.,"PERSOL SINGAPORE PTE. LTD.
Singapore",Singapore,🇸🇬,1,DevOps Engineer,2026-08-15,2026-08-15,Indeed-Browser,No,On-site / Hybrid,80%,Not Specified,"AWS, Kubernetes, CI/CD, Terraform, Linux",Country_Resumes/Hemachandiran_Giri_CV_SINGAPORE.docx,No,,https://www.indeed.com/viewjob?jk=6228c808f19e64ee,"PERSOL SINGAPORE PTE. LTD.
Singapore",1
Resident engineer for AWS,KRIS INFOTECH PTE. LTD.,"KRIS INFOTECH PTE. LTD.
Singapore",Singapore,🇸🇬,1,DevOps Engineer,2026-08-15,2026-08-15,Indeed-Browser,No,On-site / Hybrid,90%,Not Specified,AWS,Country_Resumes/Hemachandiran_Giri_CV_SINGAPORE.docx,No,,https://www.indeed.com/viewjob?jk=645bfe5fb59611e3,"KRIS INFOTECH PTE. LTD.
Singapore",2
"Manager, Web Application & QA Assurance",FWD Group Management Holdings Limited,"FWD Group Management Holdings Limited
Singapore",Singapore,🇸🇬,1,DevOps Engineer,2026-08-15,2026-08-15,Indeed-Browser,No,On-site / Hybrid,80%,Not Specified,"AWS, Kubernetes, CI/CD, Terraform, Linux",Country_Resumes/Hemachandiran_Giri_CV_SINGAPORE.docx,No,,https://www.indeed.com/viewjob?jk=e77d778d6565dc89,"FWD Group Management Holdings Limited
Singapore",1
Senior Software Engineer – Cloud & DevOps,JEET ANALYTICS PTE. LTD.,"JEET ANALYTICS PTE. LTD.
Outram",Singapore,🇸🇬,1,DevOps Engineer,2026-08-15,2026-08-15,Indeed-Browser,No,On-site / Hybrid,90%,Not Specified,"AWS, Kubernetes, CI/CD, Terraform, Linux",Country_Resumes/Hemachandiran_Giri_CV_SINGAPORE.docx,No,,https://www.indeed.com/viewjob?jk=284ad04e9918bf1e,"JEET ANALYTICS PTE. LTD.
Outram",1
Senior Software Engineer – Cloud & DevOps,REGTECH INSIGHT PTE. LTD.,"REGTECH INSIGHT PTE. LTD.
Bedok",Singapore,🇸🇬,1,DevOps Engineer,2026-08-15,2026-08-15,Indeed-Browser,No,On-site / Hybrid,90%,Not Specified,"AWS, Kubernetes, CI/CD, Terraform, Linux",Country_Resumes/Hemachandiran_Giri_CV_SINGAPORE.docx,No,,https://www.indeed.com/viewjob?jk=2216229d403f130e,"REGTECH INSIGHT PTE. LTD.
Bedok",1
Devops Engineer,KRIS INFOTECH PTE. LTD.,"KRIS INFOTECH PTE. LTD.
Singapore",Singapore,🇸🇬,1,DevOps Engineer,2026-08-15,2026-08-15,Indeed-Browser,No,On-site / Hybrid,90%,Not Specified,"AWS, Kubernetes, CI/CD, Terraform, Linux",Country_Resumes/Hemachandiran_Giri_CV_SINGAPORE.docx,No,,https://www.indeed.com/viewjob?jk=000ca698daba622b,"KRIS INFOTECH PTE. LTD.
Singapore",2
Software Architect,Schneider Electric,"Schneider Electric
Singapore",Singapore,🇸🇬,1,DevOps Engineer,2026-08-15,2026-08-15,Indeed-Browser,No,On-site / Hybrid,80%,Not Specified,"AWS, Kubernetes, CI/CD, Terraform, Linux",Country_Resumes/Hemachandiran_Giri_CV_SINGAPORE.docx,No,,https://www.indeed.com/viewjob?jk=cf30fd3d5d58ecc2,"Schneider Electric
Singapore",1
Lead Platform Site Reliability Engineer,JPMorganChase,"JPMorganChase
Singapore 486036",Singapore,🇸🇬,1,DevOps Engineer,2026-08-15,2026-08-15,Indeed-Browser,No,On-site / Hybrid,90%,Not Specified,"AWS, Kubernetes, CI/CD, Terraform, Linux",Country_Resumes/Hemachandiran_Giri_CV_SINGAPORE.docx,No,,https://www.indeed.com/viewjob?jk=6ef399e1e6116845,"JPMorganChase
Singapore 486036",1
Observability Engineer - Site Reliability Engineering (SRE),OCBC Bank,"OCBC Bank
Singapore",Singapore,🇸🇬,1,DevOps Engineer,2026-08-15,2026-08-15,Indeed-Browser,No,On-site / Hybrid,90%,Not Specified,"AWS, Kubernetes, CI/CD, Terraform, Linux",Country_Resumes/Hemachandiran_Giri_CV_SINGAPORE.docx,No,,https://www.indeed.com/viewjob?jk=5041d1d0106df880,"OCBC Bank
Singapore",3
"AM/ Mgr, Enterprise Job Scheduling Platform Engineer",OCBC Bank,"OCBC Bank
Singapore",Singapore,🇸🇬,1,DevOps Engineer,2026-08-15,2026-08-15,Indeed-Browser,No,On-site / Hybrid,90%,Not Specified,"AWS, Kubernetes, CI/CD, Terraform, Linux",Country_Resumes/Hemachandiran_Giri_CV_SINGAPORE.docx,No,,https://www.indeed.com/viewjob?jk=496815c4b78fde95,"OCBC Bank
Singapore",3
"Engineering Operations Technician, AKL Cluster",Amazon Data Services New Zealand Limited,"Amazon Data Services New Zealand Limited
Auckland City, Auckland",New Zealand,🇳🇿,1,DevOps Engineer,2026-08-15,2026-08-15,Indeed-Browser,No,On-site / Hybrid,80%,Not Specified,"AWS, Kubernetes, CI/CD, Terraform, Linux",Country_Resumes/Hemachandiran_Giri_CV_NEW_ZEALAND.docx,No,,https://www.indeed.com/viewjob?jk=e98c3f29504f2a6a,"Amazon Data Services New Zealand Limited
Auckland City",1
Azure DevOps Engineer - mission freelance - IDF,Cognizant,"Cognizant
Télétravail partiel à Paris (75)",France,🇫🇷,2,DevOps Engineer,2026-08-15,2026-08-15,Indeed-Browser,No,On-site / Hybrid,90%,Not Specified,Azure,Country_Resumes/Hemachandiran_Giri_CV_FRANCE.docx,No,,https://www.indeed.com/viewjob?jk=c3c2dc3c30b10636,"Cognizant
Télétravail partiel à Paris (75)",1
Quality Engineer,Sonepar HQ,"Sonepar HQ
75008 Paris",France,🇫🇷,2,DevOps Engineer,2026-08-15,2026-08-15,Indeed-Browser,No,On-site / Hybrid,80%,Not Specified,"AWS, Kubernetes, CI/CD, Terraform, Linux",Country_Resumes/Hemachandiran_Giri_CV_FRANCE.docx,No,,https://www.indeed.com/viewjob?jk=b33990ac837d7525,"Sonepar HQ
75008 Paris",1
Analytics Engineer (IT) / Freelance,AKERWISE,"AKERWISE
44300 Nantes",France,🇫🇷,2,DevOps Engineer,2026-08-15,2026-08-15,Indeed-Browser,No,On-site / Hybrid,80%,Not Specified,"AWS, Kubernetes, CI/CD, Terraform, Linux",Country_Resumes/Hemachandiran_Giri_CV_FRANCE.docx,No,,https://www.indeed.com/viewjob?jk=b2587132733d444e,"AKERWISE
44300 Nantes",1
CDI - Data Hosting & Cloud Infrastructure Manager,Rexel Dev,"Rexel Dev
Télétravail partiel à 75017 Paris",France,🇫🇷,2,DevOps Engineer,2026-08-15,2026-08-15,Indeed-Browser,No,On-site / Hybrid,90%,Not Specified,"AWS, Kubernetes, CI/CD, Terraform, Linux",Country_Resumes/Hemachandiran_Giri_CV_FRANCE.docx,No,,https://www.indeed.com/viewjob?jk=9f97e4cf1a6c17f7,"Rexel Dev
Télétravail partiel à 75017 Paris",1
Ingénieure / Ingénieur DevOps,Capgemini,"Capgemini
Cesson-Sévigné (35)",France,🇫🇷,2,DevOps Engineer,2026-08-15,2026-08-15,Indeed-Browser,No,On-site / Hybrid,90%,Not Specified,"AWS, Kubernetes, CI/CD, Terraform, Linux",Country_Resumes/Hemachandiran_Giri_CV_FRANCE.docx,No,,https://www.indeed.com/viewjob?jk=661d9379ef322441,"Capgemini
Cesson-Sévigné (35)",1
Ingénieur Logiciel Back-end Senior – F/H – CDI,FDJ UNITED,"FDJ UNITED
Boulogne-Billancourt (92)",France,🇫🇷,2,DevOps Engineer,2026-08-15,2026-08-15,Indeed-Browser,No,On-site / Hybrid,80%,Not Specified,"AWS, Kubernetes, CI/CD, Terraform, Linux",Country_Resumes/Hemachandiran_Giri_CV_FRANCE.docx,No,,https://www.indeed.com/viewjob?jk=bf1317c884a2dcf4,"FDJ UNITED
Boulogne-Billancourt (92)",1
Data Engineer Snowflake,SYLKANE,"SYLKANE
Télétravail partiel à Saint-Denis (93)",France,🇫🇷,2,DevOps Engineer,2026-08-15,2026-08-15,Indeed-Browser,No,On-site / Hybrid,80%,Not Specified,"AWS, Kubernetes, CI/CD, Terraform, Linux",Country_Resumes/Hemachandiran_Giri_CV_FRANCE.docx,No,,https://www.indeed.com/viewjob?jk=b258fb09b8c9a17e,"SYLKANE
Télétravail partiel à Saint-Denis (93)",1
"Senior Backend Engineer, Integrations - 100% Remote - EMEA",Hostaway,"Hostaway
Télétravail à Paris (75)",France,🇫🇷,2,Cloud Engineer,2026-08-15,2026-08-15,Indeed-Browser,No,Remote,80%,Not Specified,"AWS, Kubernetes, CI/CD, Terraform, Linux",Country_Resumes/Hemachandiran_Giri_CV_FRANCE.docx,No,,https://www.indeed.com/viewjob?jk=778b81cd2ce92cf6,"Hostaway
Télétravail à Paris (75)",2
Software Engineer,JINGDONG RETAIL (UK) LIMITED,"JINGDONG RETAIL (UK) LIMITED
75001 Paris",France,🇫🇷,2,Cloud Engineer,2026-08-15,2026-08-15,Indeed-Browser,No,On-site / Hybrid,80%,Not Specified,"AWS, Kubernetes, CI/CD, Terraform, Linux",Country_Resumes/Hemachandiran_Giri_CV_FRANCE.docx,No,,https://www.indeed.com/viewjob?jk=5e317a60ca54915f,"JINGDONG RETAIL (UK) LIMITED
75001 Paris",1
Ingénieur Cloud Devops (H/F) AWS (IT) / Freelance,ODHCOM - FREELANCEREPUBLIK,"ODHCOM - FREELANCEREPUBLIK
Paris (75)",France,🇫🇷,2,Cloud Engineer,2026-08-15,2026-08-15,Indeed-Browser,No,On-site / Hybrid,90%,Not Specified,AWS,Country_Resumes/Hemachandiran_Giri_CV_FRANCE.docx,No,,https://www.indeed.com/viewjob?jk=9fbfc13507276f6b,"ODHCOM - FREELANCEREPUBLIK
Paris (75)",1
Critical Environment Field Service Engineer,Microsoft,"Microsoft
Marseille (13)",France,🇫🇷,2,Cloud Engineer,2026-08-15,2026-08-15,Indeed-Browser,No,On-site / Hybrid,80%,Not Specified,"AWS, Kubernetes, CI/CD, Terraform, Linux",Country_Resumes/Hemachandiran_Giri_CV_FRANCE.docx,No,,https://www.indeed.com/viewjob?jk=f5deb70de273366d,"Microsoft
Marseille (13)",1
Solutions Engineer,Treasure AI,"Treasure AI
Télétravail partiel à Paris (75)",France,🇫🇷,2,Cloud Engineer,2026-08-15,2026-08-15,Indeed-Browser,No,On-site / Hybrid,80%,Not Specified,"AWS, Kubernetes, CI/CD, Terraform, Linux",Country_Resumes/Hemachandiran_Giri_CV_FRANCE.docx,No,,https://www.indeed.com/viewjob?jk=09ca25d3315b402c,"Treasure AI
Télétravail partiel à Paris (75)",1
Senior Full-stack Engineer,Prose,"Prose
Télétravail partiel à Paris (75)",France,🇫🇷,2,Cloud Engineer,2026-08-15,2026-08-15,Indeed-Browser,No,On-site / Hybrid,80%,Not Specified,"AWS, Kubernetes, CI/CD, Terraform, Linux",Country_Resumes/Hemachandiran_Giri_CV_FRANCE.docx,No,,https://www.indeed.com/viewjob?jk=e21a3facaa57522e,"Prose
Télétravail partiel à Paris (75)",1
Software Engineer - Network Observability F/H/N,OVHcloud,"OVHcloud
Télétravail partiel à 75017 Paris",France,🇫🇷,2,Cloud Engineer,2026-08-15,2026-08-15,Indeed-Browser,No,On-site / Hybrid,80%,Not Specified,"AWS, Kubernetes, CI/CD, Terraform, Linux",Country_Resumes/Hemachandiran_Giri_CV_FRANCE.docx,No,,https://www.indeed.com/viewjob?jk=56e696307d2d4983,"OVHcloud
Télétravail partiel à 75017 Paris",1
Data / AI Engineer,Novelis innovation,"Novelis innovation
Paris (75)",France,🇫🇷,2,Cloud Engineer,2026-08-15,2026-08-15,Indeed-Browser,No,On-site / Hybrid,80%,Not Specified,"AWS, Kubernetes, CI/CD, Terraform, Linux",Country_Resumes/Hemachandiran_Giri_CV_FRANCE.docx,No,,https://www.indeed.com/viewjob?jk=e32fa5407d985904,"Novelis innovation
Paris (75)",3
Consulting Sales Engineer - Expert(e) Avant Vente Ingénieur(e) Systèmes H/F,Hewlett Packard Enterprise,"Hewlett Packard Enterprise
92800 Puteaux",France,🇫🇷,2,Cloud Engineer,2026-08-15,2026-08-15,Indeed-Browser,No,On-site / Hybrid,80%,Not Specified,"AWS, Kubernetes, CI/CD, Terraform, Linux",Country_Resumes/Hemachandiran_Giri_CV_FRANCE.docx,No,,https://www.indeed.com/viewjob?jk=3e9d052bd168695c,"Hewlett Packard Enterprise
92800 Puteaux",1
Senior Security Engineer,Alice & Bob,"Alice & Bob
Télétravail partiel à Paris (75)",France,🇫🇷,2,Cloud Engineer,2026-08-15,2026-08-15,Indeed-Browser,No,On-site / Hybrid,80%,Not Specified,"AWS, Kubernetes, CI/CD, Terraform, Linux",Country_Resumes/Hemachandiran_Giri_CV_FRANCE.docx,No,,https://www.indeed.com/viewjob?jk=53580995b9243f17,"Alice & Bob
Télétravail partiel à Paris (75)",1
Site Reliability Engineer - Storage,Proton AG,"Proton AG
Paris (75)",France,🇫🇷,2,Site Reliability Engineer,2026-08-15,2026-08-15,Indeed-Browser,No,On-site / Hybrid,90%,Not Specified,"AWS, Kubernetes, CI/CD, Terraform, Linux",Country_Resumes/Hemachandiran_Giri_CV_FRANCE.docx,No,,https://www.indeed.com/viewjob?jk=e2014038fb09882b,"Proton AG
Paris (75)",1
Site Reliability Engineer - Storage,Proton,"Proton
Paris (75)",France,🇫🇷,2,Site Reliability Engineer,2026-08-15,2026-08-15,Indeed-Browser,No,On-site / Hybrid,90%,Not Specified,"AWS, Kubernetes, CI/CD, Terraform, Linux",Country_Resumes/Hemachandiran_Giri_CV_FRANCE.docx,No,,https://www.indeed.com/viewjob?jk=2062743e8610bfef,"Proton
Paris (75)",1
Lead AI GTM Engineer - 100% Remote - Europe,Hostaway,"Hostaway
Télétravail à Paris (75)",France,🇫🇷,2,Platform Engineer,2026-08-15,2026-08-15,Indeed-Browser,No,Remote,80%,Not Specified,"AWS, Kubernetes, CI/CD, Terraform, Linux",Country_Resumes/Hemachandiran_Giri_CV_FRANCE.docx,No,,https://www.indeed.com/viewjob?jk=a86cfd27ffd96ff7,"Hostaway
Télétravail à Paris (75)",2
Senior Android Engineer,IDT,"IDT
Télétravail à Grand Est",France,🇫🇷,2,Platform Engineer,2026-08-15,2026-08-15,Indeed-Browser,No,On-site / Hybrid,80%,Not Specified,"AWS, Kubernetes, CI/CD, Terraform, Linux",Country_Resumes/Hemachandiran_Giri_CV_FRANCE.docx,No,,https://www.indeed.com/viewjob?jk=43cf740e88becf4b,"IDT
Télétravail à Grand Est",1
Proposal Manager (Global),ElevenLabs,"ElevenLabs
Télétravail à Eu (76)",France,🇫🇷,2,Platform Engineer,2026-08-15,2026-08-15,Indeed-Browser,No,On-site / Hybrid,80%,Not Specified,"AWS, Kubernetes, CI/CD, Terraform, Linux",Country_Resumes/Hemachandiran_Giri_CV_FRANCE.docx,No,,https://www.indeed.com/viewjob?jk=18f402bec43c454c,"ElevenLabs
Télétravail à Eu (76)",1
Fullstack Software Engineer,The Fork,"The Fork
Paris (75)",France,🇫🇷,2,Platform Engineer,2026-08-15,2026-08-15,Indeed-Browser,No,On-site / Hybrid,80%,Not Specified,"AWS, Kubernetes, CI/CD, Terraform, Linux",Country_Resumes/Hemachandiran_Giri_CV_FRANCE.docx,No,,https://www.indeed.com/viewjob?jk=c49d2d7d2273df9f,"The Fork
Paris (75)",1
Pre-Sales Engineer,Novelis innovation,"Novelis innovation
Paris (75)",France,🇫🇷,2,Platform Engineer,2026-08-15,2026-08-15,Indeed-Browser,No,On-site / Hybrid,80%,Not Specified,"AWS, Kubernetes, CI/CD, Terraform, Linux",Country_Resumes/Hemachandiran_Giri_CV_FRANCE.docx,No,,https://www.indeed.com/viewjob?jk=d3ac5a2d521931f9,"Novelis innovation
Paris (75)",3
Product Manager,Novelis innovation,"Novelis innovation
Paris (75)",France,🇫🇷,2,Platform Engineer,2026-08-15,2026-08-15,Indeed-Browser,No,On-site / Hybrid,80%,Not Specified,"AWS, Kubernetes, CI/CD, Terraform, Linux",Country_Resumes/Hemachandiran_Giri_CV_FRANCE.docx,No,,https://www.indeed.com/viewjob?jk=b260df5c9f233f40,"Novelis innovation
Paris (75)",3
Automation QA Engineer,UMO,"UMO
Modelo Híbrido in 1700 Lisboa",Portugal,🇵🇹,2,DevOps Engineer,2026-08-15,2026-08-15,Indeed-Browser,No,On-site / Hybrid,80%,Not Specified,"AWS, Kubernetes, CI/CD, Terraform, Linux",Country_Resumes/Hemachandiran_Giri_CV_PORTUGAL.docx,No,,https://www.indeed.com/viewjob?jk=ee04b7bb32c0f0a8,"UMO
Modelo Híbrido in 1700 Lisboa",1
Junior Business & Data Integration Analyst (m/f) – HR Analytics,Air Liquide,"Air Liquide
Modelo Híbrido in Algés",Portugal,🇵🇹,2,DevOps Engineer,2026-08-15,2026-08-15,Indeed-Browser,No,On-site / Hybrid,80%,Not Specified,"AWS, Kubernetes, CI/CD, Terraform, Linux",Country_Resumes/Hemachandiran_Giri_CV_PORTUGAL.docx,No,,https://www.indeed.com/viewjob?jk=66371883f54f3fd6,"Air Liquide
Modelo Híbrido in Algés",3
Data Engineer,Acolad,"Acolad
Lisboa",Portugal,🇵🇹,2,DevOps Engineer,2026-08-15,2026-08-15,Indeed-Browser,No,On-site / Hybrid,80%,Not Specified,"AWS, Kubernetes, CI/CD, Terraform, Linux",Country_Resumes/Hemachandiran_Giri_CV_PORTUGAL.docx,No,,https://www.indeed.com/viewjob?jk=dc571c64ce1b0204,"Acolad
Lisboa",2
Forward Deployed Engineer (m/f/x),Virtual Identity,"Virtual Identity
Modelo Híbrido in 4050 Porto",Portugal,🇵🇹,2,DevOps Engineer,2026-08-15,2026-08-15,Indeed-Browser,No,On-site / Hybrid,80%,Not Specified,"AWS, Kubernetes, CI/CD, Terraform, Linux",Country_Resumes/Hemachandiran_Giri_CV_PORTUGAL.docx,No,,https://www.indeed.com/viewjob?jk=886a8f435013930f,"Virtual Identity
Modelo Híbrido in 4050 Porto",1
Senior Software Engineer,Checkmarx,"Checkmarx
Braga",Portugal,🇵🇹,2,DevOps Engineer,2026-08-15,2026-08-15,Indeed-Browser,No,On-site / Hybrid,80%,Not Specified,"AWS, Kubernetes, CI/CD, Terraform, Linux",Country_Resumes/Hemachandiran_Giri_CV_PORTUGAL.docx,No,,https://www.indeed.com/viewjob?jk=a53ed5c38a2c6a32,"Checkmarx
Braga",1
"Infrastructure Engineer, Senior [remote from Portugal and selected EU countries]",VENHA SER #SANGUELARANJA,"VENHA SER #SANGUELARANJA
Teletrabalho",Portugal,🇵🇹,2,DevOps Engineer,2026-08-15,2026-08-15,Indeed-Browser,No,Remote,90%,Not Specified,"AWS, Kubernetes, CI/CD, Terraform, Linux",Country_Resumes/Hemachandiran_Giri_CV_PORTUGAL.docx,No,,https://www.indeed.com/viewjob?jk=92fe186525f61928,"VENHA SER #SANGUELARANJA
Teletrabalho",1
Forward Deployed Software Engineer (m/f/d),KI group GmbH,"KI group GmbH
Modelo Híbrido in Lisboa",Portugal,🇵🇹,2,Cloud Engineer,2026-08-15,2026-08-15,Indeed-Browser,No,On-site / Hybrid,80%,Not Specified,"AWS, Kubernetes, CI/CD, Terraform, Linux",Country_Resumes/Hemachandiran_Giri_CV_PORTUGAL.docx,No,,https://www.indeed.com/viewjob?jk=65dae10f2553aede,"KI group GmbH
Modelo Híbrido in Lisboa",1
Junior AI-Augmented Product Engineer,Salsify,"Salsify
Teletrabalho in Lisboa",Portugal,🇵🇹,2,Platform Engineer,2026-08-15,2026-08-15,Indeed-Browser,No,On-site / Hybrid,80%,Not Specified,"AWS, Kubernetes, CI/CD, Terraform, Linux",Country_Resumes/Hemachandiran_Giri_CV_PORTUGAL.docx,No,,https://www.indeed.com/viewjob?jk=a8916f407af694a0,"Salsify
Teletrabalho in Lisboa",1
Product Owner,Tekever,"Tekever
Modelo Híbrido in 1350 Lisboa",Portugal,🇵🇹,2,Platform Engineer,2026-08-15,2026-08-15,Indeed-Browser,No,On-site / Hybrid,80%,Not Specified,"AWS, Kubernetes, CI/CD, Terraform, Linux",Country_Resumes/Hemachandiran_Giri_CV_PORTUGAL.docx,No,,https://www.indeed.com/viewjob?jk=ec045778b83fcab5,"Tekever
Modelo Híbrido in 1350 Lisboa",1
Business & Data Integration Analyst (m/f)– HR Analytics,Air Liquide,"Air Liquide
Modelo Híbrido in Algés",Portugal,🇵🇹,2,Platform Engineer,2026-08-15,2026-08-15,Indeed-Browser,No,On-site / Hybrid,80%,Not Specified,"AWS, Kubernetes, CI/CD, Terraform, Linux",Country_Resumes/Hemachandiran_Giri_CV_PORTUGAL.docx,No,,https://www.indeed.com/viewjob?jk=c9a24b9429618c84,"Air Liquide
Modelo Híbrido in Algés",3
Data Mining Analyst (m/f),Air Liquide,"Air Liquide
Modelo Híbrido in Algés",Portugal,🇵🇹,2,Platform Engineer,2026-08-15,2026-08-15,Indeed-Browser,No,On-site / Hybrid,80%,Not Specified,"AWS, Kubernetes, CI/CD, Terraform, Linux",Country_Resumes/Hemachandiran_Giri_CV_PORTUGAL.docx,No,,https://www.indeed.com/viewjob?jk=acb6ba966bebb1cd,"Air Liquide
Modelo Híbrido in Algés",3
Full-Stack Engineer,Acolad,"Acolad
Lisboa",Portugal,🇵🇹,2,Platform Engineer,2026-08-15,2026-08-15,Indeed-Browser,No,On-site / Hybrid,80%,Not Specified,"AWS, Kubernetes, CI/CD, Terraform, Linux",Country_Resumes/Hemachandiran_Giri_CV_PORTUGAL.docx,No,,https://www.indeed.com/viewjob?jk=71672030a5dad2ed,"Acolad
Lisboa",2
Senior Product Manager,Broadvoice | GoContact,"Broadvoice | GoContact
Teletrabalho",Portugal,🇵🇹,2,Platform Engineer,2026-08-15,2026-08-15,Indeed-Browser,No,On-site / Hybrid,80%,Not Specified,"AWS, Kubernetes, CI/CD, Terraform, Linux",Country_Resumes/Hemachandiran_Giri_CV_PORTUGAL.docx,No,,https://www.indeed.com/viewjob?jk=9b379b062b94f208,"Broadvoice | GoContact
Teletrabalho",1
Senior Calypso Support Engineer (Relocation to Sweden),"EPAM Systems, Inc.","EPAM Systems, Inc.
Teletrabalho",Portugal,🇵🇹,2,Platform Engineer,2026-08-15,2026-08-15,Indeed-Browser,No,On-site / Hybrid,85%,Relocation Provided,"AWS, Kubernetes, CI/CD, Terraform, Linux",Country_Resumes/Hemachandiran_Giri_CV_PORTUGAL.docx,No,,https://www.indeed.com/viewjob?jk=4b43ff7d298bf44b,EPAM Systems,13
Senior DevOps Engineer,Tellent,"Tellent
Zdalnie in Poznań, wielkopolskie",Poland,🇵🇱,2,DevOps Engineer,2026-08-15,2026-08-15,Indeed-Browser,No,On-site / Hybrid,90%,Not Specified,"AWS, Kubernetes, CI/CD, Terraform, Linux",Country_Resumes/Hemachandiran_Giri_CV_POLAND.docx,No,,https://www.indeed.com/viewjob?jk=70bff1d15c7b12c7,"Tellent
Zdalnie in Poznań",1
Sr Cloud Security Engineer,Egnyte,"Egnyte
61-131 Poznań",Poland,🇵🇱,2,Cloud Engineer,2026-08-15,2026-08-15,Indeed-Browser,No,On-site / Hybrid,90%,Not Specified,"AWS, Kubernetes, CI/CD, Terraform, Linux",Country_Resumes/Hemachandiran_Giri_CV_POLAND.docx,No,,https://www.indeed.com/viewjob?jk=bd012d8b627517a4,"Egnyte
61-131 Poznań",1
Cloud Customer Support Representative,OVHcloud,"OVHcloud
Hybrydowo in 53-332 Wrocław",Poland,🇵🇱,2,Cloud Engineer,2026-08-15,2026-08-15,Indeed-Browser,No,On-site / Hybrid,90%,Not Specified,"AWS, Kubernetes, CI/CD, Terraform, Linux",Country_Resumes/Hemachandiran_Giri_CV_POLAND.docx,No,,https://www.indeed.com/viewjob?jk=0216435ee4b31d99,"OVHcloud
Hybrydowo in 53-332 Wrocław",1
Cloud Architect (m/f/d),LAPP,"LAPP
Hybrydowo in Wrocław, dolnośląskie",Poland,🇵🇱,2,Cloud Engineer,2026-08-15,2026-08-15,Indeed-Browser,No,On-site / Hybrid,90%,Not Specified,"AWS, Kubernetes, CI/CD, Terraform, Linux",Country_Resumes/Hemachandiran_Giri_CV_POLAND.docx,No,,https://www.indeed.com/viewjob?jk=0687699655c62263,"LAPP
Hybrydowo in Wrocław",1
"Engineering Manager, Identity & Access",Addepar,"Addepar
Warszawa, mazowieckie",Poland,🇵🇱,2,Platform Engineer,2026-08-15,2026-08-15,Indeed-Browser,No,On-site / Hybrid,80%,Not Specified,"AWS, Kubernetes, CI/CD, Terraform, Linux",Country_Resumes/Hemachandiran_Giri_CV_POLAND.docx,No,,https://www.indeed.com/viewjob?jk=10b98c35741f9ab4,"Addepar
Warszawa",1
Inżynier oprogramowania / Inżynierka oprogramowania - Viessmann R&D Wrocław,Carrier,"Carrier
Hybrydowo in Wrocław, dolnośląskie",Poland,🇵🇱,2,Platform Engineer,2026-08-15,2026-08-15,Indeed-Browser,No,On-site / Hybrid,80%,Not Specified,"AWS, Kubernetes, CI/CD, Terraform, Linux",Country_Resumes/Hemachandiran_Giri_CV_POLAND.docx,No,,https://www.indeed.com/viewjob?jk=c255f7533ece0fac,"Carrier
Hybrydowo in Wrocław",1
Inżynier oprogramowania / Inżynierka oprogramowania - Viessmann R&D Wrocław,Viessmann,"Viessmann
Hybrydowo in 54-427 Wrocław",Poland,🇵🇱,2,Platform Engineer,2026-08-15,2026-08-15,Indeed-Browser,No,On-site / Hybrid,80%,Not Specified,"AWS, Kubernetes, CI/CD, Terraform, Linux",Country_Resumes/Hemachandiran_Giri_CV_POLAND.docx,No,,https://www.indeed.com/viewjob?jk=bdecd14859348976,"Viessmann
Hybrydowo in 54-427 Wrocław",1
Product Engineering Cooperation - Backend or Full-stack | B2B,Profitroom,"Profitroom
Zdalnie",Poland,🇵🇱,2,Platform Engineer,2026-08-15,2026-08-15,Indeed-Browser,No,On-site / Hybrid,80%,Not Specified,"AWS, Kubernetes, CI/CD, Terraform, Linux",Country_Resumes/Hemachandiran_Giri_CV_POLAND.docx,No,,https://www.indeed.com/viewjob?jk=50189d5ae57264df,"Profitroom
Zdalnie",2
Product Engineer / Product Builder - Backend or Full-stack - Employment Contract,Profitroom,"Profitroom
Zdalnie",Poland,🇵🇱,2,Platform Engineer,2026-08-15,2026-08-15,Indeed-Browser,No,On-site / Hybrid,80%,Not Specified,"AWS, Kubernetes, CI/CD, Terraform, Linux",Country_Resumes/Hemachandiran_Giri_CV_POLAND.docx,No,,https://www.indeed.com/viewjob?jk=72b1606bcb61994c,"Profitroom
Zdalnie",2
Forward Deployed Engineer (m/f/x),Virtual Identity,"Virtual Identity
Wien, W",Austria,🇦🇹,2,DevOps Engineer,2026-08-15,2026-08-15,Indeed-Browser,No,On-site / Hybrid,80%,Not Specified,"AWS, Kubernetes, CI/CD, Terraform, Linux",Country_Resumes/Hemachandiran_Giri_CV_AUSTRIA.docx,No,,https://www.indeed.com/viewjob?jk=020842501a9e2cbe,"Virtual Identity
Wien",2
Channel Solution Architect (Remote),CrowdStrike,"CrowdStrike
Homeoffice",Austria,🇦🇹,2,Cloud Engineer,2026-08-15,2026-08-15,Indeed-Browser,No,Remote,80%,Not Specified,"AWS, Kubernetes, CI/CD, Terraform, Linux",Country_Resumes/Hemachandiran_Giri_CV_AUSTRIA.docx,No,,https://www.indeed.com/viewjob?jk=5135f642a953d9ee,"CrowdStrike
Homeoffice",1
AI Data Governance Consultant (m/f/x),Virtual Identity,"Virtual Identity
Wien, W",Austria,🇦🇹,2,Cloud Engineer,2026-08-15,2026-08-15,Indeed-Browser,No,On-site / Hybrid,80%,Not Specified,"AWS, Kubernetes, CI/CD, Terraform, Linux",Country_Resumes/Hemachandiran_Giri_CV_AUSTRIA.docx,No,,https://www.indeed.com/viewjob?jk=e722894463b3ef98,"Virtual Identity
Wien",2
Enterprise IT-Infrastructure Architect,ITG Informationstechnik Graz GmbH,"ITG Informationstechnik Graz GmbH
Graz, ST",Austria,🇦🇹,2,Cloud Engineer,2026-08-15,2026-08-15,Indeed-Browser,No,On-site / Hybrid,90%,Not Specified,"AWS, Kubernetes, CI/CD, Terraform, Linux",Country_Resumes/Hemachandiran_Giri_CV_AUSTRIA.docx,No,,https://www.indeed.com/viewjob?jk=375a4e76c551e796,"ITG Informationstechnik Graz GmbH
Graz",2
"Senior Backend Engineer, Integrations - 100% Remote - EMEA",Hostaway,"Hostaway
Homeoffice in Wien, W",Austria,🇦🇹,2,Cloud Engineer,2026-08-15,2026-08-15,Indeed-Browser,No,Remote,80%,Not Specified,"AWS, Kubernetes, CI/CD, Terraform, Linux",Country_Resumes/Hemachandiran_Giri_CV_AUSTRIA.docx,No,,https://www.indeed.com/viewjob?jk=21436ee0e0031fad,"Hostaway
Homeoffice in Wien",2
Senior Software Engineer (m/w/d),Anexia Holding GmbH,"Anexia Holding GmbH
Wien, W",Austria,🇦🇹,2,Cloud Engineer,2026-08-15,2026-08-15,Indeed-Browser,No,On-site / Hybrid,80%,Not Specified,"AWS, Kubernetes, CI/CD, Terraform, Linux",Country_Resumes/Hemachandiran_Giri_CV_AUSTRIA.docx,No,,https://www.indeed.com/viewjob?jk=ba390094db8c2962,"Anexia Holding GmbH
Wien",2
Manager - HMI Embedded Linux Development (m/f/d),TTTech Computertechnik AG,"TTTech Computertechnik AG
Homeoffice in Wien, W",Austria,🇦🇹,2,Platform Engineer,2026-08-15,2026-08-15,Indeed-Browser,No,On-site / Hybrid,85%,Not Specified,Linux,Country_Resumes/Hemachandiran_Giri_CV_AUSTRIA.docx,No,,https://www.indeed.com/viewjob?jk=515c4d62cafc8027,"TTTech Computertechnik AG
Homeoffice in Wien",1
Lead AI GTM Engineer - 100% Remote - Europe,Hostaway,"Hostaway
Homeoffice in Wien, W",Austria,🇦🇹,2,Platform Engineer,2026-08-15,2026-08-15,Indeed-Browser,No,Remote,80%,Not Specified,"AWS, Kubernetes, CI/CD, Terraform, Linux",Country_Resumes/Hemachandiran_Giri_CV_AUSTRIA.docx,No,,https://www.indeed.com/viewjob?jk=5d5db7160b43dd9a,"Hostaway
Homeoffice in Wien",2
Account Executive – Clinics (m/f/x),nyra health,"nyra health
Homeoffice in Wien, W",Austria,🇦🇹,2,Platform Engineer,2026-08-15,2026-08-15,Indeed-Browser,No,On-site / Hybrid,80%,Not Specified,"AWS, Kubernetes, CI/CD, Terraform, Linux",Country_Resumes/Hemachandiran_Giri_CV_AUSTRIA.docx,No,,https://www.indeed.com/viewjob?jk=ba405edca92e9ff1,"nyra health
Homeoffice in Wien",2
Key Account Manager - Practices (m/w/d),nyra health,"nyra health
Wien, W",Austria,🇦🇹,2,Platform Engineer,2026-08-15,2026-08-15,Indeed-Browser,No,On-site / Hybrid,80%,Not Specified,"AWS, Kubernetes, CI/CD, Terraform, Linux",Country_Resumes/Hemachandiran_Giri_CV_AUSTRIA.docx,No,,https://www.indeed.com/viewjob?jk=1a56f06ad8877626,"nyra health
Wien",2
Senior Business Development Manager – Insurance (m/w/d),nyra health,"nyra health
Homeoffice in Wien, W",Austria,🇦🇹,2,Platform Engineer,2026-08-15,2026-08-15,Indeed-Browser,No,On-site / Hybrid,80%,Not Specified,"AWS, Kubernetes, CI/CD, Terraform, Linux",Country_Resumes/Hemachandiran_Giri_CV_AUSTRIA.docx,No,,https://www.indeed.com/viewjob?jk=44e4b26d99afe929,"nyra health
Homeoffice in Wien",2
Systems Engineer (f/m/d),Hexagon Manufacturing Intelligence,"Hexagon Manufacturing Intelligence
Graz, ST",Austria,🇦🇹,2,Platform Engineer,2026-08-15,2026-08-15,Indeed-Browser,No,On-site / Hybrid,80%,Not Specified,"AWS, Kubernetes, CI/CD, Terraform, Linux",Country_Resumes/Hemachandiran_Giri_CV_AUSTRIA.docx,No,,https://www.indeed.com/viewjob?jk=011d9f00f3553c1f,"Hexagon Manufacturing Intelligence
Graz",1
Linux Container Platform System Engineer (Junior),ITG Informationstechnik Graz GmbH,"ITG Informationstechnik Graz GmbH
Graz, ST",Austria,🇦🇹,2,Platform Engineer,2026-08-15,2026-08-15,Indeed-Browser,No,On-site / Hybrid,95%,Not Specified,Linux,Country_Resumes/Hemachandiran_Giri_CV_AUSTRIA.docx,No,,https://www.indeed.com/viewjob?jk=05eb7a63db07d310,"ITG Informationstechnik Graz GmbH
Graz",2
"Head of Consulting & Solutions Data, Tech & AI (m/w/d) AT & CH",WPP Media,"WPP Media
Wien, W",Austria,🇦🇹,2,Platform Engineer,2026-08-15,2026-08-15,Indeed-Browser,No,On-site / Hybrid,80%,Not Specified,"AWS, Kubernetes, CI/CD, Terraform, Linux",Country_Resumes/Hemachandiran_Giri_CV_AUSTRIA.docx,No,,https://www.indeed.com/viewjob?jk=9f68170bc2bfc2ff,"WPP Media
Wien",2
"Head of Data, Analytics & AI (m/w/d) AT & CH",WPP Media,"WPP Media
Wien, W",Austria,🇦🇹,2,Platform Engineer,2026-08-15,2026-08-15,Indeed-Browser,No,On-site / Hybrid,80%,Not Specified,"AWS, Kubernetes, CI/CD, Terraform, Linux",Country_Resumes/Hemachandiran_Giri_CV_AUSTRIA.docx,No,,https://www.indeed.com/viewjob?jk=9813fe6bfab2a903,"WPP Media
Wien",2
Product Manager GI Liquid EMEA,Axalta Coat. Sys. Austria,"Axalta Coat. Sys. Austria
Guntramsdorf, NÖ",Austria,🇦🇹,2,Platform Engineer,2026-08-15,2026-08-15,Indeed-Browser,No,On-site / Hybrid,80%,Not Specified,"AWS, Kubernetes, CI/CD, Terraform, Linux",Country_Resumes/Hemachandiran_Giri_CV_AUSTRIA.docx,No,,https://www.indeed.com/viewjob?jk=a726083f1db4518e,"Axalta Coat. Sys. Austria
Guntramsdorf",1
Solution Engineer,Mondi,"Mondi
Wien, W",Austria,🇦🇹,2,Platform Engineer,2026-08-15,2026-08-15,Indeed-Browser,No,On-site / Hybrid,80%,Not Specified,"AWS, Kubernetes, CI/CD, Terraform, Linux",Country_Resumes/Hemachandiran_Giri_CV_AUSTRIA.docx,No,,https://www.indeed.com/viewjob?jk=213e0fb9be95d070,"Mondi
Wien",1
Dotnet Developer,Erudite Innovation Sdn Bhd,"Erudite Innovation Sdn Bhd
Kuala Lumpur",Malaysia,🇲🇾,2,DevOps Engineer,2026-08-15,2026-08-15,Indeed-Browser,No,On-site / Hybrid,80%,Not Specified,"AWS, Kubernetes, CI/CD, Terraform, Linux",Country_Resumes/Hemachandiran_Giri_CV_MALAYSIA.docx,No,,https://www.indeed.com/viewjob?jk=a43b025930237c6c,"Erudite Innovation Sdn Bhd
Kuala Lumpur",3
Fullstack Developer,Erudite Innovation Sdn Bhd,"Erudite Innovation Sdn Bhd
Kuala Lumpur",Malaysia,🇲🇾,2,DevOps Engineer,2026-08-15,2026-08-15,Indeed-Browser,No,On-site / Hybrid,80%,Not Specified,"AWS, Kubernetes, CI/CD, Terraform, Linux",Country_Resumes/Hemachandiran_Giri_CV_MALAYSIA.docx,No,,https://www.indeed.com/viewjob?jk=18fd4be68d73c6a3,"Erudite Innovation Sdn Bhd
Kuala Lumpur",3
Java Developer,Erudite Innovation Sdn Bhd,"Erudite Innovation Sdn Bhd
Kuala Lumpur",Malaysia,🇲🇾,2,DevOps Engineer,2026-08-15,2026-08-15,Indeed-Browser,No,On-site / Hybrid,80%,Not Specified,"AWS, Kubernetes, CI/CD, Terraform, Linux",Country_Resumes/Hemachandiran_Giri_CV_MALAYSIA.docx,No,,https://www.indeed.com/viewjob?jk=a730a46c6484927f,"Erudite Innovation Sdn Bhd
Kuala Lumpur",3
AWS Cloud Engineer,The Cigna Group,"The Cigna Group
Kuala Lumpur",Malaysia,🇲🇾,2,DevOps Engineer,2026-08-15,2026-08-15,Indeed-Browser,No,On-site / Hybrid,90%,Not Specified,AWS,Country_Resumes/Hemachandiran_Giri_CV_MALAYSIA.docx,No,,https://www.indeed.com/viewjob?jk=698fbf5846fb75b6,"The Cigna Group
Kuala Lumpur",1
Data Engineer,Abhidi Solution Private Limited,"Abhidi Solution Private Limited
Kuala Lumpur",Malaysia,🇲🇾,2,DevOps Engineer,2026-08-15,2026-08-15,Indeed-Browser,No,On-site / Hybrid,80%,Not Specified,"AWS, Kubernetes, CI/CD, Terraform, Linux",Country_Resumes/Hemachandiran_Giri_CV_MALAYSIA.docx,No,,https://www.indeed.com/viewjob?jk=99eb4f53bce2cafe,"Abhidi Solution Private Limited
Kuala Lumpur",1
Big Data Engineer,Abhidi Solution Sdn Bhd,"Abhidi Solution Sdn Bhd
Kuala Lumpur",Malaysia,🇲🇾,2,DevOps Engineer,2026-08-15,2026-08-15,Indeed-Browser,No,On-site / Hybrid,80%,Not Specified,"AWS, Kubernetes, CI/CD, Terraform, Linux",Country_Resumes/Hemachandiran_Giri_CV_MALAYSIA.docx,No,,https://www.indeed.com/viewjob?jk=69ed1b63d6b50179,"Abhidi Solution Sdn Bhd
Kuala Lumpur",1
AI Engineer (Full Stack Engineering),MetLife Solutions Pte Ltd,"MetLife Solutions Pte Ltd
Kuala Lumpur",Malaysia,🇲🇾,2,DevOps Engineer,2026-08-15,2026-08-15,Indeed-Browser,No,On-site / Hybrid,80%,Not Specified,"AWS, Kubernetes, CI/CD, Terraform, Linux",Country_Resumes/Hemachandiran_Giri_CV_MALAYSIA.docx,No,,https://www.indeed.com/viewjob?jk=eb1eaa80c06a8838,"MetLife Solutions Pte Ltd
Kuala Lumpur",1
Senior AWS Platform Engineer,Orsted,"Orsted
Kuala Lumpur",Malaysia,🇲🇾,2,Cloud Engineer,2026-08-15,2026-08-15,Indeed-Browser,No,On-site / Hybrid,90%,Not Specified,AWS,Country_Resumes/Hemachandiran_Giri_CV_MALAYSIA.docx,No,,https://www.indeed.com/viewjob?jk=18845149e11e511a,"Orsted
Kuala Lumpur",1
Cloud Architect,Radii Global Sdn Bhd,"Radii Global Sdn Bhd
Bangsar South",Malaysia,🇲🇾,2,Cloud Engineer,2026-08-15,2026-08-15,Indeed-Browser,No,On-site / Hybrid,90%,Not Specified,"AWS, Kubernetes, CI/CD, Terraform, Linux",Country_Resumes/Hemachandiran_Giri_CV_MALAYSIA.docx,No,,https://www.indeed.com/viewjob?jk=f46165d6f853627d,"Radii Global Sdn Bhd
Bangsar South",2
"Production Engineer (On-site, Night Shift required)",TRIIIO Recruitment,"TRIIIO Recruitment
Kuala Lumpur",Malaysia,🇲🇾,2,Site Reliability Engineer,2026-08-15,2026-08-15,Indeed-Browser,No,On-site / Hybrid,80%,Not Specified,"AWS, Kubernetes, CI/CD, Terraform, Linux",Country_Resumes/Hemachandiran_Giri_CV_MALAYSIA.docx,No,,https://www.indeed.com/viewjob?jk=ca1928f3a2434318,"TRIIIO Recruitment
Kuala Lumpur",1
"Lead Engineer, Backend",Xplor,"Xplor
Kuala Lumpur",Malaysia,🇲🇾,2,Platform Engineer,2026-08-15,2026-08-15,Indeed-Browser,No,On-site / Hybrid,80%,Not Specified,"AWS, Kubernetes, CI/CD, Terraform, Linux",Country_Resumes/Hemachandiran_Giri_CV_MALAYSIA.docx,No,,https://www.indeed.com/viewjob?jk=7adec0458196548b,"Xplor
Kuala Lumpur",1
Staff/Lead Platform/DevOps Engineer,Mimica (United Kingdom),"London, England",United Kingdom,🇬🇧,1,DevOps Engineer,2026-08-16,2026-08-16,Glassdoor-Browser,No,On-site / Hybrid,90%,Not Specified,"AWS, Kubernetes, CI/CD, Terraform, Linux",Country_Resumes/Hemachandiran_Giri_CV_UNITED_KINGDOM.docx,No,,https://www.glassdoor.com/job-listing/?jl=1010195309573,London,21
Senior DevOps / Platform Engineer (Google Cloud),Datatonic,"London, England",United Kingdom,🇬🇧,1,DevOps Engineer,2026-08-16,2026-08-16,Glassdoor-Browser,No,On-site / Hybrid,90%,Not Specified,"AWS, Kubernetes, CI/CD, Terraform, Linux",Country_Resumes/Hemachandiran_Giri_CV_UNITED_KINGDOM.docx,No,,https://www.glassdoor.com/job-listing/?jl=1010189252029,London,21
Cloud DevOps Engineer,Accenture,"Birmingham, England",United Kingdom,🇬🇧,1,DevOps Engineer,2026-08-16,2026-08-16,Glassdoor-Browser,No,On-site / Hybrid,90%,Not Specified,"AWS, Kubernetes, CI/CD, Terraform, Linux",Country_Resumes/Hemachandiran_Giri_CV_UNITED_KINGDOM.docx,No,,https://www.glassdoor.com/job-listing/?jl=1010211329234,Birmingham,1
Senior Cloud Site Reliability Engineer,NiCE,"London, England",United Kingdom,🇬🇧,1,Cloud Engineer,2026-08-16,2026-08-16,Glassdoor-Browser,No,On-site / Hybrid,90%,Not Specified,"AWS, Kubernetes, CI/CD, Terraform, Linux",Country_Resumes/Hemachandiran_Giri_CV_UNITED_KINGDOM.docx,No,,https://www.glassdoor.com/job-listing/?jl=1010214575976,London,21
Staff Site Reliability Engineer - 26248,Enverus,Remote,Canada,🇨🇦,1,DevOps Engineer,2026-08-16,2026-08-16,Glassdoor-Browser,No,Remote,90%,Not Specified,"AWS, Kubernetes, CI/CD, Terraform, Linux",Country_Resumes/Hemachandiran_Giri_CV_CANADA.docx,No,,https://www.glassdoor.com/job-listing/?jl=1010200979148,Unknown,16
Senior Site Reliability Engineer,Develocity,Vancouver,Canada,🇨🇦,1,Site Reliability Engineer,2026-08-16,2026-08-16,Glassdoor-Browser,No,On-site / Hybrid,90%,Not Specified,"AWS, Kubernetes, CI/CD, Terraform, Linux",Country_Resumes/Hemachandiran_Giri_CV_CANADA.docx,No,,https://www.glassdoor.com/job-listing/?jl=1010216132827,Vancouver,3
Sr. Cloud Platform Engineer,HOOPP,Toronto,Canada,🇨🇦,1,Platform Engineer,2026-08-16,2026-08-16,Glassdoor-Browser,No,On-site / Hybrid,90%,Not Specified,"AWS, Kubernetes, CI/CD, Terraform, Linux",Country_Resumes/Hemachandiran_Giri_CV_CANADA.docx,No,,https://www.glassdoor.com/job-listing/?jl=1010227442680,Toronto,16
Lead Site Reliability Engineer,RBC,Toronto,Canada,🇨🇦,1,Platform Engineer,2026-08-16,2026-08-16,Glassdoor-Browser,No,On-site / Hybrid,90%,Not Specified,"AWS, Kubernetes, CI/CD, Terraform, Linux",Country_Resumes/Hemachandiran_Giri_CV_CANADA.docx,No,,https://www.glassdoor.com/job-listing/?jl=1010225096442,Toronto,16
DevOps Engineer,PBT Group,Cape Town,Saudi Arabia,🇸🇦,1,DevOps Engineer,2026-08-16,2026-08-16,Glassdoor-Browser,No,On-site / Hybrid,90%,Not Specified,"AWS, Kubernetes, CI/CD, Terraform, Linux",Country_Resumes/Hemachandiran_Giri_CV_SAUDI_ARABIA.docx,No,,https://www.glassdoor.com/job-listing/?jl=1010205778534,Cape Town,5
Senior AI Platform Engineer (Cloud),Absa,Sandton,Saudi Arabia,🇸🇦,1,Cloud Engineer,2026-08-16,2026-08-16,Glassdoor-Browser,No,On-site / Hybrid,90%,Not Specified,"AWS, Kubernetes, CI/CD, Terraform, Linux",Country_Resumes/Hemachandiran_Giri_CV_SAUDI_ARABIA.docx,No,,https://www.glassdoor.com/job-listing/?jl=1010227371284,Sandton,3
DevOps Engineer / Site Reliability Engineer (SRE),Itility,Eindhoven,Netherlands,🇳🇱,1,DevOps Engineer,2026-08-16,2026-08-16,Glassdoor-Browser,No,On-site / Hybrid,90%,Not Specified,"AWS, Kubernetes, CI/CD, Terraform, Linux",Country_Resumes/Hemachandiran_Giri_CV_NETHERLANDS.docx,No,,https://www.glassdoor.com/job-listing/?jl=1009863295170,Eindhoven,2
"DevOps Engineer Expert, Amsterdam (on-site) – International Client",The Whiteam,Amsterdam,Netherlands,🇳🇱,1,DevOps Engineer,2026-08-16,2026-08-16,Glassdoor-Browser,No,On-site / Hybrid,90%,Not Specified,"AWS, Kubernetes, CI/CD, Terraform, Linux",Country_Resumes/Hemachandiran_Giri_CV_NETHERLANDS.docx,No,,https://www.glassdoor.com/job-listing/?jl=1010212344214,Amsterdam,8
DevOps Engineer - SIP Core (Voice Platform),Swisscom,Rotterdam,Netherlands,🇳🇱,1,DevOps Engineer,2026-08-16,2026-08-16,Glassdoor-Browser,No,On-site / Hybrid,90%,Not Specified,"AWS, Kubernetes, CI/CD, Terraform, Linux",Country_Resumes/Hemachandiran_Giri_CV_NETHERLANDS.docx,No,,https://www.glassdoor.com/job-listing/?jl=1010164485567,Rotterdam,3
Staff Site Reliability Engineer — AI Platform,Manychat,Netherlands,Netherlands,🇳🇱,1,Cloud Engineer,2026-08-16,2026-08-16,Glassdoor-Browser,No,On-site / Hybrid,90%,Not Specified,"AWS, Kubernetes, CI/CD, Terraform, Linux",Country_Resumes/Hemachandiran_Giri_CV_NETHERLANDS.docx,No,,https://www.glassdoor.com/job-listing/?jl=1010229371419,Netherlands,4
Software Engineer II (Site Reliability Engineer),Warner Bros. Discovery,Amsterdam,Netherlands,🇳🇱,1,Cloud Engineer,2026-08-16,2026-08-16,Glassdoor-Browser,No,On-site / Hybrid,90%,Not Specified,"AWS, Kubernetes, CI/CD, Terraform, Linux",Country_Resumes/Hemachandiran_Giri_CV_NETHERLANDS.docx,No,,https://www.glassdoor.com/job-listing/?jl=1010178727562,Amsterdam,8
Cloud DevOps Engineer,Maastricht University,Maastricht,Netherlands,🇳🇱,1,Platform Engineer,2026-08-16,2026-08-16,Glassdoor-Browser,No,On-site / Hybrid,90%,Not Specified,"AWS, Kubernetes, CI/CD, Terraform, Linux",Country_Resumes/Hemachandiran_Giri_CV_NETHERLANDS.docx,No,,https://www.glassdoor.com/job-listing/?jl=1010213335769,Maastricht,1
Medior Devops/platform Engineer AWS,Good Company (Netherlands),Nieuwegein,Netherlands,🇳🇱,1,Platform Engineer,2026-08-16,2026-08-16,Glassdoor-Browser,No,On-site / Hybrid,90%,Not Specified,AWS,Country_Resumes/Hemachandiran_Giri_CV_NETHERLANDS.docx,No,,https://www.glassdoor.com/job-listing/?jl=1009614860233,Nieuwegein,4
DevOps Engineer,Logica-IT,Southern,Ireland,🇮🇪,1,DevOps Engineer,2026-08-16,2026-08-16,Glassdoor-Browser,No,On-site / Hybrid,90%,Not Specified,"AWS, Kubernetes, CI/CD, Terraform, Linux",Country_Resumes/Hemachandiran_Giri_CV_IRELAND.docx,No,,https://www.glassdoor.com/job-listing/?jl=1010213533565,Southern,2
Junior DevOps & Observability Engineer,Elad Software Systems,Israel,Ireland,🇮🇪,1,DevOps Engineer,2026-08-16,2026-08-16,Glassdoor-Browser,No,On-site / Hybrid,90%,Not Specified,"AWS, Kubernetes, CI/CD, Terraform, Linux",Country_Resumes/Hemachandiran_Giri_CV_IRELAND.docx,No,,https://www.glassdoor.com/job-listing/?jl=1010218362372,Israel,40
Senior ML Platform Engineer,Elad Software Systems,Central,Ireland,🇮🇪,1,DevOps Engineer,2026-08-16,2026-08-16,Glassdoor-Browser,No,On-site / Hybrid,90%,Not Specified,"AWS, Kubernetes, CI/CD, Terraform, Linux",Country_Resumes/Hemachandiran_Giri_CV_IRELAND.docx,No,,https://www.glassdoor.com/job-listing/?jl=1010222209723,Central,2
Senior DevOps / Platform Engineer,Maof HR,Southern,Ireland,🇮🇪,1,Cloud Engineer,2026-08-16,2026-08-16,Glassdoor-Browser,No,On-site / Hybrid,90%,Not Specified,"AWS, Kubernetes, CI/CD, Terraform, Linux",Country_Resumes/Hemachandiran_Giri_CV_IRELAND.docx,No,,https://www.glassdoor.com/job-listing/?jl=1010226555916,Southern,2
Cloud DevOps Engineer (Azure),TECTU,Israel,Ireland,🇮🇪,1,Cloud Engineer,2026-08-16,2026-08-16,Glassdoor-Browser,No,On-site / Hybrid,90%,Not Specified,Azure,Country_Resumes/Hemachandiran_Giri_CV_IRELAND.docx,No,,https://www.glassdoor.com/job-listing/?jl=1010021390865,Israel,40
DevOps Engineer,Wiz Co,Israel,Ireland,🇮🇪,1,Cloud Engineer,2026-08-16,2026-08-16,Glassdoor-Browser,No,On-site / Hybrid,90%,Not Specified,"AWS, Kubernetes, CI/CD, Terraform, Linux",Country_Resumes/Hemachandiran_Giri_CV_IRELAND.docx,No,,https://www.glassdoor.com/job-listing/?jl=1009928519579,Israel,40
Senior DevOps Engineer,Logikfabriken,Linköping,Sweden,🇸🇪,1,DevOps Engineer,2026-08-16,2026-08-16,Glassdoor-Browser,No,On-site / Hybrid,90%,Not Specified,"AWS, Kubernetes, CI/CD, Terraform, Linux",Country_Resumes/Hemachandiran_Giri_CV_SWEDEN.docx,No,,https://www.glassdoor.com/job-listing/?jl=1010109806714,Linköping,2
Junior Infrastructure Platform Engineer,Försvarsmakten,Enköping,Sweden,🇸🇪,1,Platform Engineer,2026-08-16,2026-08-16,Glassdoor-Browser,No,On-site / Hybrid,90%,Not Specified,"AWS, Kubernetes, CI/CD, Terraform, Linux",Country_Resumes/Hemachandiran_Giri_CV_SWEDEN.docx,No,,https://www.glassdoor.com/job-listing/?jl=1010218603179,Enköping,2
Senior Platform Engineer,Svenska Handelsbanken,Stockholm,Sweden,🇸🇪,1,Platform Engineer,2026-08-16,2026-08-16,Glassdoor-Browser,No,On-site / Hybrid,90%,Not Specified,"AWS, Kubernetes, CI/CD, Terraform, Linux",Country_Resumes/Hemachandiran_Giri_CV_SWEDEN.docx,No,,https://www.glassdoor.com/job-listing/?jl=1010168573537,Stockholm,15
DevOps Engineer,Meta Bytes,Laholm,Sweden,🇸🇪,1,Platform Engineer,2026-08-16,2026-08-16,Glassdoor-Browser,No,On-site / Hybrid,90%,Not Specified,"AWS, Kubernetes, CI/CD, Terraform, Linux",Country_Resumes/Hemachandiran_Giri_CV_SWEDEN.docx,No,,https://www.glassdoor.com/job-listing/?jl=1010229472205,Laholm,2
Senior Data Engineer,itm8,Viby,Denmark,🇩🇰,1,DevOps Engineer,2026-08-16,2026-08-16,Glassdoor-Browser,No,On-site / Hybrid,80%,Not Specified,"AWS, Kubernetes, CI/CD, Terraform, Linux",Country_Resumes/Hemachandiran_Giri_CV_DENMARK.docx,No,,https://www.glassdoor.com/job-listing/?jl=1010224810919,Viby,1
Senior Backend Developer,MINDWEISS,Aarhus,Denmark,🇩🇰,1,DevOps Engineer,2026-08-16,2026-08-16,Glassdoor-Browser,No,On-site / Hybrid,80%,Not Specified,"AWS, Kubernetes, CI/CD, Terraform, Linux",Country_Resumes/Hemachandiran_Giri_CV_DENMARK.docx,No,,https://www.glassdoor.com/job-listing/?jl=1010223380164,Aarhus,6
Fullstack Software Engineer – Kommende Projekter,Etteplan Oyj,Herlev,Denmark,🇩🇰,1,Cloud Engineer,2026-08-16,2026-08-16,Glassdoor-Browser,No,On-site / Hybrid,80%,Not Specified,"AWS, Kubernetes, CI/CD, Terraform, Linux",Country_Resumes/Hemachandiran_Giri_CV_DENMARK.docx,No,,https://www.glassdoor.com/job-listing/?jl=1010179405567,Herlev,2
Data Engineer,Knowit,Aarhus,Denmark,🇩🇰,1,Cloud Engineer,2026-08-16,2026-08-16,Glassdoor-Browser,No,On-site / Hybrid,80%,Not Specified,"AWS, Kubernetes, CI/CD, Terraform, Linux",Country_Resumes/Hemachandiran_Giri_CV_DENMARK.docx,No,,https://www.glassdoor.com/job-listing/?jl=1010229564829,Aarhus,6
DevOps Engineer,Steel Dynamics,"Fort Wayne, IN",Australia,🇦🇺,1,DevOps Engineer,2026-08-16,2026-08-16,Glassdoor-Browser,No,On-site / Hybrid,90%,Not Specified,"AWS, Kubernetes, CI/CD, Terraform, Linux",Country_Resumes/Hemachandiran_Giri_CV_AUSTRALIA.docx,No,,https://www.glassdoor.com/job-listing/?jl=1010060531251,Fort Wayne,6
Cloud Integration Engineer - PE,Whitestack,Surco,Oman,🇴🇲,2,DevOps Engineer,2026-08-16,2026-08-16,Glassdoor-Browser,No,On-site / Hybrid,90%,Not Specified,"AWS, Kubernetes, CI/CD, Terraform, Linux",Country_Resumes/Hemachandiran_Giri_CV_OMAN.docx,No,,https://www.glassdoor.com/job-listing/?jl=1010061564093,Surco,2
VLSI ENGINEER L3,Wipro,Peru,Oman,🇴🇲,2,Platform Engineer,2026-08-16,2026-08-16,Glassdoor-Browser,No,On-site / Hybrid,80%,Not Specified,"AWS, Kubernetes, CI/CD, Terraform, Linux",Country_Resumes/Hemachandiran_Giri_CV_OMAN.docx,No,,https://www.glassdoor.com/job-listing/?jl=1010211924669,Peru,5
Azure Cloud Architecture,Kyndryl,Lima,Oman,🇴🇲,2,Platform Engineer,2026-08-16,2026-08-16,Glassdoor-Browser,No,On-site / Hybrid,90%,Not Specified,Azure,Country_Resumes/Hemachandiran_Giri_CV_OMAN.docx,No,,https://www.glassdoor.com/job-listing/?jl=1010205106695,Lima,11
Staff Site Reliability Engineer,SentinelOne,Prague,France,🇫🇷,2,Cloud Engineer,2026-08-16,2026-08-16,Glassdoor-Browser,No,On-site / Hybrid,90%,Not Specified,"AWS, Kubernetes, CI/CD, Terraform, Linux",Country_Resumes/Hemachandiran_Giri_CV_FRANCE.docx,No,,https://www.glassdoor.com/job-listing/?jl=1010222336078,Prague,34
Senior Azure Cloud DevOps Engineer,EPAM Systems,Czech Republic,France,🇫🇷,2,Cloud Engineer,2026-08-16,2026-08-16,Glassdoor-Browser,No,On-site / Hybrid,90%,Not Specified,Azure,Country_Resumes/Hemachandiran_Giri_CV_FRANCE.docx,No,,https://www.glassdoor.com/job-listing/?jl=1010229331078,Czech Republic,5
FRONTEND DEVELOPER - PLZEŇ,Apollo Data Technologies,Plzeň,France,🇫🇷,2,Site Reliability Engineer,2026-08-16,2026-08-16,Glassdoor-Browser,No,On-site / Hybrid,80%,Not Specified,"AWS, Kubernetes, CI/CD, Terraform, Linux",Country_Resumes/Hemachandiran_Giri_CV_FRANCE.docx,No,,https://www.glassdoor.com/job-listing/?jl=1009648966722,Plzeň,1
.NET developer,GEM SYSTEM,Prague,France,🇫🇷,2,Site Reliability Engineer,2026-08-16,2026-08-16,Glassdoor-Browser,No,On-site / Hybrid,80%,Not Specified,"AWS, Kubernetes, CI/CD, Terraform, Linux",Country_Resumes/Hemachandiran_Giri_CV_FRANCE.docx,No,,https://www.glassdoor.com/job-listing/?jl=1006078060053,Prague,34
ASP .Net developer,Icontio,Czech Republic,France,🇫🇷,2,Site Reliability Engineer,2026-08-16,2026-08-16,Glassdoor-Browser,No,On-site / Hybrid,80%,Not Specified,"AWS, Kubernetes, CI/CD, Terraform, Linux",Country_Resumes/Hemachandiran_Giri_CV_FRANCE.docx,No,,https://www.glassdoor.com/job-listing/?jl=1008403137689,Czech Republic,5
Security Engineer,NTT DATA,Prague,France,🇫🇷,2,Platform Engineer,2026-08-16,2026-08-16,Glassdoor-Browser,No,On-site / Hybrid,80%,Not Specified,"AWS, Kubernetes, CI/CD, Terraform, Linux",Country_Resumes/Hemachandiran_Giri_CV_FRANCE.docx,No,,https://www.glassdoor.com/job-listing/?jl=1010220784850,Prague,34
Infrastructure Engineer /Linux Administrátor (OSVČ),Busy Technology s.r.o.,Prague,France,🇫🇷,2,Platform Engineer,2026-08-16,2026-08-16,Glassdoor-Browser,No,On-site / Hybrid,95%,Not Specified,Linux,Country_Resumes/Hemachandiran_Giri_CV_FRANCE.docx,No,,https://www.glassdoor.com/job-listing/?jl=1010218035082,Prague,34
DevSecOps Engineer,CACI International,"King of Prussia, PA",Austria,🇦🇹,2,DevOps Engineer,2026-08-16,2026-08-16,Glassdoor-Browser,No,On-site / Hybrid,80%,Not Specified,"AWS, Kubernetes, CI/CD, Terraform, Linux",Country_Resumes/Hemachandiran_Giri_CV_AUSTRIA.docx,No,,https://www.glassdoor.com/job-listing/?jl=1010230835261,King of Prussia,9
Associate DevOps SRE - Warehouse Automation,OPEX Corporation,"Moorestown, NJ",Austria,🇦🇹,2,DevOps Engineer,2026-08-16,2026-08-16,Glassdoor-Browser,No,On-site / Hybrid,90%,Not Specified,"AWS, Kubernetes, CI/CD, Terraform, Linux",Country_Resumes/Hemachandiran_Giri_CV_AUSTRIA.docx,No,,https://www.glassdoor.com/job-listing/?jl=1010202976899,Moorestown,1
Google Cloud (AGBG) Sales Architect,Accenture,"Philadelphia, PA",Austria,🇦🇹,2,Cloud Engineer,2026-08-16,2026-08-16,Glassdoor-Browser,No,On-site / Hybrid,90%,Not Specified,"AWS, Kubernetes, CI/CD, Terraform, Linux",Country_Resumes/Hemachandiran_Giri_CV_AUSTRIA.docx,No,,https://www.glassdoor.com/job-listing/?jl=1010066306685,Philadelphia,54
AI - Cybersecurity Forward Deployed Engineer - FDE Senior Manager,Accenture,"Philadelphia, PA",Austria,🇦🇹,2,Cloud Engineer,2026-08-16,2026-08-16,Glassdoor-Browser,No,On-site / Hybrid,80%,Not Specified,"AWS, Kubernetes, CI/CD, Terraform, Linux",Country_Resumes/Hemachandiran_Giri_CV_AUSTRIA.docx,No,,https://www.glassdoor.com/job-listing/?jl=1010183291576,Philadelphia,54
Salesforce Data Cloud & AI Architect Senior Manager,Accenture,"Philadelphia, PA",Austria,🇦🇹,2,Cloud Engineer,2026-08-16,2026-08-16,Glassdoor-Browser,No,On-site / Hybrid,90%,Not Specified,"AWS, Kubernetes, CI/CD, Terraform, Linux",Country_Resumes/Hemachandiran_Giri_CV_AUSTRIA.docx,No,,https://www.glassdoor.com/job-listing/?jl=1010188669662,Philadelphia,54
"Sr. Technical Infrastructure Program Manager, Data Center Planning & Delivery",Amazon,"Fairless Hills, PA",Austria,🇦🇹,2,Platform Engineer,2026-08-16,2026-08-16,Glassdoor-Browser,No,On-site / Hybrid,90%,Not Specified,"AWS, Kubernetes, CI/CD, Terraform, Linux",Country_Resumes/Hemachandiran_Giri_CV_AUSTRIA.docx,No,,https://www.glassdoor.com/job-listing/?jl=1010207847731,Fairless Hills,6
"Controls Engineer, Deployment, Data Center Capacity Delivery",Amazon,"Fairless Hills, PA",Austria,🇦🇹,2,Platform Engineer,2026-08-16,2026-08-16,Glassdoor-Browser,No,On-site / Hybrid,80%,Not Specified,"AWS, Kubernetes, CI/CD, Terraform, Linux",Country_Resumes/Hemachandiran_Giri_CV_AUSTRIA.docx,No,,https://www.glassdoor.com/job-listing/?jl=1010203431475,Fairless Hills,6
Logistics Manager,Amazon,"Fairless Hills, PA",Austria,🇦🇹,2,Platform Engineer,2026-08-16,2026-08-16,Glassdoor-Browser,No,On-site / Hybrid,80%,Not Specified,"AWS, Kubernetes, CI/CD, Terraform, Linux",Country_Resumes/Hemachandiran_Giri_CV_AUSTRIA.docx,No,,https://www.glassdoor.com/job-listing/?jl=1010230209958,Fairless Hills,6
"Supply Chain and Engineering– Software Defined Vehicle (SDV) Go-To-Market, Senior Manager / Associate Director",Accenture,"Philadelphia, PA",Austria,🇦🇹,2,Platform Engineer,2026-08-16,2026-08-16,Glassdoor-Browser,No,On-site / Hybrid,80%,Not Specified,"AWS, Kubernetes, CI/CD, Terraform, Linux",Country_Resumes/Hemachandiran_Giri_CV_AUSTRIA.docx,No,,https://www.glassdoor.com/job-listing/?jl=1010230931061,Philadelphia,54
"Senior Software Engineer, Infrastructure Platform",Genius Sports Group,"Genius Sports Group
Hybrid work in London",United Kingdom,🇬🇧,1,DevOps Engineer,2026-08-16,2026-08-16,Indeed-Browser,No,On-site / Hybrid,90%,Not Specified,"AWS, Kubernetes, CI/CD, Terraform, Linux",Country_Resumes/Hemachandiran_Giri_CV_UNITED_KINGDOM.docx,No,,https://www.indeed.com/viewjob?jk=0ccd0e0292bc4894,"Genius Sports Group
Hybrid work in London",1
Senior Cloud Engineer - Azure DevOps,UBDS Group,"UBDS Group
Hybrid work in Manchester",United Kingdom,🇬🇧,1,DevOps Engineer,2026-08-16,2026-08-16,Indeed-Browser,No,On-site / Hybrid,90%,Not Specified,Azure,Country_Resumes/Hemachandiran_Giri_CV_UNITED_KINGDOM.docx,No,,https://www.indeed.com/viewjob?jk=91a125cf84cbeeb9,"UBDS Group
Hybrid work in Manchester",1
Digital Test Specialist,OrganOx,"OrganOx
Oxford OX4 2BW",United Kingdom,🇬🇧,1,DevOps Engineer,2026-08-16,2026-08-16,Indeed-Browser,No,On-site / Hybrid,80%,Not Specified,"AWS, Kubernetes, CI/CD, Terraform, Linux",Country_Resumes/Hemachandiran_Giri_CV_UNITED_KINGDOM.docx,No,,https://www.indeed.com/viewjob?jk=cbf643dca33111f4,"OrganOx
Oxford OX4 2BW",1
Senior Developer - Azure Applications,UBDS Group,"UBDS Group
Hybrid work in London",United Kingdom,🇬🇧,1,DevOps Engineer,2026-08-16,2026-08-16,Indeed-Browser,No,On-site / Hybrid,80%,Not Specified,Azure,Country_Resumes/Hemachandiran_Giri_CV_UNITED_KINGDOM.docx,No,,https://www.indeed.com/viewjob?jk=8e2b51b0a7c2948b,"UBDS Group
Hybrid work in London",2
Sr. SDET Engineer (Playwright / RestAssured / FTE / Onsite),NTT Ltd,"NTT Ltd
Halifax, NS",Canada,🇨🇦,1,DevOps Engineer,2026-08-16,2026-08-16,Indeed-Browser,No,On-site / Hybrid,80%,Not Specified,"AWS, Kubernetes, CI/CD, Terraform, Linux",Country_Resumes/Hemachandiran_Giri_CV_CANADA.docx,No,,https://www.indeed.com/viewjob?jk=ec0cac9ca3c9565f,"NTT Ltd
Halifax",1
Software Development Intern,The Lincoln Electric Company,"The Lincoln Electric Company
Hamilton, ON L9H 7L8",Canada,🇨🇦,1,DevOps Engineer,2026-08-16,2026-08-16,Indeed-Browser,No,On-site / Hybrid,80%,Not Specified,"AWS, Kubernetes, CI/CD, Terraform, Linux",Country_Resumes/Hemachandiran_Giri_CV_CANADA.docx,No,,https://www.indeed.com/viewjob?jk=d36035467d4b45c7,"The Lincoln Electric Company
Hamilton",1
Java Developer,Ardor Digital Inc,"Ardor Digital Inc
Mississauga Valley, ON",Canada,🇨🇦,1,DevOps Engineer,2026-08-16,2026-08-16,Indeed-Browser,No,On-site / Hybrid,80%,Not Specified,"AWS, Kubernetes, CI/CD, Terraform, Linux",Country_Resumes/Hemachandiran_Giri_CV_CANADA.docx,No,,https://www.indeed.com/viewjob?jk=96b92d4de654b6d0,"Ardor Digital Inc
Mississauga Valley",2
iOS Developer,Ardor Digital Inc,"Ardor Digital Inc
Mississauga Valley, ON",Canada,🇨🇦,1,DevOps Engineer,2026-08-16,2026-08-16,Indeed-Browser,No,On-site / Hybrid,80%,Not Specified,"AWS, Kubernetes, CI/CD, Terraform, Linux",Country_Resumes/Hemachandiran_Giri_CV_CANADA.docx,No,,https://www.indeed.com/viewjob?jk=2949d1cbce187c36,"Ardor Digital Inc
Mississauga Valley",2
Engineering Manager,Royal Bank of Canada,"Royal Bank of Canada
Toronto, ON M9W 0A4",Canada,🇨🇦,1,Platform Engineer,2026-08-16,2026-08-16,Indeed-Browser,No,On-site / Hybrid,80%,Not Specified,"AWS, Kubernetes, CI/CD, Terraform, Linux",Country_Resumes/Hemachandiran_Giri_CV_CANADA.docx,No,,https://www.indeed.com/viewjob?jk=1bba530ce51fc9a9,"Royal Bank of Canada
Toronto",3
"Leader, Solutions Engineer",Cisco Systems,"Cisco Systems
Dubai",United Arab Emirates,🇦🇪,1,DevOps Engineer,2026-08-16,2026-08-16,Indeed-Browser,No,On-site / Hybrid,80%,Not Specified,"AWS, Kubernetes, CI/CD, Terraform, Linux",Country_Resumes/Hemachandiran_Giri_CV_UAE.docx,No,,https://www.indeed.com/viewjob?jk=43ab8630c51dda5c,"Cisco Systems
Dubai",1
Junior Software & Odoo Developer,ITD Innovation Information Technology LLC,"ITD Innovation Information Technology LLC
Dubai",United Arab Emirates,🇦🇪,1,DevOps Engineer,2026-08-16,2026-08-16,Indeed-Browser,No,On-site / Hybrid,80%,Not Specified,"AWS, Kubernetes, CI/CD, Terraform, Linux",Country_Resumes/Hemachandiran_Giri_CV_UAE.docx,No,,https://www.indeed.com/viewjob?jk=3b7560514a9e2f76,"ITD Innovation Information Technology LLC
Dubai",1
Aluminium facade production engineer,Loyal Plus Technical Services,"Loyal Plus Technical Services
Dubai",United Arab Emirates,🇦🇪,1,Site Reliability Engineer,2026-08-16,2026-08-16,Indeed-Browser,No,On-site / Hybrid,80%,Not Specified,"AWS, Kubernetes, CI/CD, Terraform, Linux",Country_Resumes/Hemachandiran_Giri_CV_UAE.docx,No,,https://www.indeed.com/viewjob?jk=5b24b9ff98e1eb79,"Loyal Plus Technical Services
Dubai",1
Junior GoLang Engineer,Arthur Lawrence,"Arthur Lawrence
Riyadh",Saudi Arabia,🇸🇦,1,DevOps Engineer,2026-08-16,2026-08-16,Indeed-Browser,No,On-site / Hybrid,80%,Not Specified,Golang,Country_Resumes/Hemachandiran_Giri_CV_SAUDI_ARABIA.docx,No,,https://www.indeed.com/viewjob?jk=f9bd8c4710abae50,"Arthur Lawrence
Riyadh",2
DevOps Engineer,Arthur Lawrence,"Arthur Lawrence
Riyadh",Saudi Arabia,🇸🇦,1,DevOps Engineer,2026-08-16,2026-08-16,Indeed-Browser,No,On-site / Hybrid,90%,Not Specified,"AWS, Kubernetes, CI/CD, Terraform, Linux",Country_Resumes/Hemachandiran_Giri_CV_SAUDI_ARABIA.docx,No,,https://www.indeed.com/viewjob?jk=fb814458ef2d280d,"Arthur Lawrence
Riyadh",2
Digital Solution Engineer,JODAYN,"JODAYN
Riyadh",Saudi Arabia,🇸🇦,1,DevOps Engineer,2026-08-16,2026-08-16,Indeed-Browser,No,On-site / Hybrid,80%,Not Specified,"AWS, Kubernetes, CI/CD, Terraform, Linux",Country_Resumes/Hemachandiran_Giri_CV_SAUDI_ARABIA.docx,No,,https://www.indeed.com/viewjob?jk=797e5734b9c0c10a,"JODAYN
Riyadh",1
Systems Engineer,ADT Systems International,"ADT Systems International
Riyadh",Saudi Arabia,🇸🇦,1,Cloud Engineer,2026-08-16,2026-08-16,Indeed-Browser,No,On-site / Hybrid,80%,Not Specified,"AWS, Kubernetes, CI/CD, Terraform, Linux",Country_Resumes/Hemachandiran_Giri_CV_SAUDI_ARABIA.docx,No,,https://www.indeed.com/viewjob?jk=897ce73f3b18fcab,"ADT Systems International
Riyadh",1
AI Engineer,InnovationTeam,"InnovationTeam
Riyadh",Saudi Arabia,🇸🇦,1,Cloud Engineer,2026-08-16,2026-08-16,Indeed-Browser,No,On-site / Hybrid,80%,Not Specified,"AWS, Kubernetes, CI/CD, Terraform, Linux",Country_Resumes/Hemachandiran_Giri_CV_SAUDI_ARABIA.docx,No,,https://www.indeed.com/viewjob?jk=26df62921c87a23c,"InnovationTeam
Riyadh",1
Cloud Engineer (Microsoft Cloud),Sirrus | Microsoft Cloud Experts,"Sirrus | Microsoft Cloud Experts
Hybride werken in 2901 Capelle aan den IJssel",Netherlands,🇳🇱,1,Cloud Engineer,2026-08-16,2026-08-16,Indeed-Browser,No,On-site / Hybrid,90%,Not Specified,"AWS, Kubernetes, CI/CD, Terraform, Linux",Country_Resumes/Hemachandiran_Giri_CV_NETHERLANDS.docx,No,,https://www.indeed.com/viewjob?jk=ddc53ef81b4b8203,"Sirrus | Microsoft Cloud Experts
Hybride werken in 2901 Capelle aan den IJssel",1
DevOps Engineer,RPS Soft,"RPS Soft
Sverige",Sweden,🇸🇪,1,DevOps Engineer,2026-08-16,2026-08-16,Indeed-Browser,No,On-site / Hybrid,90%,Not Specified,"AWS, Kubernetes, CI/CD, Terraform, Linux",Country_Resumes/Hemachandiran_Giri_CV_SWEDEN.docx,No,,https://www.indeed.com/viewjob?jk=34e384217b0d5c40,"RPS Soft
Sverige",1
Quantexa Engineer,Infosys,"Infosys
Sydney NSW",Australia,🇦🇺,1,DevOps Engineer,2026-08-16,2026-08-16,Indeed-Browser,No,On-site / Hybrid,80%,Not Specified,"AWS, Kubernetes, CI/CD, Terraform, Linux",Country_Resumes/Hemachandiran_Giri_CV_AUSTRALIA.docx,No,,https://www.indeed.com/viewjob?jk=7c51979a6fb021bb,"Infosys
Sydney NSW",1
Salesforce Technical Architect (Telecom | Communication Cloud / Revenue Cloud),Infosys,"Infosys
Auckland City, Auckland",New Zealand,🇳🇿,1,Cloud Engineer,2026-08-16,2026-08-16,Indeed-Browser,No,On-site / Hybrid,90%,Not Specified,"AWS, Kubernetes, CI/CD, Terraform, Linux",Country_Resumes/Hemachandiran_Giri_CV_NEW_ZEALAND.docx,No,,https://www.indeed.com/viewjob?jk=3b8fd66e5422bcca,"Infosys
Auckland City",1
Senior Technical Success Manager - Enterprise Accounts,Darktrace,"Darktrace
Paris (75)",France,🇫🇷,2,Cloud Engineer,2026-08-16,2026-08-16,Indeed-Browser,No,On-site / Hybrid,80%,Not Specified,"AWS, Kubernetes, CI/CD, Terraform, Linux",Country_Resumes/Hemachandiran_Giri_CV_FRANCE.docx,No,,https://www.indeed.com/viewjob?jk=b1f6e45c93abeb1b,"Darktrace
Paris (75)",1
Product ML Engineer,Photoroom,"Photoroom
Télétravail partiel à Paris (75)",France,🇫🇷,2,Platform Engineer,2026-08-16,2026-08-16,Indeed-Browser,No,On-site / Hybrid,80%,Not Specified,"AWS, Kubernetes, CI/CD, Terraform, Linux",Country_Resumes/Hemachandiran_Giri_CV_FRANCE.docx,No,,https://www.indeed.com/viewjob?jk=154f467acdd1fb9a,"Photoroom
Télétravail partiel à Paris (75)",3
"Staff Product Manager, Agentic & AI Platform",Photoroom,"Photoroom
Télétravail partiel à Paris (75)",France,🇫🇷,2,Platform Engineer,2026-08-16,2026-08-16,Indeed-Browser,No,On-site / Hybrid,90%,Not Specified,"AWS, Kubernetes, CI/CD, Terraform, Linux",Country_Resumes/Hemachandiran_Giri_CV_FRANCE.docx,No,,https://www.indeed.com/viewjob?jk=b42554ecdc4eca7d,"Photoroom
Télétravail partiel à Paris (75)",3
"Product Manager, Editing Foundations",Photoroom,"Photoroom
Télétravail partiel à Paris (75)",France,🇫🇷,2,Platform Engineer,2026-08-16,2026-08-16,Indeed-Browser,No,On-site / Hybrid,80%,Not Specified,"AWS, Kubernetes, CI/CD, Terraform, Linux",Country_Resumes/Hemachandiran_Giri_CV_FRANCE.docx,No,,https://www.indeed.com/viewjob?jk=9860b7d0f5cce2d0,"Photoroom
Télétravail partiel à Paris (75)",3
Solution Engineer - Copilot,Microsoft,"Microsoft
Warszawa, mazowieckie",Poland,🇵🇱,2,Cloud Engineer,2026-08-16,2026-08-16,Indeed-Browser,No,On-site / Hybrid,80%,Not Specified,"AWS, Kubernetes, CI/CD, Terraform, Linux",Country_Resumes/Hemachandiran_Giri_CV_POLAND.docx,No,,https://www.indeed.com/viewjob?jk=3bc275dc7800f0ab,"Microsoft
Warszawa",1
Software System Engineer 1,Dell Technologies,"Dell Technologies
Bukit Mertajam",Malaysia,🇲🇾,2,DevOps Engineer,2026-08-16,2026-08-16,Indeed-Browser,No,On-site / Hybrid,80%,Not Specified,"AWS, Kubernetes, CI/CD, Terraform, Linux",Country_Resumes/Hemachandiran_Giri_CV_MALAYSIA.docx,No,,https://www.indeed.com/viewjob?jk=361181ad5afc1b1e,"Dell Technologies
Bukit Mertajam",1
Production Support Engineer (Preferred Local & Malaysia-based foreign candidates),Vantage IT Services Sdn Bhd,"Vantage IT Services Sdn Bhd
Kuala Lumpur",Malaysia,🇲🇾,2,Site Reliability Engineer,2026-08-16,2026-08-16,Indeed-Browser,No,On-site / Hybrid,80%,Not Specified,"AWS, Kubernetes, CI/CD, Terraform, Linux",Country_Resumes/Hemachandiran_Giri_CV_MALAYSIA.docx,No,,https://www.indeed.com/viewjob?jk=0d3d05116356efab,"Vantage IT Services Sdn Bhd
Kuala Lumpur",1
Engineer – Production,CRAZZ Group,"CRAZZ Group
Senai",Malaysia,🇲🇾,2,Site Reliability Engineer,2026-08-16,2026-08-16,Indeed-Browser,No,On-site / Hybrid,80%,Not Specified,"AWS, Kubernetes, CI/CD, Terraform, Linux",Country_Resumes/Hemachandiran_Giri_CV_MALAYSIA.docx,No,,https://www.indeed.com/viewjob?jk=90de0331bd790d38,"CRAZZ Group
Senai",1
"AWS Cloud Platform Engineer - London, UK",Capgemini,"London, England",United Kingdom,🇬🇧,1,DevOps Engineer,2026-08-19,2026-08-19,Glassdoor-Browser,No,On-site / Hybrid,90%,Not Specified,AWS,Country_Resumes/Hemachandiran_Giri_CV_UNITED_KINGDOM.docx,No,,https://www.glassdoor.com/job-listing/?jl=1010233795140,London,21
Data Platform Infra Site Reliability Engineer,Apple,"London, England",United Kingdom,🇬🇧,1,Cloud Engineer,2026-08-19,2026-08-19,Glassdoor-Browser,No,On-site / Hybrid,90%,Not Specified,"AWS, Kubernetes, CI/CD, Terraform, Linux",Country_Resumes/Hemachandiran_Giri_CV_UNITED_KINGDOM.docx,No,,https://www.glassdoor.com/job-listing/?jl=1010214683641,London,21
"Site Reliability Engineer - Cloud & Platform Engineering, Manulife Bank Technology",Manulife,Canada,Canada,🇨🇦,1,DevOps Engineer,2026-08-19,2026-08-19,Glassdoor-Browser,No,On-site / Hybrid,90%,Not Specified,"AWS, Kubernetes, CI/CD, Terraform, Linux",Country_Resumes/Hemachandiran_Giri_CV_CANADA.docx,No,,https://www.glassdoor.com/job-listing/?jl=1010232362515,Canada,10
"Agentic AI & DevOps Automation Engineer - Robotics Data Platform, Kitchener, ON",Siemens,Canada,Canada,🇨🇦,1,DevOps Engineer,2026-08-19,2026-08-19,Glassdoor-Browser,No,On-site / Hybrid,90%,Not Specified,"AWS, Kubernetes, CI/CD, Terraform, Linux",Country_Resumes/Hemachandiran_Giri_CV_CANADA.docx,No,,https://www.glassdoor.com/job-listing/?jl=1010222739225,Canada,10
Staff/Lead Platform/DevOps Engineer,Mimica (United Kingdom),Toronto,Canada,🇨🇦,1,DevOps Engineer,2026-08-19,2026-08-19,Glassdoor-Browser,No,On-site / Hybrid,90%,Not Specified,"AWS, Kubernetes, CI/CD, Terraform, Linux",Country_Resumes/Hemachandiran_Giri_CV_CANADA.docx,No,,https://www.glassdoor.com/job-listing/?jl=1010195309572,Toronto,16
Senior Site Reliability Engineer,Movable Ink,Toronto,Canada,🇨🇦,1,Site Reliability Engineer,2026-08-19,2026-08-19,Glassdoor-Browser,No,On-site / Hybrid,90%,Not Specified,"AWS, Kubernetes, CI/CD, Terraform, Linux",Country_Resumes/Hemachandiran_Giri_CV_CANADA.docx,No,,https://www.glassdoor.com/job-listing/?jl=1010201083805,Toronto,16
Site Reliability Engineer,RBC,Canada,Canada,🇨🇦,1,Site Reliability Engineer,2026-08-19,2026-08-19,Glassdoor-Browser,No,On-site / Hybrid,90%,Not Specified,"AWS, Kubernetes, CI/CD, Terraform, Linux",Country_Resumes/Hemachandiran_Giri_CV_CANADA.docx,No,,https://www.glassdoor.com/job-listing/?jl=1010233341919,Canada,10
Solution Engineer - Cloud & AI (Azure Platform),Microsoft,Ottawa,Canada,🇨🇦,1,Platform Engineer,2026-08-19,2026-08-19,Glassdoor-Browser,No,On-site / Hybrid,90%,Not Specified,Azure,Country_Resumes/Hemachandiran_Giri_CV_CANADA.docx,No,,https://www.glassdoor.com/job-listing/?jl=1010201800544,Ottawa,2
Senior Platform Engineer (DevOps),Lesaka,Western Cape,Saudi Arabia,🇸🇦,1,DevOps Engineer,2026-08-19,2026-08-19,Glassdoor-Browser,No,On-site / Hybrid,90%,Not Specified,"AWS, Kubernetes, CI/CD, Terraform, Linux",Country_Resumes/Hemachandiran_Giri_CV_SAUDI_ARABIA.docx,No,,https://www.glassdoor.com/job-listing/?jl=1010059471725,Western Cape,1
Site Reliability Engineer (SRE) | Technology,Lesaka,Johannesburg,Saudi Arabia,🇸🇦,1,DevOps Engineer,2026-08-19,2026-08-19,Glassdoor-Browser,No,On-site / Hybrid,90%,Not Specified,"AWS, Kubernetes, CI/CD, Terraform, Linux",Country_Resumes/Hemachandiran_Giri_CV_SAUDI_ARABIA.docx,No,,https://www.glassdoor.com/job-listing/?jl=1010233994789,Johannesburg,10
Google Cloud Platform (GCP) Data Engineer,PBT Group,Johannesburg,Saudi Arabia,🇸🇦,1,Cloud Engineer,2026-08-19,2026-08-19,Glassdoor-Browser,No,On-site / Hybrid,90%,Not Specified,GCP,Country_Resumes/Hemachandiran_Giri_CV_SAUDI_ARABIA.docx,No,,https://www.glassdoor.com/job-listing/?jl=1010205779098,Johannesburg,10
Cloud Engineer,Araxi Formations Langue,South Africa,Saudi Arabia,🇸🇦,1,Cloud Engineer,2026-08-19,2026-08-19,Glassdoor-Browser,No,On-site / Hybrid,90%,Not Specified,"AWS, Kubernetes, CI/CD, Terraform, Linux",Country_Resumes/Hemachandiran_Giri_CV_SAUDI_ARABIA.docx,No,,https://www.glassdoor.com/job-listing/?jl=1010204501646,South Africa,3
DevOps / Site Reliability Engineer,SWYX SOLUTIONS,Almere,Netherlands,🇳🇱,1,DevOps Engineer,2026-08-19,2026-08-19,Glassdoor-Browser,No,On-site / Hybrid,90%,Not Specified,"AWS, Kubernetes, CI/CD, Terraform, Linux",Country_Resumes/Hemachandiran_Giri_CV_NETHERLANDS.docx,No,,https://www.glassdoor.com/job-listing/?jl=1010234786339,Almere,1
Cloud DevOps Engineer,Levy Professionals,Rotterdam,Netherlands,🇳🇱,1,DevOps Engineer,2026-08-19,2026-08-19,Glassdoor-Browser,No,On-site / Hybrid,90%,Not Specified,"AWS, Kubernetes, CI/CD, Terraform, Linux",Country_Resumes/Hemachandiran_Giri_CV_NETHERLANDS.docx,No,,https://www.glassdoor.com/job-listing/?jl=1010234825768,Rotterdam,3
DevOps / Data Engineer – IT Service Management Platform,Levy Professionals,Utrecht,Netherlands,🇳🇱,1,DevOps Engineer,2026-08-19,2026-08-19,Glassdoor-Browser,No,On-site / Hybrid,90%,Not Specified,"AWS, Kubernetes, CI/CD, Terraform, Linux",Country_Resumes/Hemachandiran_Giri_CV_NETHERLANDS.docx,No,,https://www.glassdoor.com/job-listing/?jl=1010234825797,Utrecht,7
Site Reliability Engineer – Cloud Native Platform (OpenShift),KPN,Amersfoort,Netherlands,🇳🇱,1,Cloud Engineer,2026-08-19,2026-08-19,Glassdoor-Browser,No,On-site / Hybrid,90%,Not Specified,"AWS, Kubernetes, CI/CD, Terraform, Linux",Country_Resumes/Hemachandiran_Giri_CV_NETHERLANDS.docx,No,,https://www.glassdoor.com/job-listing/?jl=1010233467457,Amersfoort,2
Senior Site Reliability Engineer / Backline Engineer,Thales,Amsterdam,Netherlands,🇳🇱,1,Site Reliability Engineer,2026-08-19,2026-08-19,Glassdoor-Browser,No,On-site / Hybrid,90%,Not Specified,"AWS, Kubernetes, CI/CD, Terraform, Linux",Country_Resumes/Hemachandiran_Giri_CV_NETHERLANDS.docx,No,,https://www.glassdoor.com/job-listing/?jl=1010176169051,Amsterdam,8
DevOps Engineer,Prologic (Israel),Israel,Ireland,🇮🇪,1,DevOps Engineer,2026-08-19,2026-08-19,Glassdoor-Browser,No,On-site / Hybrid,90%,Not Specified,"AWS, Kubernetes, CI/CD, Terraform, Linux",Country_Resumes/Hemachandiran_Giri_CV_IRELAND.docx,No,,https://www.glassdoor.com/job-listing/?jl=1009584764039,Israel,40
QA Engineer!,Horizon Technologies,Israel,Ireland,🇮🇪,1,DevOps Engineer,2026-08-19,2026-08-19,Glassdoor-Browser,No,On-site / Hybrid,80%,Not Specified,"AWS, Kubernetes, CI/CD, Terraform, Linux",Country_Resumes/Hemachandiran_Giri_CV_IRELAND.docx,No,,https://www.glassdoor.com/job-listing/?jl=1010078808299,Israel,40
מהנדס/ת תשתיות ענן (Azure Cloud Infrastructure Engineer),Yael Group,Israel,Ireland,🇮🇪,1,DevOps Engineer,2026-08-19,2026-08-19,Glassdoor-Browser,No,On-site / Hybrid,90%,Not Specified,Azure,Country_Resumes/Hemachandiran_Giri_CV_IRELAND.docx,No,,https://www.glassdoor.com/job-listing/?jl=1010160399424,Israel,40
!SAP QA Engineer,Horizon Technologies,Israel,Ireland,🇮🇪,1,DevOps Engineer,2026-08-19,2026-08-19,Glassdoor-Browser,No,On-site / Hybrid,80%,Not Specified,"AWS, Kubernetes, CI/CD, Terraform, Linux",Country_Resumes/Hemachandiran_Giri_CV_IRELAND.docx,No,,https://www.glassdoor.com/job-listing/?jl=1010139932924,Israel,40
DevOps Engineer,Allyable,Israel,Ireland,🇮🇪,1,Cloud Engineer,2026-08-19,2026-08-19,Glassdoor-Browser,No,On-site / Hybrid,90%,Not Specified,"AWS, Kubernetes, CI/CD, Terraform, Linux",Country_Resumes/Hemachandiran_Giri_CV_IRELAND.docx,No,,https://www.glassdoor.com/job-listing/?jl=1009779104391,Israel,40
Site Reliability Engineer,Procruitment,Karlstad,Sweden,🇸🇪,1,DevOps Engineer,2026-08-19,2026-08-19,Glassdoor-Browser,No,On-site / Hybrid,90%,Not Specified,"AWS, Kubernetes, CI/CD, Terraform, Linux",Country_Resumes/Hemachandiran_Giri_CV_SWEDEN.docx,No,,https://www.glassdoor.com/job-listing/?jl=1010232475856,Karlstad,1
Data Engineer til Dagrofa IT – vær med til at bygge fremtidens dataplatform,Dagrofa,Zealand,Denmark,🇩🇰,1,DevOps Engineer,2026-08-19,2026-08-19,Glassdoor-Browser,No,On-site / Hybrid,90%,Not Specified,"AWS, Kubernetes, CI/CD, Terraform, Linux",Country_Resumes/Hemachandiran_Giri_CV_DENMARK.docx,No,,https://www.glassdoor.com/job-listing/?jl=1010134379614,Zealand,1
Cloud Engineer / Site Reliability Engineer (SRE),DFDS,Copenhagen,Denmark,🇩🇰,1,Site Reliability Engineer,2026-08-19,2026-08-19,Glassdoor-Browser,No,On-site / Hybrid,90%,Not Specified,"AWS, Kubernetes, CI/CD, Terraform, Linux",Country_Resumes/Hemachandiran_Giri_CV_DENMARK.docx,No,,https://www.glassdoor.com/job-listing/?jl=1010232474565,Copenhagen,19
Senior Process Engineer,Yanfeng,"Bryan, OH",Australia,🇦🇺,1,Cloud Engineer,2026-08-19,2026-08-19,Glassdoor-Browser,No,On-site / Hybrid,80%,Not Specified,"AWS, Kubernetes, CI/CD, Terraform, Linux",Country_Resumes/Hemachandiran_Giri_CV_AUSTRALIA.docx,No,,https://www.glassdoor.com/job-listing/?jl=1010232845513,Bryan,2
SR. TECHNICAL ENGINEER II (Project Engineer),Inteplast Group,"Holiday City, OH",Australia,🇦🇺,1,Cloud Engineer,2026-08-19,2026-08-19,Glassdoor-Browser,No,On-site / Hybrid,80%,Not Specified,"AWS, Kubernetes, CI/CD, Terraform, Linux",Country_Resumes/Hemachandiran_Giri_CV_AUSTRALIA.docx,No,,https://www.glassdoor.com/job-listing/?jl=1010233780885,Holiday City,1
Senior Automation Engineer,Helion Group,"Saint Joe, IN",Australia,🇦🇺,1,Cloud Engineer,2026-08-19,2026-08-19,Glassdoor-Browser,No,On-site / Hybrid,80%,Not Specified,"AWS, Kubernetes, CI/CD, Terraform, Linux",Country_Resumes/Hemachandiran_Giri_CV_AUSTRALIA.docx,No,,https://www.glassdoor.com/job-listing/?jl=1010233614297,Saint Joe,1
"Manufacturing Engineer, Hot Form Press",Multimatic Manufacturing,"Butler, IN",Australia,🇦🇺,1,Site Reliability Engineer,2026-08-19,2026-08-19,Glassdoor-Browser,No,On-site / Hybrid,80%,Not Specified,"AWS, Kubernetes, CI/CD, Terraform, Linux",Country_Resumes/Hemachandiran_Giri_CV_AUSTRALIA.docx,No,,https://www.glassdoor.com/job-listing/?jl=1010199722614,Butler,4
Detailer / Drafter,New Millennium Building Systems,"Fort Wayne, IN",Australia,🇦🇺,1,Platform Engineer,2026-08-19,2026-08-19,Glassdoor-Browser,No,On-site / Hybrid,80%,Not Specified,"AWS, Kubernetes, CI/CD, Terraform, Linux",Country_Resumes/Hemachandiran_Giri_CV_AUSTRALIA.docx,No,,https://www.glassdoor.com/job-listing/?jl=1010155679408,Fort Wayne,6
devOps Engineer (O),OutCode Software,Lima,Oman,🇴🇲,2,DevOps Engineer,2026-08-19,2026-08-19,Glassdoor-Browser,No,On-site / Hybrid,90%,Not Specified,"AWS, Kubernetes, CI/CD, Terraform, Linux",Country_Resumes/Hemachandiran_Giri_CV_OMAN.docx,No,,https://www.glassdoor.com/job-listing/?jl=1009598087747,Lima,11
Cloud Engineer (O),OutCode Software,Lima,Oman,🇴🇲,2,DevOps Engineer,2026-08-19,2026-08-19,Glassdoor-Browser,No,On-site / Hybrid,90%,Not Specified,"AWS, Kubernetes, CI/CD, Terraform, Linux",Country_Resumes/Hemachandiran_Giri_CV_OMAN.docx,No,,https://www.glassdoor.com/job-listing/?jl=1009958487089,Lima,11
ICT – Azure DevOps Engineer Praha/Olomouc,Banka CREDITAS,Prague,France,🇫🇷,2,DevOps Engineer,2026-08-19,2026-08-19,Glassdoor-Browser,No,On-site / Hybrid,90%,Not Specified,Azure,Country_Resumes/Hemachandiran_Giri_CV_FRANCE.docx,No,,https://www.glassdoor.com/job-listing/?jl=1009346700007,Prague,34
Software developer s AI přesahem,NÚKIB,Brno,France,🇫🇷,2,Site Reliability Engineer,2026-08-19,2026-08-19,Glassdoor-Browser,No,On-site / Hybrid,80%,Not Specified,"AWS, Kubernetes, CI/CD, Terraform, Linux",Country_Resumes/Hemachandiran_Giri_CV_FRANCE.docx,No,,https://www.glassdoor.com/job-listing/?jl=1010234745595,Brno,7
Software Engineer - Praetor,Wolters Kluwer,Prague,France,🇫🇷,2,Site Reliability Engineer,2026-08-19,2026-08-19,Glassdoor-Browser,No,On-site / Hybrid,80%,Not Specified,"AWS, Kubernetes, CI/CD, Terraform, Linux",Country_Resumes/Hemachandiran_Giri_CV_FRANCE.docx,No,,https://www.glassdoor.com/job-listing/?jl=1010102975077,Prague,34
QA Engineer,Rouvy,Vimperk,France,🇫🇷,2,Platform Engineer,2026-08-19,2026-08-19,Glassdoor-Browser,No,On-site / Hybrid,80%,Not Specified,"AWS, Kubernetes, CI/CD, Terraform, Linux",Country_Resumes/Hemachandiran_Giri_CV_FRANCE.docx,No,,https://www.glassdoor.com/job-listing/?jl=1010233706538,Vimperk,1
DevOps Engineer with Python/Shell Scripting,Capgemini,"Philadelphia, PA",Austria,🇦🇹,2,DevOps Engineer,2026-08-19,2026-08-19,Glassdoor-Browser,No,On-site / Hybrid,95%,Not Specified,Python,Country_Resumes/Hemachandiran_Giri_CV_AUSTRIA.docx,No,,https://www.glassdoor.com/job-listing/?jl=1010232934272,Philadelphia,54
Google Cloud (AGBG) Sales Engineer,Accenture,"Philadelphia, PA",Austria,🇦🇹,2,Cloud Engineer,2026-08-19,2026-08-19,Glassdoor-Browser,No,On-site / Hybrid,90%,Not Specified,"AWS, Kubernetes, CI/CD, Terraform, Linux",Country_Resumes/Hemachandiran_Giri_CV_AUSTRIA.docx,No,,https://www.glassdoor.com/job-listing/?jl=1010066306973,Philadelphia,54
Site Reliability Engineer III - Machine Learning,JPMorganChase,"Wilmington, DE",Austria,🇦🇹,2,Site Reliability Engineer,2026-08-19,2026-08-19,Glassdoor-Browser,No,On-site / Hybrid,90%,Not Specified,"AWS, Kubernetes, CI/CD, Terraform, Linux",Country_Resumes/Hemachandiran_Giri_CV_AUSTRIA.docx,No,,https://www.glassdoor.com/job-listing/?jl=1010231624233,Wilmington,4
Cloud Site Reliability Engineer (SRE) - Data Management & Analytics Platform,Bloomberg,"Princeton, NJ",Austria,🇦🇹,2,Site Reliability Engineer,2026-08-19,2026-08-19,Glassdoor-Browser,No,On-site / Hybrid,90%,Not Specified,"AWS, Kubernetes, CI/CD, Terraform, Linux",Country_Resumes/Hemachandiran_Giri_CV_AUSTRIA.docx,No,,https://www.glassdoor.com/job-listing/?jl=1010123053807,Princeton,1
Manufacturing Consultant - Life Sciences - Digital CMC / PLM,Accenture,"Philadelphia, PA",Austria,🇦🇹,2,Platform Engineer,2026-08-19,2026-08-19,Glassdoor-Browser,No,On-site / Hybrid,80%,Not Specified,"AWS, Kubernetes, CI/CD, Terraform, Linux",Country_Resumes/Hemachandiran_Giri_CV_AUSTRIA.docx,No,,https://www.glassdoor.com/job-listing/?jl=1010230930898,Philadelphia,54
Adobe Edge Delivery Services Engineer,Accenture,"Philadelphia, PA",Austria,🇦🇹,2,Platform Engineer,2026-08-19,2026-08-19,Glassdoor-Browser,No,On-site / Hybrid,80%,Not Specified,"AWS, Kubernetes, CI/CD, Terraform, Linux",Country_Resumes/Hemachandiran_Giri_CV_AUSTRIA.docx,No,,https://www.glassdoor.com/job-listing/?jl=1010221067307,Philadelphia,54
"Technical Content Developer, Cloud",Accenture,"Philadelphia, PA",Austria,🇦🇹,2,Platform Engineer,2026-08-19,2026-08-19,Glassdoor-Browser,No,On-site / Hybrid,90%,Not Specified,"AWS, Kubernetes, CI/CD, Terraform, Linux",Country_Resumes/Hemachandiran_Giri_CV_AUSTRIA.docx,No,,https://www.glassdoor.com/job-listing/?jl=1010211570944,Philadelphia,54
Supply Chain and Engineering– Greenfield Manufacturing Senior Manager,Accenture,"Philadelphia, PA",Austria,🇦🇹,2,Platform Engineer,2026-08-19,2026-08-19,Glassdoor-Browser,No,On-site / Hybrid,80%,Not Specified,"AWS, Kubernetes, CI/CD, Terraform, Linux",Country_Resumes/Hemachandiran_Giri_CV_AUSTRIA.docx,No,,https://www.glassdoor.com/job-listing/?jl=1010211570776,Philadelphia,54
"Technical Delivery Lead - Infrastructure, Google Cloud",Accenture,"Philadelphia, PA",Austria,🇦🇹,2,Platform Engineer,2026-08-19,2026-08-19,Glassdoor-Browser,No,On-site / Hybrid,90%,Not Specified,"AWS, Kubernetes, CI/CD, Terraform, Linux",Country_Resumes/Hemachandiran_Giri_CV_AUSTRIA.docx,No,,https://www.glassdoor.com/job-listing/?jl=1010200094575,Philadelphia,54
AI Native Transformation Enterprise Consultant,Accenture,"Philadelphia, PA",Austria,🇦🇹,2,Platform Engineer,2026-08-19,2026-08-19,Glassdoor-Browser,No,On-site / Hybrid,80%,Not Specified,"AWS, Kubernetes, CI/CD, Terraform, Linux",Country_Resumes/Hemachandiran_Giri_CV_AUSTRIA.docx,No,,https://www.glassdoor.com/job-listing/?jl=1010108121795,Philadelphia,54
Digital Product Design Manager,Accenture,"Philadelphia, PA",Austria,🇦🇹,2,Platform Engineer,2026-08-19,2026-08-19,Glassdoor-Browser,No,On-site / Hybrid,80%,Not Specified,"AWS, Kubernetes, CI/CD, Terraform, Linux",Country_Resumes/Hemachandiran_Giri_CV_AUSTRIA.docx,No,,https://www.glassdoor.com/job-listing/?jl=1010155237285,Philadelphia,54
ServiceNow Ecosystem Business Development Senior Manager,Accenture,"Philadelphia, PA",Austria,🇦🇹,2,Platform Engineer,2026-08-19,2026-08-19,Glassdoor-Browser,No,On-site / Hybrid,80%,Not Specified,"AWS, Kubernetes, CI/CD, Terraform, Linux",Country_Resumes/Hemachandiran_Giri_CV_AUSTRIA.docx,No,,https://www.glassdoor.com/job-listing/?jl=1010221539453,Philadelphia,54
"AWS Cloud Platform Engineer - London, UK",Capgemini Sogeti,"Capgemini Sogeti
Hybrid work in London",United Kingdom,🇬🇧,1,DevOps Engineer,2026-08-19,2026-08-19,Indeed-Browser,No,On-site / Hybrid,90%,Not Specified,AWS,Country_Resumes/Hemachandiran_Giri_CV_UNITED_KINGDOM.docx,No,,https://www.indeed.com/viewjob?jk=fea23dea4d79b891,"Capgemini Sogeti
Hybrid work in London",2
DevOps Engineer,Zuno Tech Group,"Zuno Tech Group
Hybrid work in London WC1R",United Kingdom,🇬🇧,1,DevOps Engineer,2026-08-19,2026-08-19,Indeed-Browser,No,On-site / Hybrid,90%,Not Specified,"AWS, Kubernetes, CI/CD, Terraform, Linux",Country_Resumes/Hemachandiran_Giri_CV_UNITED_KINGDOM.docx,No,,https://www.indeed.com/viewjob?jk=8bb670ce97f5babd,"Zuno Tech Group
Hybrid work in London WC1R",1
DevOps Engineer,BAE Systems,"BAE Systems
Portsmouth",United Kingdom,🇬🇧,1,DevOps Engineer,2026-08-19,2026-08-19,Indeed-Browser,No,On-site / Hybrid,90%,Not Specified,"AWS, Kubernetes, CI/CD, Terraform, Linux",Country_Resumes/Hemachandiran_Giri_CV_UNITED_KINGDOM.docx,No,,https://www.indeed.com/viewjob?jk=04c874cf09419676,"BAE Systems
Portsmouth",1
Azure Cloud & Infrastructure Engineer,BAE Systems,"BAE Systems
Hybrid work in London",United Kingdom,🇬🇧,1,DevOps Engineer,2026-08-19,2026-08-19,Indeed-Browser,No,On-site / Hybrid,90%,Not Specified,Azure,Country_Resumes/Hemachandiran_Giri_CV_UNITED_KINGDOM.docx,No,,https://www.indeed.com/viewjob?jk=17cc487f1526d23b,"BAE Systems
Hybrid work in London",1
"Outcome Customer Engineer, Google Cloud Platform Delivery",Google,"Google
London",United Kingdom,🇬🇧,1,DevOps Engineer,2026-08-19,2026-08-19,Indeed-Browser,No,On-site / Hybrid,90%,Not Specified,"AWS, Kubernetes, CI/CD, Terraform, Linux",Country_Resumes/Hemachandiran_Giri_CV_UNITED_KINGDOM.docx,No,,https://www.indeed.com/viewjob?jk=ba4807db77b3bcd0,"Google
London",4
Lead DevOps Engineer (12 Month FTC),AND Digital,"AND Digital
Hybrid work in London",United Kingdom,🇬🇧,1,DevOps Engineer,2026-08-19,2026-08-19,Indeed-Browser,No,On-site / Hybrid,90%,Not Specified,"AWS, Kubernetes, CI/CD, Terraform, Linux",Country_Resumes/Hemachandiran_Giri_CV_UNITED_KINGDOM.docx,No,,https://www.indeed.com/viewjob?jk=3d6d14858efeded4,"AND Digital
Hybrid work in London",1
Azure DevOps Engineer,Europa Worldwide Group,"Europa Worldwide Group
Hybrid work in Dartford DA1 5UR",United Kingdom,🇬🇧,1,DevOps Engineer,2026-08-19,2026-08-19,Indeed-Browser,No,On-site / Hybrid,90%,Not Specified,Azure,Country_Resumes/Hemachandiran_Giri_CV_UNITED_KINGDOM.docx,No,,https://www.indeed.com/viewjob?jk=9577f1db1bb4918c,"Europa Worldwide Group
Hybrid work in Dartford DA1 5UR",1
Cloud & Infrastructure Engineer (Graduate Opportunity),CTI Digital,"CTI Digital
Hybrid work in Manchester M2 5QR",United Kingdom,🇬🇧,1,Cloud Engineer,2026-08-19,2026-08-19,Indeed-Browser,No,On-site / Hybrid,90%,Not Specified,"AWS, Kubernetes, CI/CD, Terraform, Linux",Country_Resumes/Hemachandiran_Giri_CV_UNITED_KINGDOM.docx,No,,https://www.indeed.com/viewjob?jk=c5b51fcdbdbe18bb,"CTI Digital
Hybrid work in Manchester M2 5QR",1
Cloud Finops Engineer,GXO Logistics,"GXO Logistics
Northampton NN1",United Kingdom,🇬🇧,1,Cloud Engineer,2026-08-19,2026-08-19,Indeed-Browser,No,On-site / Hybrid,90%,Not Specified,"AWS, Kubernetes, CI/CD, Terraform, Linux",Country_Resumes/Hemachandiran_Giri_CV_UNITED_KINGDOM.docx,No,,https://www.indeed.com/viewjob?jk=d1749664d61d83b4,"GXO Logistics
Northampton NN1",1
Platform Engineering Manager - Design Engineering & Cloud Enablement,Inizio,"Inizio
Manchester",United Kingdom,🇬🇧,1,Cloud Engineer,2026-08-19,2026-08-19,Indeed-Browser,No,On-site / Hybrid,90%,Not Specified,"AWS, Kubernetes, CI/CD, Terraform, Linux",Country_Resumes/Hemachandiran_Giri_CV_UNITED_KINGDOM.docx,No,,https://www.indeed.com/viewjob?jk=ccbb6089b8d8895c,"Inizio
Manchester",1
Lead Azure DevOps Engineer,Department for Work and Pensions,"Department for Work and Pensions
Hybrid work in Manchester",United Kingdom,🇬🇧,1,Cloud Engineer,2026-08-19,2026-08-19,Indeed-Browser,No,On-site / Hybrid,90%,Not Specified,Azure,Country_Resumes/Hemachandiran_Giri_CV_UNITED_KINGDOM.docx,No,,https://www.indeed.com/viewjob?jk=4dbe50b013f8ce45,"Department for Work and Pensions
Hybrid work in Manchester",1
Oracle Site Reliability Engineer,CGI,"CGI
Leatherhead",United Kingdom,🇬🇧,1,Site Reliability Engineer,2026-08-19,2026-08-19,Indeed-Browser,No,On-site / Hybrid,90%,Not Specified,"AWS, Kubernetes, CI/CD, Terraform, Linux",Country_Resumes/Hemachandiran_Giri_CV_UNITED_KINGDOM.docx,No,,https://www.indeed.com/viewjob?jk=6f21cf88d1405a06,"CGI
Leatherhead",1
Site Reliability Engineer,bet365,"bet365
Hybrid work in Manchester M2 1AB",United Kingdom,🇬🇧,1,Site Reliability Engineer,2026-08-19,2026-08-19,Indeed-Browser,No,On-site / Hybrid,90%,Not Specified,"AWS, Kubernetes, CI/CD, Terraform, Linux",Country_Resumes/Hemachandiran_Giri_CV_UNITED_KINGDOM.docx,No,,https://www.indeed.com/viewjob?jk=5d1ac79ea99ea98d,"bet365
Hybrid work in Manchester M2 1AB",2
Site Reliability Engineer,Haven,"Haven
Hemel Hempstead HP2 4YL",United Kingdom,🇬🇧,1,Site Reliability Engineer,2026-08-19,2026-08-19,Indeed-Browser,No,On-site / Hybrid,90%,Not Specified,"AWS, Kubernetes, CI/CD, Terraform, Linux",Country_Resumes/Hemachandiran_Giri_CV_UNITED_KINGDOM.docx,No,,https://www.indeed.com/viewjob?jk=f793bbe463f08be2,"Haven
Hemel Hempstead HP2 4YL",1
Senior DevOps Engineer,Compound,"Compound
London W6 9AR",United Kingdom,🇬🇧,1,Site Reliability Engineer,2026-08-19,2026-08-19,Indeed-Browser,No,On-site / Hybrid,90%,Not Specified,"AWS, Kubernetes, CI/CD, Terraform, Linux",Country_Resumes/Hemachandiran_Giri_CV_UNITED_KINGDOM.docx,No,,https://www.indeed.com/viewjob?jk=cc4ae5ce141525fc,"Compound
London W6 9AR",1
"Software Engineering or SRE, PhD Intern, 2027",Google,"Google
London",United Kingdom,🇬🇧,1,Site Reliability Engineer,2026-08-19,2026-08-19,Indeed-Browser,No,On-site / Hybrid,80%,Not Specified,"AWS, Kubernetes, CI/CD, Terraform, Linux",Country_Resumes/Hemachandiran_Giri_CV_UNITED_KINGDOM.docx,No,,https://www.indeed.com/viewjob?jk=4c5979da187938f4,"Google
London",4
"Staff+ Software Engineer, Platform Connectivity",Anthropic,"Anthropic
Hybrid work in London",United Kingdom,🇬🇧,1,Platform Engineer,2026-08-19,2026-08-19,Indeed-Browser,No,On-site / Hybrid,90%,Not Specified,"AWS, Kubernetes, CI/CD, Terraform, Linux",Country_Resumes/Hemachandiran_Giri_CV_UNITED_KINGDOM.docx,No,,https://www.indeed.com/viewjob?jk=2fbd5157605ee3d1,"Anthropic
Hybrid work in London",2
AWS Platform Engineer (Mid-Level) - UK Security Clearance eligibility required,Appvia,"Appvia
Hybrid work in London",United Kingdom,🇬🇧,1,Platform Engineer,2026-08-19,2026-08-19,Indeed-Browser,No,On-site / Hybrid,90%,Not Specified,AWS,Country_Resumes/Hemachandiran_Giri_CV_UNITED_KINGDOM.docx,No,,https://www.indeed.com/viewjob?jk=0bed469598739b96,"Appvia
Hybrid work in London",1
Cloud/AI Platform Engineer,BMO Financial Group,"BMO Financial Group
Toronto, ON",Canada,🇨🇦,1,DevOps Engineer,2026-08-19,2026-08-19,Indeed-Browser,No,On-site / Hybrid,90%,Not Specified,"AWS, Kubernetes, CI/CD, Terraform, Linux",Country_Resumes/Hemachandiran_Giri_CV_CANADA.docx,No,,https://www.indeed.com/viewjob?jk=7ac28a70d2491069,"BMO Financial Group
Toronto",1
Deployment & DevOps Engineer,Bluewaves Mobility Innovation Inc,"Bluewaves Mobility Innovation Inc
Toronto, ON",Canada,🇨🇦,1,DevOps Engineer,2026-08-19,2026-08-19,Indeed-Browser,No,On-site / Hybrid,90%,Not Specified,"AWS, Kubernetes, CI/CD, Terraform, Linux",Country_Resumes/Hemachandiran_Giri_CV_CANADA.docx,No,,https://www.indeed.com/viewjob?jk=85786eb758e12974,"Bluewaves Mobility Innovation Inc
Toronto",1
DevOps Engineer,CUBE84,"CUBE84
Engineer, BC",Canada,🇨🇦,1,DevOps Engineer,2026-08-19,2026-08-19,Indeed-Browser,No,On-site / Hybrid,90%,Not Specified,"AWS, Kubernetes, CI/CD, Terraform, Linux",Country_Resumes/Hemachandiran_Giri_CV_CANADA.docx,No,,https://www.indeed.com/viewjob?jk=94d24446e38afdd7,"CUBE84
Engineer",1
"Site Reliability Engineer - Cloud & Platform Engineering, Manulife Bank Technology",Manulife,"Manulife
Waterloo, ON",Canada,🇨🇦,1,DevOps Engineer,2026-08-19,2026-08-19,Indeed-Browser,No,On-site / Hybrid,90%,Not Specified,"AWS, Kubernetes, CI/CD, Terraform, Linux",Country_Resumes/Hemachandiran_Giri_CV_CANADA.docx,No,,https://www.indeed.com/viewjob?jk=4ae67d42a81aec58,"Manulife
Waterloo",1
Senior DevOps / Blockchain Infrastructure Engineer - Operate,Deloitte,"Deloitte
Toronto, ON M5H 0A9",Canada,🇨🇦,1,DevOps Engineer,2026-08-19,2026-08-19,Indeed-Browser,No,On-site / Hybrid,90%,Not Specified,"AWS, Kubernetes, CI/CD, Terraform, Linux",Country_Resumes/Hemachandiran_Giri_CV_CANADA.docx,No,,https://www.indeed.com/viewjob?jk=9fea127da99fedaf,"Deloitte
Toronto",1
DevOps Specialist,Solutions Techso,"Solutions Techso
Montréal, QC H2Y 1L5",Canada,🇨🇦,1,DevOps Engineer,2026-08-19,2026-08-19,Indeed-Browser,No,On-site / Hybrid,90%,Not Specified,"AWS, Kubernetes, CI/CD, Terraform, Linux",Country_Resumes/Hemachandiran_Giri_CV_CANADA.docx,No,,https://www.indeed.com/viewjob?jk=3322e811b89c6fa4,"Solutions Techso
Montréal",1
Application Reliability Engineer,Innodata Inc.,"Innodata Inc.
Toronto, ON",Canada,🇨🇦,1,DevOps Engineer,2026-08-19,2026-08-19,Indeed-Browser,No,On-site / Hybrid,90%,Not Specified,"AWS, Kubernetes, CI/CD, Terraform, Linux",Country_Resumes/Hemachandiran_Giri_CV_CANADA.docx,No,,https://www.indeed.com/viewjob?jk=f232b7b27ab94057,"Innodata Inc.
Toronto",3
AI/ML Ops Engineer,Blackpoint Cyber,"Blackpoint Cyber
Canada",Canada,🇨🇦,1,DevOps Engineer,2026-08-19,2026-08-19,Indeed-Browser,No,On-site / Hybrid,80%,Not Specified,"AWS, Kubernetes, CI/CD, Terraform, Linux",Country_Resumes/Hemachandiran_Giri_CV_CANADA.docx,No,,https://www.indeed.com/viewjob?jk=96efd60e535ffc62,"Blackpoint Cyber
Canada",1
Senior Platform Engineer (Agent Gateway),Intellias,"Intellias
Canada",Canada,🇨🇦,1,DevOps Engineer,2026-08-19,2026-08-19,Indeed-Browser,No,On-site / Hybrid,90%,Not Specified,"AWS, Kubernetes, CI/CD, Terraform, Linux",Country_Resumes/Hemachandiran_Giri_CV_CANADA.docx,No,,https://www.indeed.com/viewjob?jk=6017b52a62a35c5c,"Intellias
Canada",1
Cloud AI Engineer,Noise,"Noise
Vancouver, BC",Canada,🇨🇦,1,Cloud Engineer,2026-08-19,2026-08-19,Indeed-Browser,No,On-site / Hybrid,90%,Not Specified,"AWS, Kubernetes, CI/CD, Terraform, Linux",Country_Resumes/Hemachandiran_Giri_CV_CANADA.docx,No,,https://www.indeed.com/viewjob?jk=c015b50818c4f45b,"Noise
Vancouver",1
"Software Engineer, Data Infrastructure & Acquisition - Ottawa, Canada",Speechify,"Speechify
Ottawa, ON",Canada,🇨🇦,1,Cloud Engineer,2026-08-19,2026-08-19,Indeed-Browser,No,On-site / Hybrid,90%,Not Specified,"AWS, Kubernetes, CI/CD, Terraform, Linux",Country_Resumes/Hemachandiran_Giri_CV_CANADA.docx,No,,https://www.indeed.com/viewjob?jk=9bbfe8922cf48e2b,"Speechify
Ottawa",1
"Cloud Platforms and Infrastructure Engineer, Google Cloud",Google,"Google
Toronto, ON M5H 2G4",Canada,🇨🇦,1,Cloud Engineer,2026-08-19,2026-08-19,Indeed-Browser,No,On-site / Hybrid,90%,Not Specified,"AWS, Kubernetes, CI/CD, Terraform, Linux",Country_Resumes/Hemachandiran_Giri_CV_CANADA.docx,No,,https://www.indeed.com/viewjob?jk=2f7bb24ed68a6981,"Google
Toronto",1
Senior Cloud Engineer - Google Cloud Advisory - Firebase,BDO,"BDO
Toronto, ON",Canada,🇨🇦,1,Cloud Engineer,2026-08-19,2026-08-19,Indeed-Browser,No,On-site / Hybrid,90%,Not Specified,"AWS, Kubernetes, CI/CD, Terraform, Linux",Country_Resumes/Hemachandiran_Giri_CV_CANADA.docx,No,,https://www.indeed.com/viewjob?jk=b5f20415f7fcbe2c,"BDO
Toronto",1
Reliability Engineer,Kinross Gold Corporation,"Kinross Gold Corporation
Toronto, ON",Canada,🇨🇦,1,Site Reliability Engineer,2026-08-19,2026-08-19,Indeed-Browser,No,On-site / Hybrid,90%,Not Specified,"AWS, Kubernetes, CI/CD, Terraform, Linux",Country_Resumes/Hemachandiran_Giri_CV_CANADA.docx,No,,https://www.indeed.com/viewjob?jk=0346f46cec485c52,"Kinross Gold Corporation
Toronto",1
"Consultant, Site Reliability Engineering(SRE)",CIBC,"CIBC
Toronto, ON",Canada,🇨🇦,1,Site Reliability Engineer,2026-08-19,2026-08-19,Indeed-Browser,No,On-site / Hybrid,90%,Not Specified,"AWS, Kubernetes, CI/CD, Terraform, Linux",Country_Resumes/Hemachandiran_Giri_CV_CANADA.docx,No,,https://www.indeed.com/viewjob?jk=04ace7238a51623b,"CIBC
Toronto",1
Staff Site Reliability Engineer,Caseware,"Caseware
Toronto, ON",Canada,🇨🇦,1,Site Reliability Engineer,2026-08-19,2026-08-19,Indeed-Browser,No,On-site / Hybrid,90%,Not Specified,"AWS, Kubernetes, CI/CD, Terraform, Linux",Country_Resumes/Hemachandiran_Giri_CV_CANADA.docx,No,,https://www.indeed.com/viewjob?jk=d817add919b58b21,"Caseware
Toronto",1
Customer Reliability Engineer,Carbon60,"Carbon60
Toronto, ON",Canada,🇨🇦,1,Site Reliability Engineer,2026-08-19,2026-08-19,Indeed-Browser,No,On-site / Hybrid,90%,Not Specified,"AWS, Kubernetes, CI/CD, Terraform, Linux",Country_Resumes/Hemachandiran_Giri_CV_CANADA.docx,No,,https://www.indeed.com/viewjob?jk=230736d2a55dbdbc,"Carbon60
Toronto",1
"Senior Software Developer, Site Reliability",Google,"Google
Waterloo, ON",Canada,🇨🇦,1,Site Reliability Engineer,2026-08-19,2026-08-19,Indeed-Browser,No,On-site / Hybrid,90%,Not Specified,"AWS, Kubernetes, CI/CD, Terraform, Linux",Country_Resumes/Hemachandiran_Giri_CV_CANADA.docx,No,,https://www.indeed.com/viewjob?jk=361b12a820a57f46,"Google
Waterloo",1
"Senior Director, Site Reliability Engineering",Loblaw Companies Limited,"Loblaw Companies Limited
Brampton, ON",Canada,🇨🇦,1,Site Reliability Engineer,2026-08-19,2026-08-19,Indeed-Browser,No,On-site / Hybrid,90%,Not Specified,"AWS, Kubernetes, CI/CD, Terraform, Linux",Country_Resumes/Hemachandiran_Giri_CV_CANADA.docx,No,,https://www.indeed.com/viewjob?jk=a28f469494e23b8e,"Loblaw Companies Limited
Brampton",1
Data Platform Engineer (GCP),Innodata Inc.,"Innodata Inc.
Toronto, ON",Canada,🇨🇦,1,Platform Engineer,2026-08-19,2026-08-19,Indeed-Browser,No,On-site / Hybrid,90%,Not Specified,GCP,Country_Resumes/Hemachandiran_Giri_CV_CANADA.docx,No,,https://www.indeed.com/viewjob?jk=42f5062a2bd53675,"Innodata Inc.
Toronto",3
Platform Engineer,Fleetworthy,"Fleetworthy
Edmonton, AB",Canada,🇨🇦,1,Platform Engineer,2026-08-19,2026-08-19,Indeed-Browser,No,On-site / Hybrid,90%,Not Specified,"AWS, Kubernetes, CI/CD, Terraform, Linux",Country_Resumes/Hemachandiran_Giri_CV_CANADA.docx,No,,https://www.indeed.com/viewjob?jk=c691ddc57622a049,"Fleetworthy
Edmonton",1
"Software Engineer, Platform - Waterloo, Canada",Speechify,"Speechify
Waterloo, ON",Canada,🇨🇦,1,Platform Engineer,2026-08-19,2026-08-19,Indeed-Browser,No,On-site / Hybrid,90%,Not Specified,"AWS, Kubernetes, CI/CD, Terraform, Linux",Country_Resumes/Hemachandiran_Giri_CV_CANADA.docx,No,,https://www.indeed.com/viewjob?jk=157a9bee8c7605e5,"Speechify
Waterloo",1
Platform Engineer,Private AI,"Private AI
Toronto, ON M5T 2C2",Canada,🇨🇦,1,Platform Engineer,2026-08-19,2026-08-19,Indeed-Browser,No,On-site / Hybrid,90%,Not Specified,"AWS, Kubernetes, CI/CD, Terraform, Linux",Country_Resumes/Hemachandiran_Giri_CV_CANADA.docx,No,,https://www.indeed.com/viewjob?jk=504fd59df9289b70,"Private AI
Toronto",1
Lead Quality Assurance Engineer,The Emirates Group,"The Emirates Group
Dubai",United Arab Emirates,🇦🇪,1,DevOps Engineer,2026-08-19,2026-08-19,Indeed-Browser,No,On-site / Hybrid,80%,Not Specified,"AWS, Kubernetes, CI/CD, Terraform, Linux",Country_Resumes/Hemachandiran_Giri_CV_UAE.docx,No,,https://www.indeed.com/viewjob?jk=56678518e924190c,"The Emirates Group
Dubai",3
Software Engineer – QA,D4 Insight,"D4 Insight
Dubai",United Arab Emirates,🇦🇪,1,DevOps Engineer,2026-08-19,2026-08-19,Indeed-Browser,No,On-site / Hybrid,80%,Not Specified,"AWS, Kubernetes, CI/CD, Terraform, Linux",Country_Resumes/Hemachandiran_Giri_CV_UAE.docx,No,,https://www.indeed.com/viewjob?jk=73c28791c72afbda,"D4 Insight
Dubai",3
Software Engineer – Backend (Java / Spring Boot),D4 Insight,"D4 Insight
Dubai",United Arab Emirates,🇦🇪,1,DevOps Engineer,2026-08-19,2026-08-19,Indeed-Browser,No,On-site / Hybrid,80%,Not Specified,"AWS, Kubernetes, CI/CD, Terraform, Linux",Country_Resumes/Hemachandiran_Giri_CV_UAE.docx,No,,https://www.indeed.com/viewjob?jk=f239e604e003b610,"D4 Insight
Dubai",3
Software Engineer – DevOps,D4 Insight,"D4 Insight
Dubai",United Arab Emirates,🇦🇪,1,DevOps Engineer,2026-08-19,2026-08-19,Indeed-Browser,No,On-site / Hybrid,90%,Not Specified,"AWS, Kubernetes, CI/CD, Terraform, Linux",Country_Resumes/Hemachandiran_Giri_CV_UAE.docx,No,,https://www.indeed.com/viewjob?jk=6681211b37ee5b68,"D4 Insight
Dubai",3
Site Reliability Engineer,Deeplight,"Deeplight
Abu Dhabi",United Arab Emirates,🇦🇪,1,DevOps Engineer,2026-08-19,2026-08-19,Indeed-Browser,No,On-site / Hybrid,90%,Not Specified,"AWS, Kubernetes, CI/CD, Terraform, Linux",Country_Resumes/Hemachandiran_Giri_CV_UAE.docx,No,,https://www.indeed.com/viewjob?jk=1daf8df45e2db048,"Deeplight
Abu Dhabi",1
Software Engineer – Quality Analyst,Dicetek LLC,"Dicetek LLC
Dubai",United Arab Emirates,🇦🇪,1,DevOps Engineer,2026-08-19,2026-08-19,Indeed-Browser,No,On-site / Hybrid,80%,Not Specified,"AWS, Kubernetes, CI/CD, Terraform, Linux",Country_Resumes/Hemachandiran_Giri_CV_UAE.docx,No,,https://www.indeed.com/viewjob?jk=0ffcdcb054fb6637,"Dicetek LLC
Dubai",7
Senior Openshift Engineer,Dicetek LLC,"Dicetek LLC
Abu Dhabi",United Arab Emirates,🇦🇪,1,DevOps Engineer,2026-08-19,2026-08-19,Indeed-Browser,No,On-site / Hybrid,80%,Not Specified,"AWS, Kubernetes, CI/CD, Terraform, Linux",Country_Resumes/Hemachandiran_Giri_CV_UAE.docx,No,,https://www.indeed.com/viewjob?jk=eb86b9438589b86f,"Dicetek LLC
Abu Dhabi",5
Software Engineer – (Hybrid Mobile App Developer – Flutter & React),Dicetek LLC,"Dicetek LLC
Dubai",United Arab Emirates,🇦🇪,1,DevOps Engineer,2026-08-19,2026-08-19,Indeed-Browser,No,On-site / Hybrid,80%,Not Specified,"AWS, Kubernetes, CI/CD, Terraform, Linux",Country_Resumes/Hemachandiran_Giri_CV_UAE.docx,No,,https://www.indeed.com/viewjob?jk=7492fad7710fdc4c,"Dicetek LLC
Dubai",7
"Software Engineer – Full Stack Developer ( .NET, Angular and Azure)",Dicetek LLC,"Dicetek LLC
Dubai",United Arab Emirates,🇦🇪,1,DevOps Engineer,2026-08-19,2026-08-19,Indeed-Browser,No,On-site / Hybrid,80%,Not Specified,Azure,Country_Resumes/Hemachandiran_Giri_CV_UAE.docx,No,,https://www.indeed.com/viewjob?jk=b60ef6e9e7bcf7d1,"Dicetek LLC
Dubai",7
Redhat Engineer,VaporVM,"VaporVM
Dubai",United Arab Emirates,🇦🇪,1,DevOps Engineer,2026-08-19,2026-08-19,Indeed-Browser,No,On-site / Hybrid,80%,Not Specified,"AWS, Kubernetes, CI/CD, Terraform, Linux",Country_Resumes/Hemachandiran_Giri_CV_UAE.docx,No,,https://www.indeed.com/viewjob?jk=d25008224c8ced2f,"VaporVM
Dubai",3
Software Engineer III,SBS,"SBS
Dubai",United Arab Emirates,🇦🇪,1,DevOps Engineer,2026-08-19,2026-08-19,Indeed-Browser,No,On-site / Hybrid,80%,Not Specified,"AWS, Kubernetes, CI/CD, Terraform, Linux",Country_Resumes/Hemachandiran_Giri_CV_UAE.docx,No,,https://www.indeed.com/viewjob?jk=6f747b01532a8392,"SBS
Dubai",1
Associate Manager Data Engineering,AEES Enterprise Services International Sarl Abu...,"AEES Enterprise Services International Sarl Abu...
Abu Dhabi",United Arab Emirates,🇦🇪,1,DevOps Engineer,2026-08-19,2026-08-19,Indeed-Browser,No,On-site / Hybrid,80%,Not Specified,"AWS, Kubernetes, CI/CD, Terraform, Linux",Country_Resumes/Hemachandiran_Giri_CV_UAE.docx,No,,https://www.indeed.com/viewjob?jk=50e63f7b9e00b491,"AEES Enterprise Services International Sarl Abu...
Abu Dhabi",1
Lead Performance Engineer,The Emirates Group,"The Emirates Group
Dubai",United Arab Emirates,🇦🇪,1,DevOps Engineer,2026-08-19,2026-08-19,Indeed-Browser,No,On-site / Hybrid,80%,Not Specified,"AWS, Kubernetes, CI/CD, Terraform, Linux",Country_Resumes/Hemachandiran_Giri_CV_UAE.docx,No,,https://www.indeed.com/viewjob?jk=59ddd421a274247b,"The Emirates Group
Dubai",3
DevOps Architect,DigitalQatalyst For Information Technology...,"DigitalQatalyst For Information Technology...
Dubai",United Arab Emirates,🇦🇪,1,DevOps Engineer,2026-08-19,2026-08-19,Indeed-Browser,No,On-site / Hybrid,90%,Not Specified,"AWS, Kubernetes, CI/CD, Terraform, Linux",Country_Resumes/Hemachandiran_Giri_CV_UAE.docx,No,,https://www.indeed.com/viewjob?jk=5918e135de34bc94,"DigitalQatalyst For Information Technology...
Dubai",1
Network Security Engineer-Banking,Dicetek LLC,"Dicetek LLC
Abu Dhabi",United Arab Emirates,🇦🇪,1,Cloud Engineer,2026-08-19,2026-08-19,Indeed-Browser,No,On-site / Hybrid,80%,Not Specified,"AWS, Kubernetes, CI/CD, Terraform, Linux",Country_Resumes/Hemachandiran_Giri_CV_UAE.docx,No,,https://www.indeed.com/viewjob?jk=d1b8e39f7842e089,"Dicetek LLC
Abu Dhabi",5
Cyber Security Engineer 2,VaporVM,"VaporVM
Dubai",United Arab Emirates,🇦🇪,1,Cloud Engineer,2026-08-19,2026-08-19,Indeed-Browser,No,On-site / Hybrid,80%,Not Specified,"AWS, Kubernetes, CI/CD, Terraform, Linux",Country_Resumes/Hemachandiran_Giri_CV_UAE.docx,No,,https://www.indeed.com/viewjob?jk=b8e0de5c55bb1d1c,"VaporVM
Dubai",3
AI Automation & Integration Engineer,CBOX Containers Group,"CBOX Containers Group
Dubai",United Arab Emirates,🇦🇪,1,Cloud Engineer,2026-08-19,2026-08-19,Indeed-Browser,No,On-site / Hybrid,80%,Not Specified,"AWS, Kubernetes, CI/CD, Terraform, Linux",Country_Resumes/Hemachandiran_Giri_CV_UAE.docx,No,,https://www.indeed.com/viewjob?jk=7ec072cc3e675125,"CBOX Containers Group
Dubai",2
Agentic AI Solutions Engineer - Banking,VAM Systems,"VAM Systems
Abu Dhabi",United Arab Emirates,🇦🇪,1,Cloud Engineer,2026-08-19,2026-08-19,Indeed-Browser,No,On-site / Hybrid,80%,Not Specified,"AWS, Kubernetes, CI/CD, Terraform, Linux",Country_Resumes/Hemachandiran_Giri_CV_UAE.docx,No,,https://www.indeed.com/viewjob?jk=eabcb3901eed2d62,"VAM Systems
Abu Dhabi",2
Senior LLM / Generative AI Engineer,INFRA ASSURE,"INFRA ASSURE
Dubai",United Arab Emirates,🇦🇪,1,Cloud Engineer,2026-08-19,2026-08-19,Indeed-Browser,No,On-site / Hybrid,80%,Not Specified,"AWS, Kubernetes, CI/CD, Terraform, Linux",Country_Resumes/Hemachandiran_Giri_CV_UAE.docx,No,,https://www.indeed.com/viewjob?jk=6d19536978d587a9,"INFRA ASSURE
Dubai",1
Production Engineer - Cosmetic Insudtry Exp,Oscar Lubricants,"Oscar Lubricants
Ajman",United Arab Emirates,🇦🇪,1,Site Reliability Engineer,2026-08-19,2026-08-19,Indeed-Browser,No,On-site / Hybrid,80%,Not Specified,"AWS, Kubernetes, CI/CD, Terraform, Linux",Country_Resumes/Hemachandiran_Giri_CV_UAE.docx,No,,https://www.indeed.com/viewjob?jk=1a60c25b945327d7,"Oscar Lubricants
Ajman",1
Production Engineer,Mirodec Gulf,"Mirodec Gulf
Dubai",United Arab Emirates,🇦🇪,1,Site Reliability Engineer,2026-08-19,2026-08-19,Indeed-Browser,No,On-site / Hybrid,80%,Not Specified,"AWS, Kubernetes, CI/CD, Terraform, Linux",Country_Resumes/Hemachandiran_Giri_CV_UAE.docx,No,,https://www.indeed.com/viewjob?jk=4a26e743e17f6d95,"Mirodec Gulf
Dubai",2
Mechanical Production Engineer,LUCKY FABRICATORS STEEL CONSTRUCTION FZE LLC,"LUCKY FABRICATORS STEEL CONSTRUCTION FZE LLC
Sharjah",United Arab Emirates,🇦🇪,1,Site Reliability Engineer,2026-08-19,2026-08-19,Indeed-Browser,No,On-site / Hybrid,80%,Not Specified,"AWS, Kubernetes, CI/CD, Terraform, Linux",Country_Resumes/Hemachandiran_Giri_CV_UAE.docx,No,,https://www.indeed.com/viewjob?jk=c304ab4be4c8435a,"LUCKY FABRICATORS STEEL CONSTRUCTION FZE LLC
Sharjah",1
Sr. DevOps Engineer - (OpenShift & Kubernetes),GSSTech Group,"GSSTech Group
Dubai",United Arab Emirates,🇦🇪,1,Site Reliability Engineer,2026-08-19,2026-08-19,Indeed-Browser,No,On-site / Hybrid,90%,Not Specified,Kubernetes,Country_Resumes/Hemachandiran_Giri_CV_UAE.docx,No,,https://www.indeed.com/viewjob?jk=699e2c86ba17740c,"GSSTech Group
Dubai",5
Animal Production Engineer,Al Dhaheri Capital Investment Group,"Al Dhaheri Capital Investment Group
Remote",United Arab Emirates,🇦🇪,1,Site Reliability Engineer,2026-08-19,2026-08-19,Indeed-Browser,No,Remote,80%,Not Specified,"AWS, Kubernetes, CI/CD, Terraform, Linux",Country_Resumes/Hemachandiran_Giri_CV_UAE.docx,No,,https://www.indeed.com/viewjob?jk=b6a353d001e425f5,"Al Dhaheri Capital Investment Group
Remote",1
Production Engineer (Structural),McDermott,"McDermott
Dubai",United Arab Emirates,🇦🇪,1,Site Reliability Engineer,2026-08-19,2026-08-19,Indeed-Browser,No,On-site / Hybrid,80%,Not Specified,"AWS, Kubernetes, CI/CD, Terraform, Linux",Country_Resumes/Hemachandiran_Giri_CV_UAE.docx,No,,https://www.indeed.com/viewjob?jk=cdae17edfec20a36,"McDermott
Dubai",1
Technical Engineer – Infrastructure,Tatweer For Employment,"Tatweer For Employment
Dubai",United Arab Emirates,🇦🇪,1,Platform Engineer,2026-08-19,2026-08-19,Indeed-Browser,No,On-site / Hybrid,90%,Not Specified,"AWS, Kubernetes, CI/CD, Terraform, Linux",Country_Resumes/Hemachandiran_Giri_CV_UAE.docx,No,,https://www.indeed.com/viewjob?jk=e3f8c17ce5efab59,"Tatweer For Employment
Dubai",2
Site Engineer – Infrastructure,Tatweer For Employment,"Tatweer For Employment
Dubai",United Arab Emirates,🇦🇪,1,Platform Engineer,2026-08-19,2026-08-19,Indeed-Browser,No,On-site / Hybrid,90%,Not Specified,"AWS, Kubernetes, CI/CD, Terraform, Linux",Country_Resumes/Hemachandiran_Giri_CV_UAE.docx,No,,https://www.indeed.com/viewjob?jk=dde670f0f4b36010,"Tatweer For Employment
Dubai",2
Procurement Engineer (EPC/Infrastructure),Lindenberg Emirates,"Lindenberg Emirates
Abu Dhabi",United Arab Emirates,🇦🇪,1,Platform Engineer,2026-08-19,2026-08-19,Indeed-Browser,No,On-site / Hybrid,90%,Not Specified,"AWS, Kubernetes, CI/CD, Terraform, Linux",Country_Resumes/Hemachandiran_Giri_CV_UAE.docx,No,,https://www.indeed.com/viewjob?jk=d18119028e995c33,"Lindenberg Emirates
Abu Dhabi",1
Infrastructure Design Engineer,consultant chss,"consultant chss
Abu Dhabi",United Arab Emirates,🇦🇪,1,Platform Engineer,2026-08-19,2026-08-19,Indeed-Browser,No,On-site / Hybrid,90%,Not Specified,"AWS, Kubernetes, CI/CD, Terraform, Linux",Country_Resumes/Hemachandiran_Giri_CV_UAE.docx,No,,https://www.indeed.com/viewjob?jk=ce4e2aaa39501eaf,"consultant chss
Abu Dhabi",1
Estimation Engineer (Roads & Infrastructure / Civil Contracting),Links Consultants,"Links Consultants
Dubai",United Arab Emirates,🇦🇪,1,Platform Engineer,2026-08-19,2026-08-19,Indeed-Browser,No,On-site / Hybrid,90%,Not Specified,"AWS, Kubernetes, CI/CD, Terraform, Linux",Country_Resumes/Hemachandiran_Giri_CV_UAE.docx,No,,https://www.indeed.com/viewjob?jk=bfc99921eb86ebbf,"Links Consultants
Dubai",1
Civil Design Engineer – Power & Infrastructure Projects,PowerChina JIANGXI ELECTRIC POWER CONSTRUCTION CO...,"PowerChina JIANGXI ELECTRIC POWER CONSTRUCTION CO...
Dubai",United Arab Emirates,🇦🇪,1,Platform Engineer,2026-08-19,2026-08-19,Indeed-Browser,No,On-site / Hybrid,90%,Not Specified,"AWS, Kubernetes, CI/CD, Terraform, Linux",Country_Resumes/Hemachandiran_Giri_CV_UAE.docx,No,,https://www.indeed.com/viewjob?jk=9467725b24313c69,"PowerChina JIANGXI ELECTRIC POWER CONSTRUCTION CO...
Dubai",1
Digital Platforms & Applications Specialist,CBOX Containers Group,"CBOX Containers Group
Dubai",United Arab Emirates,🇦🇪,1,Platform Engineer,2026-08-19,2026-08-19,Indeed-Browser,No,On-site / Hybrid,90%,Not Specified,"AWS, Kubernetes, CI/CD, Terraform, Linux",Country_Resumes/Hemachandiran_Giri_CV_UAE.docx,No,,https://www.indeed.com/viewjob?jk=a167a736eb3a4abd,"CBOX Containers Group
Dubai",2
Product & Infrastructure Security Engineer,"Ultahost, inc","Ultahost, inc
Dubai",United Arab Emirates,🇦🇪,1,Platform Engineer,2026-08-19,2026-08-19,Indeed-Browser,No,On-site / Hybrid,90%,Not Specified,"AWS, Kubernetes, CI/CD, Terraform, Linux",Country_Resumes/Hemachandiran_Giri_CV_UAE.docx,No,,https://www.indeed.com/viewjob?jk=5c609d77fe98d188,Ultahost,1
Site engineer - Road Infrastructure,Middle East Survey Engineering,"Middle East Survey Engineering
Dubai",United Arab Emirates,🇦🇪,1,Platform Engineer,2026-08-19,2026-08-19,Indeed-Browser,No,On-site / Hybrid,90%,Not Specified,"AWS, Kubernetes, CI/CD, Terraform, Linux",Country_Resumes/Hemachandiran_Giri_CV_UAE.docx,No,,https://www.indeed.com/viewjob?jk=d42e04122ffbe143,"Middle East Survey Engineering
Dubai",2
Product Engineering Manager,Yourfolio Digital,"Yourfolio Digital
Riyadh",Saudi Arabia,🇸🇦,1,DevOps Engineer,2026-08-19,2026-08-19,Indeed-Browser,No,On-site / Hybrid,80%,Not Specified,"AWS, Kubernetes, CI/CD, Terraform, Linux",Country_Resumes/Hemachandiran_Giri_CV_SAUDI_ARABIA.docx,No,,https://www.indeed.com/viewjob?jk=da26d3ea0429abbb,"Yourfolio Digital
Riyadh",1
Principal Forward Deployed Engineer (relocation to Spain),"EPAM Systems, Inc.","EPAM Systems, Inc.
Al Khobar",Saudi Arabia,🇸🇦,1,DevOps Engineer,2026-08-19,2026-08-19,Indeed-Browser,No,On-site / Hybrid,85%,Relocation Provided,"AWS, Kubernetes, CI/CD, Terraform, Linux",Country_Resumes/Hemachandiran_Giri_CV_SAUDI_ARABIA.docx,No,,https://www.indeed.com/viewjob?jk=189cbafff0d172df,EPAM Systems,13
Senior OpenStack Engineer,Rackspace,"Rackspace
Saudi Arabia",Saudi Arabia,🇸🇦,1,DevOps Engineer,2026-08-19,2026-08-19,Indeed-Browser,No,On-site / Hybrid,80%,Not Specified,"AWS, Kubernetes, CI/CD, Terraform, Linux",Country_Resumes/Hemachandiran_Giri_CV_SAUDI_ARABIA.docx,No,,https://www.indeed.com/viewjob?jk=5ef564eed8c450a8,"Rackspace
Saudi Arabia",1
DevOps Engineer,Whites Technologies,"Whites Technologies
Mecca",Saudi Arabia,🇸🇦,1,DevOps Engineer,2026-08-19,2026-08-19,Indeed-Browser,No,On-site / Hybrid,90%,Not Specified,"AWS, Kubernetes, CI/CD, Terraform, Linux",Country_Resumes/Hemachandiran_Giri_CV_SAUDI_ARABIA.docx,No,,https://www.indeed.com/viewjob?jk=a43faa837fb7b9af,"Whites Technologies
Mecca",1
SME - Google Cloud Platform (GCP),HCLTech,"HCLTech
Saudi Arabia",Saudi Arabia,🇸🇦,1,Cloud Engineer,2026-08-19,2026-08-19,Indeed-Browser,No,On-site / Hybrid,90%,Not Specified,GCP,Country_Resumes/Hemachandiran_Giri_CV_SAUDI_ARABIA.docx,No,,https://www.indeed.com/viewjob?jk=1d72c381e2dc789c,"HCLTech
Saudi Arabia",1
Enterprise Solutions Architect,Newsoft DZ Systems,"Newsoft DZ Systems
Mecca",Saudi Arabia,🇸🇦,1,Cloud Engineer,2026-08-19,2026-08-19,Indeed-Browser,No,On-site / Hybrid,80%,Not Specified,"AWS, Kubernetes, CI/CD, Terraform, Linux",Country_Resumes/Hemachandiran_Giri_CV_SAUDI_ARABIA.docx,No,,https://www.indeed.com/viewjob?jk=b5146e110d75f285,"Newsoft DZ Systems
Mecca",1
"Global Account Manager, EMEA Energy & Utilities",AWS EMEA SARL (Saudi Arabia Branch),"AWS EMEA SARL (Saudi Arabia Branch)
Riyadh",Saudi Arabia,🇸🇦,1,Cloud Engineer,2026-08-19,2026-08-19,Indeed-Browser,No,On-site / Hybrid,80%,Not Specified,"AWS, Kubernetes, CI/CD, Terraform, Linux",Country_Resumes/Hemachandiran_Giri_CV_SAUDI_ARABIA.docx,No,,https://www.indeed.com/viewjob?jk=a69e8a5d7f678b60,"AWS EMEA SARL (Saudi Arabia Branch)
Riyadh",1
Senior-Cyber Security Engineer,ريناد المجد,"ريناد المجد
Al Bahah",Saudi Arabia,🇸🇦,1,Cloud Engineer,2026-08-19,2026-08-19,Indeed-Browser,No,On-site / Hybrid,80%,Not Specified,"AWS, Kubernetes, CI/CD, Terraform, Linux",Country_Resumes/Hemachandiran_Giri_CV_SAUDI_ARABIA.docx,No,,https://www.indeed.com/viewjob?jk=879f93fe6cd06f10,"ريناد المجد
Al Bahah",1
Cloud Solutions Architect,XDTPL Technologies,"XDTPL Technologies
Riyadh",Saudi Arabia,🇸🇦,1,Cloud Engineer,2026-08-19,2026-08-19,Indeed-Browser,No,On-site / Hybrid,90%,Not Specified,"AWS, Kubernetes, CI/CD, Terraform, Linux",Country_Resumes/Hemachandiran_Giri_CV_SAUDI_ARABIA.docx,No,,https://www.indeed.com/viewjob?jk=6e4f743fec9a1a1a,"XDTPL Technologies
Riyadh",1
"Channel Solution Architect (Remote, SAU)",CrowdStrike,"CrowdStrike
Saudi Arabia",Saudi Arabia,🇸🇦,1,Cloud Engineer,2026-08-19,2026-08-19,Indeed-Browser,No,Remote,80%,Not Specified,"AWS, Kubernetes, CI/CD, Terraform, Linux",Country_Resumes/Hemachandiran_Giri_CV_SAUDI_ARABIA.docx,No,,https://www.indeed.com/viewjob?jk=24bb7996a7b953e7,"CrowdStrike
Saudi Arabia",1
Sr. Discipline Engineer (Infrastructure),JASARA PMC,"JASARA PMC
Riyadh",Saudi Arabia,🇸🇦,1,Platform Engineer,2026-08-19,2026-08-19,Indeed-Browser,No,On-site / Hybrid,90%,Not Specified,"AWS, Kubernetes, CI/CD, Terraform, Linux",Country_Resumes/Hemachandiran_Giri_CV_SAUDI_ARABIA.docx,No,,https://www.indeed.com/viewjob?jk=347375ec30346ab0,"JASARA PMC
Riyadh",1
Utility / Infrastructure Engineer,Parsons,"Parsons
Riyadh",Saudi Arabia,🇸🇦,1,Platform Engineer,2026-08-19,2026-08-19,Indeed-Browser,No,On-site / Hybrid,90%,Not Specified,"AWS, Kubernetes, CI/CD, Terraform, Linux",Country_Resumes/Hemachandiran_Giri_CV_SAUDI_ARABIA.docx,No,,https://www.indeed.com/viewjob?jk=7bbe866fc6368cc6,"Parsons
Riyadh",1
Designated Engineer,Nozomi Networks,"Nozomi Networks
Qatar",Qatar,🇶🇦,1,DevOps Engineer,2026-08-19,2026-08-19,Indeed-Browser,No,On-site / Hybrid,80%,Not Specified,"AWS, Kubernetes, CI/CD, Terraform, Linux",Country_Resumes/Hemachandiran_Giri_CV_QATAR.docx,No,,https://www.indeed.com/viewjob?jk=2bebf817b19f1020,"Nozomi Networks
Qatar",1
Senior Systems Engineer,Candidzone,"Candidzone
Doha",Qatar,🇶🇦,1,DevOps Engineer,2026-08-19,2026-08-19,Indeed-Browser,No,On-site / Hybrid,80%,Not Specified,"AWS, Kubernetes, CI/CD, Terraform, Linux",Country_Resumes/Hemachandiran_Giri_CV_QATAR.docx,No,,https://www.indeed.com/viewjob?jk=1de6748c1e0e3d3b,"Candidzone
Doha",1
IT Engineer,Telephony Communication Technologies LLC,"Telephony Communication Technologies LLC
Doha",Qatar,🇶🇦,1,Cloud Engineer,2026-08-19,2026-08-19,Indeed-Browser,No,On-site / Hybrid,80%,Not Specified,"AWS, Kubernetes, CI/CD, Terraform, Linux",Country_Resumes/Hemachandiran_Giri_CV_QATAR.docx,No,,https://www.indeed.com/viewjob?jk=3fd75383a017c306,"Telephony Communication Technologies LLC
Doha",1
Production Engineer,Etihad Steel Factory,"Etihad Steel Factory
Doha",Qatar,🇶🇦,1,Site Reliability Engineer,2026-08-19,2026-08-19,Indeed-Browser,No,On-site / Hybrid,80%,Not Specified,"AWS, Kubernetes, CI/CD, Terraform, Linux",Country_Resumes/Hemachandiran_Giri_CV_QATAR.docx,No,,https://www.indeed.com/viewjob?jk=41519436ca6eb86b,"Etihad Steel Factory
Doha",1
DevOps / Site Reliability Engineer,Enreach,"Enreach
Hybride werken in Almere",Netherlands,🇳🇱,1,DevOps Engineer,2026-08-19,2026-08-19,Indeed-Browser,No,On-site / Hybrid,90%,Not Specified,"AWS, Kubernetes, CI/CD, Terraform, Linux",Country_Resumes/Hemachandiran_Giri_CV_NETHERLANDS.docx,No,,https://www.indeed.com/viewjob?jk=07c2437a594412d1,"Enreach
Hybride werken in Almere",1
DevOps / Data Engineer – IT Service Management Platform,Levy Professionals,"Levy Professionals
Hybride werken in Utrecht",Netherlands,🇳🇱,1,DevOps Engineer,2026-08-19,2026-08-19,Indeed-Browser,No,On-site / Hybrid,90%,Not Specified,"AWS, Kubernetes, CI/CD, Terraform, Linux",Country_Resumes/Hemachandiran_Giri_CV_NETHERLANDS.docx,No,,https://www.indeed.com/viewjob?jk=4c516581a54ba87b,"Levy Professionals
Hybride werken in Utrecht",1
Cloud DevOps Engineer,Levy Professionals,"Levy Professionals
Rotterdam",Netherlands,🇳🇱,1,DevOps Engineer,2026-08-19,2026-08-19,Indeed-Browser,No,On-site / Hybrid,90%,Not Specified,"AWS, Kubernetes, CI/CD, Terraform, Linux",Country_Resumes/Hemachandiran_Giri_CV_NETHERLANDS.docx,No,,https://www.indeed.com/viewjob?jk=005f7b8bec639009,"Levy Professionals
Rotterdam",1
Cloud DevOps Engineer (AWS) NPO Start (m/v/x),NPO,"NPO
Hybride werken in Hilversum",Netherlands,🇳🇱,1,DevOps Engineer,2026-08-19,2026-08-19,Indeed-Browser,No,On-site / Hybrid,90%,Not Specified,AWS,Country_Resumes/Hemachandiran_Giri_CV_NETHERLANDS.docx,No,,https://www.indeed.com/viewjob?jk=faa9345084c9e272,"NPO
Hybride werken in Hilversum",1
DevOps Engineer,Nedap,"Nedap
Hybride werken in Groenlo",Netherlands,🇳🇱,1,DevOps Engineer,2026-08-19,2026-08-19,Indeed-Browser,No,On-site / Hybrid,90%,Not Specified,"AWS, Kubernetes, CI/CD, Terraform, Linux",Country_Resumes/Hemachandiran_Giri_CV_NETHERLANDS.docx,No,,https://www.indeed.com/viewjob?jk=30dcea1c1c7ebaa7,"Nedap
Hybride werken in Groenlo",1
DevOps Engineer (GitHub),Xebia,"Xebia
Hybride werken in Hilversum",Netherlands,🇳🇱,1,DevOps Engineer,2026-08-19,2026-08-19,Indeed-Browser,No,On-site / Hybrid,90%,Not Specified,"AWS, Kubernetes, CI/CD, Terraform, Linux",Country_Resumes/Hemachandiran_Giri_CV_NETHERLANDS.docx,No,,https://www.indeed.com/viewjob?jk=cedeed9a7b51383f,"Xebia
Hybride werken in Hilversum",1
Microsoft Infrastructure & Cloud Engineer,Exact,"Exact
Utrecht",Netherlands,🇳🇱,1,DevOps Engineer,2026-08-19,2026-08-19,Indeed-Browser,No,On-site / Hybrid,90%,Not Specified,"AWS, Kubernetes, CI/CD, Terraform, Linux",Country_Resumes/Hemachandiran_Giri_CV_NETHERLANDS.docx,No,,https://www.indeed.com/viewjob?jk=41a88ff26921e4af,"Exact
Utrecht",1
Devops test engineer,Belastingdienst,"Belastingdienst
Apeldoorn",Netherlands,🇳🇱,1,DevOps Engineer,2026-08-19,2026-08-19,Indeed-Browser,No,On-site / Hybrid,90%,Not Specified,"AWS, Kubernetes, CI/CD, Terraform, Linux",Country_Resumes/Hemachandiran_Giri_CV_NETHERLANDS.docx,No,,https://www.indeed.com/viewjob?jk=b4b91fb96510e58f,"Belastingdienst
Apeldoorn",1
Site Reliability Engineer – Cloud Native Platform (OpenShift),KPN,"KPN
Hybride werken in 3811 Amersfoort",Netherlands,🇳🇱,1,Cloud Engineer,2026-08-19,2026-08-19,Indeed-Browser,No,On-site / Hybrid,90%,Not Specified,"AWS, Kubernetes, CI/CD, Terraform, Linux",Country_Resumes/Hemachandiran_Giri_CV_NETHERLANDS.docx,No,,https://www.indeed.com/viewjob?jk=e99e7892e92bb6d1,"KPN
Hybride werken in 3811 Amersfoort",1
Cloud Data Engineer,Axians,"Axians
Zaltbommel",Netherlands,🇳🇱,1,Cloud Engineer,2026-08-19,2026-08-19,Indeed-Browser,No,On-site / Hybrid,90%,Not Specified,"AWS, Kubernetes, CI/CD, Terraform, Linux",Country_Resumes/Hemachandiran_Giri_CV_NETHERLANDS.docx,No,,https://www.indeed.com/viewjob?jk=e7c5f0974a2b91bf,"Axians
Zaltbommel",1
Site Reliability Engineer,Info Support,"Info Support
Nederland",Netherlands,🇳🇱,1,Site Reliability Engineer,2026-08-19,2026-08-19,Indeed-Browser,No,On-site / Hybrid,90%,Not Specified,"AWS, Kubernetes, CI/CD, Terraform, Linux",Country_Resumes/Hemachandiran_Giri_CV_NETHERLANDS.docx,No,,https://www.indeed.com/viewjob?jk=a7dab477ee8e5d64,"Info Support
Nederland",2
Reliability Engineer,Kerry,"Kerry
Zwijndrecht",Netherlands,🇳🇱,1,Site Reliability Engineer,2026-08-19,2026-08-19,Indeed-Browser,No,On-site / Hybrid,90%,Not Specified,"AWS, Kubernetes, CI/CD, Terraform, Linux",Country_Resumes/Hemachandiran_Giri_CV_NETHERLANDS.docx,No,,https://www.indeed.com/viewjob?jk=67bb48ccce680b17,"Kerry
Zwijndrecht",1
Senior M365 Platform Engineer,RIVM,"RIVM
Bilthoven",Netherlands,🇳🇱,1,Platform Engineer,2026-08-19,2026-08-19,Indeed-Browser,No,On-site / Hybrid,90%,Not Specified,"AWS, Kubernetes, CI/CD, Terraform, Linux",Country_Resumes/Hemachandiran_Giri_CV_NETHERLANDS.docx,No,,https://www.indeed.com/viewjob?jk=420d0bd4c89279ef,"RIVM
Bilthoven",1
Platform Engineer Managed Services,Info Support,"Info Support
Nederland",Netherlands,🇳🇱,1,Platform Engineer,2026-08-19,2026-08-19,Indeed-Browser,No,On-site / Hybrid,90%,Not Specified,"AWS, Kubernetes, CI/CD, Terraform, Linux",Country_Resumes/Hemachandiran_Giri_CV_NETHERLANDS.docx,No,,https://www.indeed.com/viewjob?jk=950f805006854155,"Info Support
Nederland",2
"Engineering Manager, Site Reliability Engineering, Alphanet SRE",Google,"Google
Dublin, County Dublin",Ireland,🇮🇪,1,DevOps Engineer,2026-08-19,2026-08-19,Indeed-Browser,No,On-site / Hybrid,90%,Not Specified,"AWS, Kubernetes, CI/CD, Terraform, Linux",Country_Resumes/Hemachandiran_Giri_CV_IRELAND.docx,No,,https://www.indeed.com/viewjob?jk=6765b55ab05504b0,"Google
Dublin",2
"Systems Engineer, European Sovereign Cloud",Amazon Development Centre Ireland Limited,"Amazon Development Centre Ireland Limited
Dublin, County Dublin",Ireland,🇮🇪,1,DevOps Engineer,2026-08-19,2026-08-19,Indeed-Browser,No,On-site / Hybrid,90%,Not Specified,"AWS, Kubernetes, CI/CD, Terraform, Linux",Country_Resumes/Hemachandiran_Giri_CV_IRELAND.docx,No,,https://www.indeed.com/viewjob?jk=608610a159611b81,"Amazon Development Centre Ireland Limited
Dublin",1
Senior AI Platform Engineer/AI Architect - Microsoft Technologies (relocation to the Netherlands),"EPAM Systems, Inc.","EPAM Systems, Inc.
Hybrid work in Dublin, County Dublin",Ireland,🇮🇪,1,DevOps Engineer,2026-08-19,2026-08-19,Indeed-Browser,No,On-site / Hybrid,95%,Relocation Provided,"AWS, Kubernetes, CI/CD, Terraform, Linux",Country_Resumes/Hemachandiran_Giri_CV_IRELAND.docx,No,,https://www.indeed.com/viewjob?jk=c7cc47902e655435,EPAM Systems,13
Senior Full Stack Engineer,The Irish Times,"The Irish Times
Hybrid work in Dublin, County Dublin",Ireland,🇮🇪,1,DevOps Engineer,2026-08-19,2026-08-19,Indeed-Browser,No,On-site / Hybrid,80%,Not Specified,"AWS, Kubernetes, CI/CD, Terraform, Linux",Country_Resumes/Hemachandiran_Giri_CV_IRELAND.docx,No,,https://www.indeed.com/viewjob?jk=9fb6faebd8da2a18,"The Irish Times
Hybrid work in Dublin",1
"Full Stack Engineer, Services Technology",Apple,"Apple
Dublin, County Dublin",Ireland,🇮🇪,1,DevOps Engineer,2026-08-19,2026-08-19,Indeed-Browser,No,On-site / Hybrid,80%,Not Specified,"AWS, Kubernetes, CI/CD, Terraform, Linux",Country_Resumes/Hemachandiran_Giri_CV_IRELAND.docx,No,,https://www.indeed.com/viewjob?jk=288f5f392f89c9a8,"Apple
Dublin",1
AI Platform Engineer,Scurri,"Scurri
Hybrid work in Wexford, County Wexford",Ireland,🇮🇪,1,DevOps Engineer,2026-08-19,2026-08-19,Indeed-Browser,No,On-site / Hybrid,90%,Not Specified,"AWS, Kubernetes, CI/CD, Terraform, Linux",Country_Resumes/Hemachandiran_Giri_CV_IRELAND.docx,No,,https://www.indeed.com/viewjob?jk=ee63d2785bf03210,"Scurri
Hybrid work in Wexford",1
Full Stack Software Engineer,eBay Inc.,"eBay Inc.
Dublin, County Dublin",Ireland,🇮🇪,1,DevOps Engineer,2026-08-19,2026-08-19,Indeed-Browser,No,On-site / Hybrid,80%,Not Specified,"AWS, Kubernetes, CI/CD, Terraform, Linux",Country_Resumes/Hemachandiran_Giri_CV_IRELAND.docx,No,,https://www.indeed.com/viewjob?jk=4da537b3fde8e251,"eBay Inc.
Dublin",1
"Senior Manager, Service Reliability and Customer Operations",InterSystems,"InterSystems
Dublin, County Dublin",Ireland,🇮🇪,1,DevOps Engineer,2026-08-19,2026-08-19,Indeed-Browser,No,On-site / Hybrid,90%,Not Specified,"AWS, Kubernetes, CI/CD, Terraform, Linux",Country_Resumes/Hemachandiran_Giri_CV_IRELAND.docx,No,,https://www.indeed.com/viewjob?jk=c46d4c0f0e01507e,"InterSystems
Dublin",2
Senior Software Engineer,InterSystems,"InterSystems
Dublin, County Dublin",Ireland,🇮🇪,1,DevOps Engineer,2026-08-19,2026-08-19,Indeed-Browser,No,On-site / Hybrid,80%,Not Specified,"AWS, Kubernetes, CI/CD, Terraform, Linux",Country_Resumes/Hemachandiran_Giri_CV_IRELAND.docx,No,,https://www.indeed.com/viewjob?jk=8d46c21379f7aa5c,"InterSystems
Dublin",2
Senior AI Architect - Microsoft Technologies (relocation to the Netherlands),"EPAM Systems, Inc.","EPAM Systems, Inc.
Hybrid work in Dublin, County Dublin",Ireland,🇮🇪,1,Cloud Engineer,2026-08-19,2026-08-19,Indeed-Browser,No,On-site / Hybrid,85%,Relocation Provided,"AWS, Kubernetes, CI/CD, Terraform, Linux",Country_Resumes/Hemachandiran_Giri_CV_IRELAND.docx,No,,https://www.indeed.com/viewjob?jk=882accbd01a68b64,EPAM Systems,13
"Software Engineer, Data Infrastructure & Acquisition - Dublin, Ireland",Speechify,"Speechify
Remote in Dublin, County Dublin",Ireland,🇮🇪,1,Cloud Engineer,2026-08-19,2026-08-19,Indeed-Browser,No,Remote,90%,Not Specified,"AWS, Kubernetes, CI/CD, Terraform, Linux",Country_Resumes/Hemachandiran_Giri_CV_IRELAND.docx,No,,https://www.indeed.com/viewjob?jk=778a70422f4a6592,"Speechify
Remote in Dublin",1
Cloud Security Architect,Ekco,"Ekco
Hybrid work in Dublin, County Dublin",Ireland,🇮🇪,1,Cloud Engineer,2026-08-19,2026-08-19,Indeed-Browser,No,On-site / Hybrid,90%,Not Specified,"AWS, Kubernetes, CI/CD, Terraform, Linux",Country_Resumes/Hemachandiran_Giri_CV_IRELAND.docx,No,,https://www.indeed.com/viewjob?jk=76f1e264d2890e86,"Ekco
Hybrid work in Dublin",1
Microsoft Forward Deploy Consultant,Storm Technology Limited,"Storm Technology Limited
Dublin, County Dublin",Ireland,🇮🇪,1,Cloud Engineer,2026-08-19,2026-08-19,Indeed-Browser,No,On-site / Hybrid,80%,Not Specified,"AWS, Kubernetes, CI/CD, Terraform, Linux",Country_Resumes/Hemachandiran_Giri_CV_IRELAND.docx,No,,https://www.indeed.com/viewjob?jk=aa4eb56ac4b7b9ea,"Storm Technology Limited
Dublin",1
Staff Production Engineer,Crusoe,"Crusoe
Dublin, County Dublin",Ireland,🇮🇪,1,Site Reliability Engineer,2026-08-19,2026-08-19,Indeed-Browser,No,On-site / Hybrid,80%,Not Specified,"AWS, Kubernetes, CI/CD, Terraform, Linux",Country_Resumes/Hemachandiran_Giri_CV_IRELAND.docx,No,,https://www.indeed.com/viewjob?jk=d452152461e4e119,"Crusoe
Dublin",1
Senior Executive Engineer (Infrastructure),Local Government Jobs Ireland,"Local Government Jobs Ireland
Cork, County Cork",Ireland,🇮🇪,1,Platform Engineer,2026-08-19,2026-08-19,Indeed-Browser,No,On-site / Hybrid,90%,Not Specified,"AWS, Kubernetes, CI/CD, Terraform, Linux",Country_Resumes/Hemachandiran_Giri_CV_IRELAND.docx,No,,https://www.indeed.com/viewjob?jk=18d62077a554a679,"Local Government Jobs Ireland
Cork",1
"Systems Development Engineer, Edge Infrastructure Operations",Google,"Google
Dublin, County Dublin",Ireland,🇮🇪,1,Platform Engineer,2026-08-19,2026-08-19,Indeed-Browser,No,On-site / Hybrid,90%,Not Specified,"AWS, Kubernetes, CI/CD, Terraform, Linux",Country_Resumes/Hemachandiran_Giri_CV_IRELAND.docx,No,,https://www.indeed.com/viewjob?jk=cbcdb084a2f97108,"Google
Dublin",2
Analytics Engineer,ATEA,"ATEA
Stockholm",Sweden,🇸🇪,1,DevOps Engineer,2026-08-19,2026-08-19,Indeed-Browser,No,On-site / Hybrid,80%,Not Specified,"AWS, Kubernetes, CI/CD, Terraform, Linux",Country_Resumes/Hemachandiran_Giri_CV_SWEDEN.docx,No,,https://www.indeed.com/viewjob?jk=f8731de96e24eda2,"ATEA
Stockholm",1
Full-Stack DevSecOps Engineer,Sigma Technology,"Sigma Technology
Göteborg",Sweden,🇸🇪,1,DevOps Engineer,2026-08-19,2026-08-19,Indeed-Browser,No,On-site / Hybrid,80%,Not Specified,"AWS, Kubernetes, CI/CD, Terraform, Linux",Country_Resumes/Hemachandiran_Giri_CV_SWEDEN.docx,No,,https://www.indeed.com/viewjob?jk=468e7dd222a62180,"Sigma Technology
Göteborg",1
Full- Stack DevSecOps Engineer,Sigma Group,"Sigma Group
Göteborg",Sweden,🇸🇪,1,DevOps Engineer,2026-08-19,2026-08-19,Indeed-Browser,No,On-site / Hybrid,80%,Not Specified,"AWS, Kubernetes, CI/CD, Terraform, Linux",Country_Resumes/Hemachandiran_Giri_CV_SWEDEN.docx,No,,https://www.indeed.com/viewjob?jk=c1da475f452906e7,"Sigma Group
Göteborg",1
Backend Developer,Deploja AB,"Deploja AB
169 73 Solna",Sweden,🇸🇪,1,DevOps Engineer,2026-08-19,2026-08-19,Indeed-Browser,No,On-site / Hybrid,80%,Not Specified,"AWS, Kubernetes, CI/CD, Terraform, Linux",Country_Resumes/Hemachandiran_Giri_CV_SWEDEN.docx,No,,https://www.indeed.com/viewjob?jk=7fbe8ac13a181516,"Deploja AB
169 73 Solna",1
DevSecOps-konsult uppdrag,WeQuel,"WeQuel
Göteborg",Sweden,🇸🇪,1,DevOps Engineer,2026-08-19,2026-08-19,Indeed-Browser,No,On-site / Hybrid,80%,Not Specified,"AWS, Kubernetes, CI/CD, Terraform, Linux",Country_Resumes/Hemachandiran_Giri_CV_SWEDEN.docx,No,,https://www.indeed.com/viewjob?jk=ad926c5534ca4860,"WeQuel
Göteborg",1
Software Engineer (Integration Portal),H&M,"H&M
Stockholm",Sweden,🇸🇪,1,DevOps Engineer,2026-08-19,2026-08-19,Indeed-Browser,No,On-site / Hybrid,80%,Not Specified,"AWS, Kubernetes, CI/CD, Terraform, Linux",Country_Resumes/Hemachandiran_Giri_CV_SWEDEN.docx,No,,https://www.indeed.com/viewjob?jk=6320998b1b78a56f,"H&M
Stockholm",2
Konsultuppdrag – AI Engineer,Lynqa AB,"Lynqa AB
Stockholms Län",Sweden,🇸🇪,1,DevOps Engineer,2026-08-19,2026-08-19,Indeed-Browser,No,On-site / Hybrid,80%,Not Specified,"AWS, Kubernetes, CI/CD, Terraform, Linux",Country_Resumes/Hemachandiran_Giri_CV_SWEDEN.docx,No,,https://www.indeed.com/viewjob?jk=0e5d030adb4525a4,"Lynqa AB
Stockholms Län",1
Forward Deployed Engineering Lead,Tandem Health AB,"Tandem Health AB
111 57 Stockholm",Sweden,🇸🇪,1,DevOps Engineer,2026-08-19,2026-08-19,Indeed-Browser,No,On-site / Hybrid,80%,Not Specified,"AWS, Kubernetes, CI/CD, Terraform, Linux",Country_Resumes/Hemachandiran_Giri_CV_SWEDEN.docx,No,,https://www.indeed.com/viewjob?jk=beb84134069ea342,"Tandem Health AB
111 57 Stockholm",1
Senior/Staff Platform Observability Engineer,ICEYE,"ICEYE
Espoo",Finland,🇫🇮,1,Site Reliability Engineer,2026-08-19,2026-08-19,Indeed-Browser,No,On-site / Hybrid,90%,Not Specified,"AWS, Kubernetes, CI/CD, Terraform, Linux",Country_Resumes/Hemachandiran_Giri_CV_FINLAND.docx,No,,https://www.indeed.com/viewjob?jk=3fbcb1122d825255,"ICEYE
Espoo",1
"IT Lead – Infrastructure, Operations & Support",ReOrbit,"ReOrbit
00150 Helsinki",Finland,🇫🇮,1,Site Reliability Engineer,2026-08-19,2026-08-19,Indeed-Browser,No,On-site / Hybrid,90%,Not Specified,"AWS, Kubernetes, CI/CD, Terraform, Linux",Country_Resumes/Hemachandiran_Giri_CV_FINLAND.docx,No,,https://www.indeed.com/viewjob?jk=1a727fe454d0ef56,"ReOrbit
00150 Helsinki",2
Senior Network and OT Engineer,ReOrbit,"ReOrbit
00150 Helsinki",Finland,🇫🇮,1,Site Reliability Engineer,2026-08-19,2026-08-19,Indeed-Browser,No,On-site / Hybrid,80%,Not Specified,"AWS, Kubernetes, CI/CD, Terraform, Linux",Country_Resumes/Hemachandiran_Giri_CV_FINLAND.docx,No,,https://www.indeed.com/viewjob?jk=4376f390ebb4269a,"ReOrbit
00150 Helsinki",2
DevOps/Software Engineer,Metso,"Metso
Tampere",Finland,🇫🇮,1,Site Reliability Engineer,2026-08-19,2026-08-19,Indeed-Browser,No,On-site / Hybrid,90%,Not Specified,"AWS, Kubernetes, CI/CD, Terraform, Linux",Country_Resumes/Hemachandiran_Giri_CV_FINLAND.docx,No,,https://www.indeed.com/viewjob?jk=d5105802ffc41414,"Metso
Tampere",1
Senior Lead System Engineer,GE Vernova,"GE Vernova
Tampere",Finland,🇫🇮,1,Site Reliability Engineer,2026-08-19,2026-08-19,Indeed-Browser,No,On-site / Hybrid,80%,Not Specified,"AWS, Kubernetes, CI/CD, Terraform, Linux",Country_Resumes/Hemachandiran_Giri_CV_FINLAND.docx,No,,https://www.indeed.com/viewjob?jk=0b4d460e85687405,"GE Vernova
Tampere",1
Senior Backend Developer,iLOQ,"iLOQ
Oulu",Finland,🇫🇮,1,Site Reliability Engineer,2026-08-19,2026-08-19,Indeed-Browser,No,On-site / Hybrid,80%,Not Specified,"AWS, Kubernetes, CI/CD, Terraform, Linux",Country_Resumes/Hemachandiran_Giri_CV_FINLAND.docx,No,,https://www.indeed.com/viewjob?jk=b2728fa1ed88c8f6,"iLOQ
Oulu",1
AWS DevOps Engineer,Delivery Centric Technologies,"Delivery Centric Technologies
Sydney NSW",Australia,🇦🇺,1,DevOps Engineer,2026-08-19,2026-08-19,Indeed-Browser,No,On-site / Hybrid,90%,Not Specified,AWS,Country_Resumes/Hemachandiran_Giri_CV_AUSTRALIA.docx,No,,https://www.indeed.com/viewjob?jk=bc9e24a7170cb52a,"Delivery Centric Technologies
Sydney NSW",2
Head of Engineering,Pet Circle,"Pet Circle
Sydney NSW 2000",Australia,🇦🇺,1,DevOps Engineer,2026-08-19,2026-08-19,Indeed-Browser,No,On-site / Hybrid,80%,Not Specified,"AWS, Kubernetes, CI/CD, Terraform, Linux",Country_Resumes/Hemachandiran_Giri_CV_AUSTRALIA.docx,No,,https://www.indeed.com/viewjob?jk=dba1966cdafea041,"Pet Circle
Sydney NSW 2000",1
"Systems Development Engineer, Route 53",Amazon Support Services Pty Ltd,"Amazon Support Services Pty Ltd
Melbourne VIC",Australia,🇦🇺,1,DevOps Engineer,2026-08-19,2026-08-19,Indeed-Browser,No,On-site / Hybrid,80%,Not Specified,"AWS, Kubernetes, CI/CD, Terraform, Linux",Country_Resumes/Hemachandiran_Giri_CV_AUSTRALIA.docx,No,,https://www.indeed.com/viewjob?jk=77f8b2d69110049a,"Amazon Support Services Pty Ltd
Melbourne VIC",1
Full Stack Java Engineer,Delivery Centric Technologies,"Delivery Centric Technologies
Sydney NSW",Australia,🇦🇺,1,DevOps Engineer,2026-08-19,2026-08-19,Indeed-Browser,No,On-site / Hybrid,80%,Not Specified,"AWS, Kubernetes, CI/CD, Terraform, Linux",Country_Resumes/Hemachandiran_Giri_CV_AUSTRALIA.docx,No,,https://www.indeed.com/viewjob?jk=0e5b39af65da954d,"Delivery Centric Technologies
Sydney NSW",2
Staff Platform Engineer,Culture Amp,"Culture Amp
Melbourne VIC",Australia,🇦🇺,1,DevOps Engineer,2026-08-19,2026-08-19,Indeed-Browser,No,On-site / Hybrid,90%,Not Specified,"AWS, Kubernetes, CI/CD, Terraform, Linux",Country_Resumes/Hemachandiran_Giri_CV_AUSTRALIA.docx,No,,https://www.indeed.com/viewjob?jk=6df9e2edf73be20c,"Culture Amp
Melbourne VIC",1
Senior Applications Developer,ALS,"ALS
Stafford QLD",Australia,🇦🇺,1,DevOps Engineer,2026-08-19,2026-08-19,Indeed-Browser,No,On-site / Hybrid,80%,Not Specified,"AWS, Kubernetes, CI/CD, Terraform, Linux",Country_Resumes/Hemachandiran_Giri_CV_AUSTRALIA.docx,No,,https://www.indeed.com/viewjob?jk=2a0caa50e64016cc,"ALS
Stafford QLD",1
Lead Cloud Platform & API Engineer,Showtime Consulting,"Showtime Consulting
Sydney NSW",Australia,🇦🇺,1,DevOps Engineer,2026-08-19,2026-08-19,Indeed-Browser,No,On-site / Hybrid,90%,Not Specified,"AWS, Kubernetes, CI/CD, Terraform, Linux",Country_Resumes/Hemachandiran_Giri_CV_AUSTRALIA.docx,No,,https://www.indeed.com/viewjob?jk=a4cbb097e2beb0c7,"Showtime Consulting
Sydney NSW",1
Agentic AI Engineer (AWS),Deloitte,"Deloitte
Sydney NSW 2000",Australia,🇦🇺,1,DevOps Engineer,2026-08-19,2026-08-19,Indeed-Browser,No,On-site / Hybrid,90%,Not Specified,AWS,Country_Resumes/Hemachandiran_Giri_CV_AUSTRALIA.docx,No,,https://www.indeed.com/viewjob?jk=572d1c65625c9d3e,"Deloitte
Sydney NSW 2000",1
Security Engineer,ANZ Banking Group,"ANZ Banking Group
Melbourne VIC",Australia,🇦🇺,1,DevOps Engineer,2026-08-19,2026-08-19,Indeed-Browser,No,On-site / Hybrid,80%,Not Specified,"AWS, Kubernetes, CI/CD, Terraform, Linux",Country_Resumes/Hemachandiran_Giri_CV_AUSTRALIA.docx,No,,https://www.indeed.com/viewjob?jk=ef2e3241d4c78b1b,"ANZ Banking Group
Melbourne VIC",1
Lead Engineer- Azure Cloud & DevOps,LAB3,"LAB3
Melbourne VIC",Australia,🇦🇺,1,DevOps Engineer,2026-08-19,2026-08-19,Indeed-Browser,No,On-site / Hybrid,90%,Not Specified,Azure,Country_Resumes/Hemachandiran_Giri_CV_AUSTRALIA.docx,No,,https://www.indeed.com/viewjob?jk=f8daf8ba4c6990de,"LAB3
Melbourne VIC",1
Site Reliability Engineer,4DMedical,"4DMedical
Carlton VIC 3053",Australia,🇦🇺,1,DevOps Engineer,2026-08-19,2026-08-19,Indeed-Browser,No,On-site / Hybrid,90%,Not Specified,"AWS, Kubernetes, CI/CD, Terraform, Linux",Country_Resumes/Hemachandiran_Giri_CV_AUSTRALIA.docx,No,,https://www.indeed.com/viewjob?jk=29a612040b713ec2,"4DMedical
Carlton VIC 3053",1
Production Engineer - Prominent Hill - FIFO 8/6,BHP,"BHP
Prominent Hill SA",Australia,🇦🇺,1,Site Reliability Engineer,2026-08-19,2026-08-19,Indeed-Browser,No,On-site / Hybrid,80%,Not Specified,"AWS, Kubernetes, CI/CD, Terraform, Linux",Country_Resumes/Hemachandiran_Giri_CV_AUSTRALIA.docx,No,,https://www.indeed.com/viewjob?jk=491b28bc2ff1a48d,"BHP
Prominent Hill SA",1
Production Engineer,APR Engineering,"APR Engineering
Oxley QLD 4075",Australia,🇦🇺,1,Site Reliability Engineer,2026-08-19,2026-08-19,Indeed-Browser,No,On-site / Hybrid,80%,Not Specified,"AWS, Kubernetes, CI/CD, Terraform, Linux",Country_Resumes/Hemachandiran_Giri_CV_AUSTRALIA.docx,No,,https://www.indeed.com/viewjob?jk=d49b9dd472da2e5f,"APR Engineering
Oxley QLD 4075",1
DevOps Engineer,Future Secure AI,"Future Secure AI
Melbourne VIC",Australia,🇦🇺,1,Site Reliability Engineer,2026-08-19,2026-08-19,Indeed-Browser,No,On-site / Hybrid,90%,Not Specified,"AWS, Kubernetes, CI/CD, Terraform, Linux",Country_Resumes/Hemachandiran_Giri_CV_AUSTRALIA.docx,No,,https://www.indeed.com/viewjob?jk=5f582dbf12e77232,"Future Secure AI
Melbourne VIC",1
Engineer Production,BHP,"BHP
Bowen Basin QLD",Australia,🇦🇺,1,Site Reliability Engineer,2026-08-19,2026-08-19,Indeed-Browser,No,On-site / Hybrid,80%,Not Specified,"AWS, Kubernetes, CI/CD, Terraform, Linux",Country_Resumes/Hemachandiran_Giri_CV_AUSTRALIA.docx,No,,https://www.indeed.com/viewjob?jk=bd86bdac139c65e5,"BHP
Bowen Basin QLD",1
DevOps Engineer,Duxxel Pty Ltd,"Duxxel Pty Ltd
Sydney NSW",Australia,🇦🇺,1,Site Reliability Engineer,2026-08-19,2026-08-19,Indeed-Browser,No,On-site / Hybrid,90%,Not Specified,"AWS, Kubernetes, CI/CD, Terraform, Linux",Country_Resumes/Hemachandiran_Giri_CV_AUSTRALIA.docx,No,,https://www.indeed.com/viewjob?jk=104bce16e62fdae8,"Duxxel Pty Ltd
Sydney NSW",1
Azure Cloud Platform Engineer,KRISE MANNPOWER PTE. LTD.,"KRISE MANNPOWER PTE. LTD.
Singapore",Singapore,🇸🇬,1,DevOps Engineer,2026-08-19,2026-08-19,Indeed-Browser,No,On-site / Hybrid,90%,Not Specified,Azure,Country_Resumes/Hemachandiran_Giri_CV_SINGAPORE.docx,No,,https://www.indeed.com/viewjob?jk=b1cfbe74aa5366a9,"KRISE MANNPOWER PTE. LTD.
Singapore",1
"Software Engineer, Trading Platform (AI-Native)",NEXT Ventures,"NEXT Ventures
Hybrid work in Singapore",Singapore,🇸🇬,1,DevOps Engineer,2026-08-19,2026-08-19,Indeed-Browser,No,On-site / Hybrid,90%,Not Specified,"AWS, Kubernetes, CI/CD, Terraform, Linux",Country_Resumes/Hemachandiran_Giri_CV_SINGAPORE.docx,No,,https://www.indeed.com/viewjob?jk=000312931f522fd6,"NEXT Ventures
Hybrid work in Singapore",1
#EG Forward Deployed Engineer - Multi Cloud Platform,NCS Pte Ltd.,"NCS Pte Ltd.
Singapore",Singapore,🇸🇬,1,DevOps Engineer,2026-08-19,2026-08-19,Indeed-Browser,No,On-site / Hybrid,90%,Not Specified,"AWS, Kubernetes, CI/CD, Terraform, Linux",Country_Resumes/Hemachandiran_Giri_CV_SINGAPORE.docx,No,,https://www.indeed.com/viewjob?jk=1f8998835710e308,"NCS Pte Ltd.
Singapore",2
"Senior DevOps Engineer, Video Intelligence",NCS Pte Ltd.,"NCS Pte Ltd.
Singapore",Singapore,🇸🇬,1,DevOps Engineer,2026-08-19,2026-08-19,Indeed-Browser,No,On-site / Hybrid,90%,Not Specified,"AWS, Kubernetes, CI/CD, Terraform, Linux",Country_Resumes/Hemachandiran_Giri_CV_SINGAPORE.docx,No,,https://www.indeed.com/viewjob?jk=2f1b46be0d6b9ece,"NCS Pte Ltd.
Singapore",2
Full Stack Developer ( .NET),ANTAS PTE. LTD.,"ANTAS PTE. LTD.
Bugis",Singapore,🇸🇬,1,DevOps Engineer,2026-08-19,2026-08-19,Indeed-Browser,No,On-site / Hybrid,80%,Not Specified,"AWS, Kubernetes, CI/CD, Terraform, Linux",Country_Resumes/Hemachandiran_Giri_CV_SINGAPORE.docx,No,,https://www.indeed.com/viewjob?jk=a332bb42be7dd159,"ANTAS PTE. LTD.
Bugis",1
Senior AI Full Stack Engineer,Dezire Technologies Pte Ltd,"Dezire Technologies Pte Ltd
Singapore 069533",Singapore,🇸🇬,1,DevOps Engineer,2026-08-19,2026-08-19,Indeed-Browser,No,On-site / Hybrid,80%,Not Specified,"AWS, Kubernetes, CI/CD, Terraform, Linux",Country_Resumes/Hemachandiran_Giri_CV_SINGAPORE.docx,No,,https://www.indeed.com/viewjob?jk=442d6f240553b71a,"Dezire Technologies Pte Ltd
Singapore 069533",1
Software Engineer Graduate (Global Advertising Data Platform) - 2027 Start,TikTok,"TikTok
Singapore",Singapore,🇸🇬,1,DevOps Engineer,2026-08-19,2026-08-19,Indeed-Browser,No,On-site / Hybrid,90%,Not Specified,"AWS, Kubernetes, CI/CD, Terraform, Linux",Country_Resumes/Hemachandiran_Giri_CV_SINGAPORE.docx,No,,https://www.indeed.com/viewjob?jk=dc4277c490eb74db,"TikTok
Singapore",1
"Senior DevOps Engineer, Video Intelligence",DataSpark Pte Ltd,"DataSpark Pte Ltd
Singapore",Singapore,🇸🇬,1,DevOps Engineer,2026-08-19,2026-08-19,Indeed-Browser,No,On-site / Hybrid,90%,Not Specified,"AWS, Kubernetes, CI/CD, Terraform, Linux",Country_Resumes/Hemachandiran_Giri_CV_SINGAPORE.docx,No,,https://www.indeed.com/viewjob?jk=0df6cbba885d52fe,"DataSpark Pte Ltd
Singapore",2
Native UI Developer (Qt/QML) – (Embedded Android),Thales,"Thales
Singapore 498788",Singapore,🇸🇬,1,DevOps Engineer,2026-08-19,2026-08-19,Indeed-Browser,No,On-site / Hybrid,80%,Not Specified,"AWS, Kubernetes, CI/CD, Terraform, Linux",Country_Resumes/Hemachandiran_Giri_CV_SINGAPORE.docx,No,,https://www.indeed.com/viewjob?jk=3af4ab2dbc58368f,"Thales
Singapore 498788",2
Senior Embedded Software Engineer,Thales,"Thales
Singapore 498788",Singapore,🇸🇬,1,DevOps Engineer,2026-08-19,2026-08-19,Indeed-Browser,No,On-site / Hybrid,80%,Not Specified,"AWS, Kubernetes, CI/CD, Terraform, Linux",Country_Resumes/Hemachandiran_Giri_CV_SINGAPORE.docx,No,,https://www.indeed.com/viewjob?jk=6f5771ab065dc3ad,"Thales
Singapore 498788",2
#EG Forward Deployed Engineer - Multi Cloud Platform,DataSpark Pte Ltd,"DataSpark Pte Ltd
Singapore",Singapore,🇸🇬,1,DevOps Engineer,2026-08-19,2026-08-19,Indeed-Browser,No,On-site / Hybrid,90%,Not Specified,"AWS, Kubernetes, CI/CD, Terraform, Linux",Country_Resumes/Hemachandiran_Giri_CV_SINGAPORE.docx,No,,https://www.indeed.com/viewjob?jk=3c00b4034f9aacc3,"DataSpark Pte Ltd
Singapore",2
Technology – DAP Middleware Platform Engineer – AVP,Deutsche Bank,"Deutsche Bank
Raffles Quay",Singapore,🇸🇬,1,DevOps Engineer,2026-08-19,2026-08-19,Indeed-Browser,No,On-site / Hybrid,90%,Not Specified,"AWS, Kubernetes, CI/CD, Terraform, Linux",Country_Resumes/Hemachandiran_Giri_CV_SINGAPORE.docx,No,,https://www.indeed.com/viewjob?jk=c03e0326312f4316,"Deutsche Bank
Raffles Quay",1
Software Engineer (AVP),OCBC Bank,"OCBC Bank
Singapore",Singapore,🇸🇬,1,DevOps Engineer,2026-08-19,2026-08-19,Indeed-Browser,No,On-site / Hybrid,80%,Not Specified,"AWS, Kubernetes, CI/CD, Terraform, Linux",Country_Resumes/Hemachandiran_Giri_CV_SINGAPORE.docx,No,,https://www.indeed.com/viewjob?jk=f168067e48b041db,"OCBC Bank
Singapore",3
Hybrid Cloud Engineer (L2),AVATAR MODERN TECHNO SERVICES PTE. LTD.,"AVATAR MODERN TECHNO SERVICES PTE. LTD.
Outram",Singapore,🇸🇬,1,Cloud Engineer,2026-08-19,2026-08-19,Indeed-Browser,No,On-site / Hybrid,90%,Not Specified,"AWS, Kubernetes, CI/CD, Terraform, Linux",Country_Resumes/Hemachandiran_Giri_CV_SINGAPORE.docx,No,,https://www.indeed.com/viewjob?jk=6b30e60ae5a7b7ee,"AVATAR MODERN TECHNO SERVICES PTE. LTD.
Outram",1
Senior Engineer,StarHub,"StarHub
Singapore",Singapore,🇸🇬,1,Cloud Engineer,2026-08-19,2026-08-19,Indeed-Browser,No,On-site / Hybrid,80%,Not Specified,"AWS, Kubernetes, CI/CD, Terraform, Linux",Country_Resumes/Hemachandiran_Giri_CV_SINGAPORE.docx,No,,https://www.indeed.com/viewjob?jk=cc43bfd8e802e62b,"StarHub
Singapore",1
Cloud Engineer,LANTU EMPLOYMENT AGENCY PTE. LTD.,"LANTU EMPLOYMENT AGENCY PTE. LTD.
Geylang",Singapore,🇸🇬,1,Cloud Engineer,2026-08-19,2026-08-19,Indeed-Browser,No,On-site / Hybrid,90%,Not Specified,"AWS, Kubernetes, CI/CD, Terraform, Linux",Country_Resumes/Hemachandiran_Giri_CV_SINGAPORE.docx,No,,https://www.indeed.com/viewjob?jk=8f07afbf20d23fd8,"LANTU EMPLOYMENT AGENCY PTE. LTD.
Geylang",1
Senior DevOps Engineer,Singtel,"Singtel
Singapore 239732",Singapore,🇸🇬,1,Cloud Engineer,2026-08-19,2026-08-19,Indeed-Browser,No,On-site / Hybrid,90%,Not Specified,"AWS, Kubernetes, CI/CD, Terraform, Linux",Country_Resumes/Hemachandiran_Giri_CV_SINGAPORE.docx,No,,https://www.indeed.com/viewjob?jk=a67896175739ca5c,"Singtel
Singapore 239732",1
Cloud Operations Engineer (AMK),MAESTRO HUMAN RESOURCE PTE. LTD.,"MAESTRO HUMAN RESOURCE PTE. LTD.
Singapore",Singapore,🇸🇬,1,Cloud Engineer,2026-08-19,2026-08-19,Indeed-Browser,No,On-site / Hybrid,90%,Not Specified,"AWS, Kubernetes, CI/CD, Terraform, Linux",Country_Resumes/Hemachandiran_Giri_CV_SINGAPORE.docx,No,,https://www.indeed.com/viewjob?jk=78763cce2376b35d,"MAESTRO HUMAN RESOURCE PTE. LTD.
Singapore",1
Lead Platform Engineer,Trust Bank,"Trust Bank
Singapore",Singapore,🇸🇬,1,Cloud Engineer,2026-08-19,2026-08-19,Indeed-Browser,No,On-site / Hybrid,90%,Not Specified,"AWS, Kubernetes, CI/CD, Terraform, Linux",Country_Resumes/Hemachandiran_Giri_CV_SINGAPORE.docx,No,,https://www.indeed.com/viewjob?jk=23258e8d7a44eee9,"Trust Bank
Singapore",2
Senior Platform Engineer,Trust Bank,"Trust Bank
Singapore",Singapore,🇸🇬,1,Cloud Engineer,2026-08-19,2026-08-19,Indeed-Browser,No,On-site / Hybrid,90%,Not Specified,"AWS, Kubernetes, CI/CD, Terraform, Linux",Country_Resumes/Hemachandiran_Giri_CV_SINGAPORE.docx,No,,https://www.indeed.com/viewjob?jk=c5021aa953a76811,"Trust Bank
Singapore",2
Cloud Devops Engineer,NEPTUNEZ SINGAPORE PTE. LTD.,"NEPTUNEZ SINGAPORE PTE. LTD.
Singapore",Singapore,🇸🇬,1,Cloud Engineer,2026-08-19,2026-08-19,Indeed-Browser,No,On-site / Hybrid,90%,Not Specified,"AWS, Kubernetes, CI/CD, Terraform, Linux",Country_Resumes/Hemachandiran_Giri_CV_SINGAPORE.docx,No,,https://www.indeed.com/viewjob?jk=c831a2ac947a54b3,"NEPTUNEZ SINGAPORE PTE. LTD.
Singapore",1
IT Engineer (CCNA / VMware Cloud Foundation Infrastructure),EA RECRUITMENT PTE. LTD.,"EA RECRUITMENT PTE. LTD.
Singapore",Singapore,🇸🇬,1,Cloud Engineer,2026-08-19,2026-08-19,Indeed-Browser,No,On-site / Hybrid,90%,Not Specified,"AWS, Kubernetes, CI/CD, Terraform, Linux",Country_Resumes/Hemachandiran_Giri_CV_SINGAPORE.docx,No,,https://www.indeed.com/viewjob?jk=3a3a1b27b6b1dbe2,"EA RECRUITMENT PTE. LTD.
Singapore",1
"Senior Cloud Network Engineer, Infra",Airwallex,"Airwallex
Singapore",Singapore,🇸🇬,1,Cloud Engineer,2026-08-19,2026-08-19,Indeed-Browser,No,On-site / Hybrid,90%,Not Specified,"AWS, Kubernetes, CI/CD, Terraform, Linux",Country_Resumes/Hemachandiran_Giri_CV_SINGAPORE.docx,No,,https://www.indeed.com/viewjob?jk=6a4d7e644cd4576e,"Airwallex
Singapore",1
"Technical Staff, Software Engineering",DELL GLOBAL B.V. (Singapore Branch),"DELL GLOBAL B.V. (Singapore Branch)
Bedok",Singapore,🇸🇬,1,Platform Engineer,2026-08-19,2026-08-19,Indeed-Browser,No,On-site / Hybrid,80%,Not Specified,"AWS, Kubernetes, CI/CD, Terraform, Linux",Country_Resumes/Hemachandiran_Giri_CV_SINGAPORE.docx,No,,https://www.indeed.com/viewjob?jk=b8cad2312987bd42,"DELL GLOBAL B.V. (Singapore Branch)
Bedok",1
Machine Learning Platform Engineer,CYGNIFY PTE. LTD.,"CYGNIFY PTE. LTD.
Remote in Geylang",Singapore,🇸🇬,1,Platform Engineer,2026-08-19,2026-08-19,Indeed-Browser,No,Remote,90%,Not Specified,"AWS, Kubernetes, CI/CD, Terraform, Linux",Country_Resumes/Hemachandiran_Giri_CV_SINGAPORE.docx,No,,https://www.indeed.com/viewjob?jk=1f480abb2291ed2e,"CYGNIFY PTE. LTD.
Remote in Geylang",1
Sr. SRE,Visa Worldwide Pte. Limited,"Visa Worldwide Pte. Limited
Singapore 408600",Singapore,🇸🇬,1,Platform Engineer,2026-08-19,2026-08-19,Indeed-Browser,No,On-site / Hybrid,80%,Visa Mentioned,"AWS, Kubernetes, CI/CD, Terraform, Linux",Country_Resumes/Hemachandiran_Giri_CV_SINGAPORE.docx,No,,https://www.indeed.com/viewjob?jk=f6bf882aa298ab2c,"Visa Worldwide Pte. Limited
Singapore 408600",1
DevOps Engineer,EPERGNE SOLUTIONS PTE. LTD.,"EPERGNE SOLUTIONS PTE. LTD.
Singapore",Singapore,🇸🇬,1,Platform Engineer,2026-08-19,2026-08-19,Indeed-Browser,No,On-site / Hybrid,90%,Not Specified,"AWS, Kubernetes, CI/CD, Terraform, Linux",Country_Resumes/Hemachandiran_Giri_CV_SINGAPORE.docx,No,,https://www.indeed.com/viewjob?jk=ef8b8f07696d08c5,"EPERGNE SOLUTIONS PTE. LTD.
Singapore",1
Platform Engineer,SCHONFELD STRATEGIC ADVISORS (SINGAPORE) PTE. LTD.,"SCHONFELD STRATEGIC ADVISORS (SINGAPORE) PTE. LTD.
Outram",Singapore,🇸🇬,1,Platform Engineer,2026-08-19,2026-08-19,Indeed-Browser,No,On-site / Hybrid,90%,Not Specified,"AWS, Kubernetes, CI/CD, Terraform, Linux",Country_Resumes/Hemachandiran_Giri_CV_SINGAPORE.docx,No,,https://www.indeed.com/viewjob?jk=375eacae7ecbdceb,"SCHONFELD STRATEGIC ADVISORS (SINGAPORE) PTE. LTD.
Outram",1
Infrastructure Engineer,New Zealand Government,"New Zealand Government
Wellington City, Wellington",New Zealand,🇳🇿,1,Cloud Engineer,2026-08-19,2026-08-19,Indeed-Browser,No,On-site / Hybrid,90%,Not Specified,"AWS, Kubernetes, CI/CD, Terraform, Linux",Country_Resumes/Hemachandiran_Giri_CV_NEW_ZEALAND.docx,No,,https://www.indeed.com/viewjob?jk=a37503f7f556c8b9,"New Zealand Government
Wellington City",3
Engineer,New Zealand Government,"New Zealand Government
Wellington City, Wellington",New Zealand,🇳🇿,1,Cloud Engineer,2026-08-19,2026-08-19,Indeed-Browser,No,On-site / Hybrid,80%,Not Specified,"AWS, Kubernetes, CI/CD, Terraform, Linux",Country_Resumes/Hemachandiran_Giri_CV_NEW_ZEALAND.docx,No,,https://www.indeed.com/viewjob?jk=5f0a4098f5a31d2e,"New Zealand Government
Wellington City",3
Senior Platform Engineer (Software Consultant) - Customer Tribe,ASB Bank,"ASB Bank
Auckland City, Auckland",New Zealand,🇳🇿,1,Cloud Engineer,2026-08-19,2026-08-19,Indeed-Browser,No,On-site / Hybrid,90%,Not Specified,"AWS, Kubernetes, CI/CD, Terraform, Linux",Country_Resumes/Hemachandiran_Giri_CV_NEW_ZEALAND.docx,No,,https://www.indeed.com/viewjob?jk=4a67aaa91ebe9aed,"ASB Bank
Auckland City",5
Senior Platform Engineer (Software Consultant) - Payments Tribe,ASB Bank,"ASB Bank
Auckland City, Auckland",New Zealand,🇳🇿,1,Cloud Engineer,2026-08-19,2026-08-19,Indeed-Browser,No,On-site / Hybrid,90%,Not Specified,"AWS, Kubernetes, CI/CD, Terraform, Linux",Country_Resumes/Hemachandiran_Giri_CV_NEW_ZEALAND.docx,No,,https://www.indeed.com/viewjob?jk=5876894708049021,"ASB Bank
Auckland City",5
Lead Platform Engineer (Technical Consultant) - Payments Tribe,ASB Bank,"ASB Bank
Auckland City, Auckland",New Zealand,🇳🇿,1,Cloud Engineer,2026-08-19,2026-08-19,Indeed-Browser,No,On-site / Hybrid,90%,Not Specified,"AWS, Kubernetes, CI/CD, Terraform, Linux",Country_Resumes/Hemachandiran_Giri_CV_NEW_ZEALAND.docx,No,,https://www.indeed.com/viewjob?jk=8975b0405cae081e,"ASB Bank
Auckland City",5
Software Engineer Lead,Gallagher Group,"Gallagher Group
Hamilton, Waikato",New Zealand,🇳🇿,1,Platform Engineer,2026-08-19,2026-08-19,Indeed-Browser,No,On-site / Hybrid,80%,Not Specified,"AWS, Kubernetes, CI/CD, Terraform, Linux",Country_Resumes/Hemachandiran_Giri_CV_NEW_ZEALAND.docx,No,,https://www.indeed.com/viewjob?jk=8c8c35b07bc0a1f8,"Gallagher Group
Hamilton",1
Principal Solutions Engineer,Mott MacDonald,"Mott MacDonald
Auckland City, Auckland",New Zealand,🇳🇿,1,Platform Engineer,2026-08-19,2026-08-19,Indeed-Browser,No,On-site / Hybrid,80%,Not Specified,"AWS, Kubernetes, CI/CD, Terraform, Linux",Country_Resumes/Hemachandiran_Giri_CV_NEW_ZEALAND.docx,No,,https://www.indeed.com/viewjob?jk=14572d8a79ac948f,"Mott MacDonald
Auckland City",1
Site Reliability Engineer (Senior Systems Specialist) - Data & Analytics Platform,ASB Bank,"ASB Bank
Auckland City, Auckland",New Zealand,🇳🇿,1,Platform Engineer,2026-08-19,2026-08-19,Indeed-Browser,No,On-site / Hybrid,90%,Not Specified,"AWS, Kubernetes, CI/CD, Terraform, Linux",Country_Resumes/Hemachandiran_Giri_CV_NEW_ZEALAND.docx,No,,https://www.indeed.com/viewjob?jk=704f5cf907d68457,"ASB Bank
Auckland City",5
Senior Platform Engineer (Software Consultant) - Wealth Tribe,ASB Bank,"ASB Bank
Auckland City, Auckland",New Zealand,🇳🇿,1,Platform Engineer,2026-08-19,2026-08-19,Indeed-Browser,No,On-site / Hybrid,90%,Not Specified,"AWS, Kubernetes, CI/CD, Terraform, Linux",Country_Resumes/Hemachandiran_Giri_CV_NEW_ZEALAND.docx,No,,https://www.indeed.com/viewjob?jk=b44f46870a4f2386,"ASB Bank
Auckland City",5
DevOps,PROXIEL,"PROXIEL
13090 Aix-en-Provence",France,🇫🇷,2,DevOps Engineer,2026-08-19,2026-08-19,Indeed-Browser,No,On-site / Hybrid,90%,Not Specified,"AWS, Kubernetes, CI/CD, Terraform, Linux",Country_Resumes/Hemachandiran_Giri_CV_FRANCE.docx,No,,https://www.indeed.com/viewjob?jk=3cfa2835e6b9890e,"PROXIEL
13090 Aix-en-Provence",1
Ingénieur(e) DevOps,UMANTIC,"UMANTIC
75015 Paris",France,🇫🇷,2,DevOps Engineer,2026-08-19,2026-08-19,Indeed-Browser,No,On-site / Hybrid,90%,Not Specified,"AWS, Kubernetes, CI/CD, Terraform, Linux",Country_Resumes/Hemachandiran_Giri_CV_FRANCE.docx,No,,https://www.indeed.com/viewjob?jk=0fe808801acc5d62,"UMANTIC
75015 Paris",1
DevOps Tool Chain & Cloud Infrastructure (IT) / Freelance,SELFING,"SELFING
67120 Molsheim",France,🇫🇷,2,DevOps Engineer,2026-08-19,2026-08-19,Indeed-Browser,No,On-site / Hybrid,90%,Not Specified,"AWS, Kubernetes, CI/CD, Terraform, Linux",Country_Resumes/Hemachandiran_Giri_CV_FRANCE.docx,No,,https://www.indeed.com/viewjob?jk=e1e400a109dc458d,"SELFING
67120 Molsheim",1
"Architecte Cloud GCP, mission à Lille, Ref 194",TEOLIA CONSULTING,"TEOLIA CONSULTING
59000 Lille",France,🇫🇷,2,DevOps Engineer,2026-08-19,2026-08-19,Indeed-Browser,No,On-site / Hybrid,90%,Not Specified,GCP,Country_Resumes/Hemachandiran_Giri_CV_FRANCE.docx,No,,https://www.indeed.com/viewjob?jk=1b56a39b68e58aea,"TEOLIA CONSULTING
59000 Lille",1
Lead Developer Python & TypeScript / Principal Engineer,5COM Consulting,"5COM Consulting
Paris (75)",France,🇫🇷,2,DevOps Engineer,2026-08-19,2026-08-19,Indeed-Browser,No,On-site / Hybrid,85%,Not Specified,Python,Country_Resumes/Hemachandiran_Giri_CV_FRANCE.docx,No,,https://www.indeed.com/viewjob?jk=9883f1fe631f3b59,"5COM Consulting
Paris (75)",1
Consultant DevOps Tool Chain & Infrastructure Cloud H/F,AMEG GROUP,"AMEG GROUP
67000 Strasbourg",France,🇫🇷,2,DevOps Engineer,2026-08-19,2026-08-19,Indeed-Browser,No,On-site / Hybrid,90%,Not Specified,"AWS, Kubernetes, CI/CD, Terraform, Linux",Country_Resumes/Hemachandiran_Giri_CV_FRANCE.docx,No,,https://www.indeed.com/viewjob?jk=1e36860612f5ef83,"AMEG GROUP
67000 Strasbourg",1
Ingénieur DevOps Senior (H/F),UMANTIC TECHNOLOGIES,"UMANTIC TECHNOLOGIES
75015 Paris",France,🇫🇷,2,DevOps Engineer,2026-08-19,2026-08-19,Indeed-Browser,No,On-site / Hybrid,90%,Not Specified,"AWS, Kubernetes, CI/CD, Terraform, Linux",Country_Resumes/Hemachandiran_Giri_CV_FRANCE.docx,No,,https://www.indeed.com/viewjob?jk=ef9af595993296c5,"UMANTIC TECHNOLOGIES
75015 Paris",1
Ingénieur(e) DevOps,Quodagis Consulting,"Quodagis Consulting
Paris 15e (75)",France,🇫🇷,2,DevOps Engineer,2026-08-19,2026-08-19,Indeed-Browser,No,On-site / Hybrid,90%,Not Specified,"AWS, Kubernetes, CI/CD, Terraform, Linux",Country_Resumes/Hemachandiran_Giri_CV_FRANCE.docx,No,,https://www.indeed.com/viewjob?jk=e44c543729698da8,"Quodagis Consulting
Paris 15e (75)",1
Freelance Software Engineer - Backend TypeScript,swan.io,"swan.io
Télétravail partiel à 75011 Paris",France,🇫🇷,2,DevOps Engineer,2026-08-19,2026-08-19,Indeed-Browser,No,On-site / Hybrid,80%,Not Specified,"AWS, Kubernetes, CI/CD, Terraform, Linux",Country_Resumes/Hemachandiran_Giri_CV_FRANCE.docx,No,,https://www.indeed.com/viewjob?jk=433c6ddb1b61ad64,"swan.io
Télétravail partiel à 75011 Paris",1
Senior Product Security Engineer / Senior AppSec Engineer,Tomorro,"Tomorro
Télétravail partiel à 75002 Paris",France,🇫🇷,2,DevOps Engineer,2026-08-19,2026-08-19,Indeed-Browser,No,On-site / Hybrid,80%,Not Specified,"AWS, Kubernetes, CI/CD, Terraform, Linux",Country_Resumes/Hemachandiran_Giri_CV_FRANCE.docx,No,,https://www.indeed.com/viewjob?jk=d883c87e856c8372,"Tomorro
Télétravail partiel à 75002 Paris",1
AI Automation Engineer,C12 Quantum Electronics,"C12 Quantum Electronics
Paris (75)",France,🇫🇷,2,DevOps Engineer,2026-08-19,2026-08-19,Indeed-Browser,No,On-site / Hybrid,80%,Not Specified,"AWS, Kubernetes, CI/CD, Terraform, Linux",Country_Resumes/Hemachandiran_Giri_CV_FRANCE.docx,No,,https://www.indeed.com/viewjob?jk=dceb102bbc97d9b6,"C12 Quantum Electronics
Paris (75)",1
Ingénieur DevOps expérimenté – H/F,Avisto,"Avisto
38000 Grenoble",France,🇫🇷,2,DevOps Engineer,2026-08-19,2026-08-19,Indeed-Browser,No,On-site / Hybrid,90%,Not Specified,"AWS, Kubernetes, CI/CD, Terraform, Linux",Country_Resumes/Hemachandiran_Giri_CV_FRANCE.docx,No,,https://www.indeed.com/viewjob?jk=7b402b40d5b90804,"Avisto
38000 Grenoble",1
Release Train Engineer H/F - Rennes,Experis France,"Experis France
35510 Cesson-Sévigné",France,🇫🇷,2,Cloud Engineer,2026-08-19,2026-08-19,Indeed-Browser,No,On-site / Hybrid,80%,Not Specified,"AWS, Kubernetes, CI/CD, Terraform, Linux",Country_Resumes/Hemachandiran_Giri_CV_FRANCE.docx,No,,https://www.indeed.com/viewjob?jk=0f4bf5dfd89e7978,"Experis France
35510 Cesson-Sévigné",1
Design of metasurfaces for terahertz and infrared applications,Inria,"Inria
Sophia Antipolis (06)",France,🇫🇷,2,Cloud Engineer,2026-08-19,2026-08-19,Indeed-Browser,No,On-site / Hybrid,80%,Not Specified,"AWS, Kubernetes, CI/CD, Terraform, Linux",Country_Resumes/Hemachandiran_Giri_CV_FRANCE.docx,No,,https://www.indeed.com/viewjob?jk=29368171b0d3db1b,"Inria
Sophia Antipolis (06)",1
Data Engineer QlickSense AWS F/H,CGI,"CGI
Lyon (69)",France,🇫🇷,2,Cloud Engineer,2026-08-19,2026-08-19,Indeed-Browser,No,On-site / Hybrid,90%,Not Specified,AWS,Country_Resumes/Hemachandiran_Giri_CV_FRANCE.docx,No,,https://www.indeed.com/viewjob?jk=c12aa166d7771788,"CGI
Lyon (69)",1
AI Engineer – Consultant·e confirmé·e / senior,Saegus,"Saegus
75008 Paris",France,🇫🇷,2,Cloud Engineer,2026-08-19,2026-08-19,Indeed-Browser,No,On-site / Hybrid,80%,Not Specified,"AWS, Kubernetes, CI/CD, Terraform, Linux",Country_Resumes/Hemachandiran_Giri_CV_FRANCE.docx,No,,https://www.indeed.com/viewjob?jk=4ccfffb03c380628,"Saegus
75008 Paris",2
Consultant.e Data strategy & IA Stages de fin d'études,Saegus,"Saegus
75008 Paris",France,🇫🇷,2,Cloud Engineer,2026-08-19,2026-08-19,Indeed-Browser,No,On-site / Hybrid,80%,Not Specified,"AWS, Kubernetes, CI/CD, Terraform, Linux",Country_Resumes/Hemachandiran_Giri_CV_FRANCE.docx,No,,https://www.indeed.com/viewjob?jk=3b851f9b1c5517c2,"Saegus
75008 Paris",2
Staff Corporate Application Engineer H/F,Arteris,"Arteris
75010 Paris",France,🇫🇷,2,Cloud Engineer,2026-08-19,2026-08-19,Indeed-Browser,No,On-site / Hybrid,80%,Not Specified,"AWS, Kubernetes, CI/CD, Terraform, Linux",Country_Resumes/Hemachandiran_Giri_CV_FRANCE.docx,No,,https://www.indeed.com/viewjob?jk=c98adc93cbfa8503,"Arteris
75010 Paris",1
Ingénieur V&V qualité opérationnelle systèmes PA et CDV (F/H),Sii,"Sii
Toulouse (31)",France,🇫🇷,2,Site Reliability Engineer,2026-08-19,2026-08-19,Indeed-Browser,No,On-site / Hybrid,80%,Not Specified,"AWS, Kubernetes, CI/CD, Terraform, Linux",Country_Resumes/Hemachandiran_Giri_CV_FRANCE.docx,No,,https://www.indeed.com/viewjob?jk=043d71adcaa97219,"Sii
Toulouse (31)",1
Senior Platform Engineer (SRE),ScorePlay,"ScorePlay
Télétravail à Eu (76)",France,🇫🇷,2,Site Reliability Engineer,2026-08-19,2026-08-19,Indeed-Browser,No,On-site / Hybrid,90%,Not Specified,"AWS, Kubernetes, CI/CD, Terraform, Linux",Country_Resumes/Hemachandiran_Giri_CV_FRANCE.docx,No,,https://www.indeed.com/viewjob?jk=76b6fedecb2a38e0,"ScorePlay
Télétravail à Eu (76)",1
Site Reliability Engineering,INFOTEL CONSEIL,"INFOTEL CONSEIL
Nantes (44)",France,🇫🇷,2,Site Reliability Engineer,2026-08-19,2026-08-19,Indeed-Browser,No,On-site / Hybrid,90%,Not Specified,"AWS, Kubernetes, CI/CD, Terraform, Linux",Country_Resumes/Hemachandiran_Giri_CV_FRANCE.docx,No,,https://www.indeed.com/viewjob?jk=26b04c0900698205,"INFOTEL CONSEIL
Nantes (44)",1
DevOps / SRE Kubernetes GCP — 450€ max sur LYON,BEEZEN,"BEEZEN
69000 Lyon",France,🇫🇷,2,Site Reliability Engineer,2026-08-19,2026-08-19,Indeed-Browser,No,On-site / Hybrid,90%,Not Specified,"Kubernetes, GCP",Country_Resumes/Hemachandiran_Giri_CV_FRANCE.docx,No,,https://www.indeed.com/viewjob?jk=213c2cabf45be7f5,"BEEZEN
69000 Lyon",1
"Sr Specialist Post Market Surveillance, EMEA",Integra LifeSciences,"Integra LifeSciences
Saint-Priest (69)",France,🇫🇷,2,Site Reliability Engineer,2026-08-19,2026-08-19,Indeed-Browser,No,On-site / Hybrid,80%,Not Specified,"AWS, Kubernetes, CI/CD, Terraform, Linux",Country_Resumes/Hemachandiran_Giri_CV_FRANCE.docx,No,,https://www.indeed.com/viewjob?jk=e5bc0ee43293cbb6,"Integra LifeSciences
Saint-Priest (69)",1
Senior SRE (Self-hosted),GitGuardian,"GitGuardian
Télétravail partiel à 75001 Paris",France,🇫🇷,2,Site Reliability Engineer,2026-08-19,2026-08-19,Indeed-Browser,No,On-site / Hybrid,80%,Not Specified,"AWS, Kubernetes, CI/CD, Terraform, Linux",Country_Resumes/Hemachandiran_Giri_CV_FRANCE.docx,No,,https://www.indeed.com/viewjob?jk=0401e23cced33666,"GitGuardian
Télétravail partiel à 75001 Paris",1
"Principal/Sr Principal, Global Strategic Advisory Consulting",IQVIA,"IQVIA
Paris (75)",France,🇫🇷,2,Site Reliability Engineer,2026-08-19,2026-08-19,Indeed-Browser,No,On-site / Hybrid,80%,Not Specified,"AWS, Kubernetes, CI/CD, Terraform, Linux",Country_Resumes/Hemachandiran_Giri_CV_FRANCE.docx,No,,https://www.indeed.com/viewjob?jk=57cf51a7cd69f3b5,"IQVIA
Paris (75)",1
SRE Telephony & Agentic Automation H/F/N,OVHcloud,"OVHcloud
Télétravail partiel à 44000 Nantes",France,🇫🇷,2,Site Reliability Engineer,2026-08-19,2026-08-19,Indeed-Browser,No,On-site / Hybrid,80%,Not Specified,"AWS, Kubernetes, CI/CD, Terraform, Linux",Country_Resumes/Hemachandiran_Giri_CV_FRANCE.docx,No,,https://www.indeed.com/viewjob?jk=9151229be6dc7661,"OVHcloud
Télétravail partiel à 44000 Nantes",1
Sr Enterprise Sales Executive,UKG (Ultimate Kronos Group),"UKG (Ultimate Kronos Group)
Paris (75)",France,🇫🇷,2,Site Reliability Engineer,2026-08-19,2026-08-19,Indeed-Browser,No,On-site / Hybrid,80%,Not Specified,"AWS, Kubernetes, CI/CD, Terraform, Linux",Country_Resumes/Hemachandiran_Giri_CV_FRANCE.docx,No,,https://www.indeed.com/viewjob?jk=05bfa68300f9d864,"UKG (Ultimate Kronos Group)
Paris (75)",1
Sr. Packaging Development Manager,Infinity Global,"Infinity Global
75008 Paris",France,🇫🇷,2,Site Reliability Engineer,2026-08-19,2026-08-19,Indeed-Browser,No,On-site / Hybrid,80%,Not Specified,"AWS, Kubernetes, CI/CD, Terraform, Linux",Country_Resumes/Hemachandiran_Giri_CV_FRANCE.docx,No,,https://www.indeed.com/viewjob?jk=b3924befc51d5794,"Infinity Global
75008 Paris",1
Sr. Sales Account Manager (m/f/d),FormFactor GmbH,"FormFactor GmbH
38330 Montbonnot-Saint-Martin",France,🇫🇷,2,Site Reliability Engineer,2026-08-19,2026-08-19,Indeed-Browser,No,On-site / Hybrid,80%,Not Specified,"AWS, Kubernetes, CI/CD, Terraform, Linux",Country_Resumes/Hemachandiran_Giri_CV_FRANCE.docx,No,,https://www.indeed.com/viewjob?jk=9de7b3c49a3b1adb,"FormFactor GmbH
38330 Montbonnot-Saint-Martin",1
Pyrotechnics Engineer H/F,Alta Ares,"Alta Ares
Blagnac (31)",France,🇫🇷,2,Platform Engineer,2026-08-19,2026-08-19,Indeed-Browser,No,On-site / Hybrid,80%,Not Specified,"AWS, Kubernetes, CI/CD, Terraform, Linux",Country_Resumes/Hemachandiran_Giri_CV_FRANCE.docx,No,,https://www.indeed.com/viewjob?jk=929a42665abad9f2,"Alta Ares
Blagnac (31)",1
Deployment Strategist - France - Global Expansion,ElevenLabs,"ElevenLabs
Télétravail à France",France,🇫🇷,2,Platform Engineer,2026-08-19,2026-08-19,Indeed-Browser,No,On-site / Hybrid,80%,Not Specified,"AWS, Kubernetes, CI/CD, Terraform, Linux",Country_Resumes/Hemachandiran_Giri_CV_FRANCE.docx,No,,https://www.indeed.com/viewjob?jk=e2cec3c4a2b66b44,"ElevenLabs
Télétravail à France",1
GTM Data & Automation Intern,Greenly,"Greenly
75009 Paris",France,🇫🇷,2,Platform Engineer,2026-08-19,2026-08-19,Indeed-Browser,No,On-site / Hybrid,80%,Not Specified,"AWS, Kubernetes, CI/CD, Terraform, Linux",Country_Resumes/Hemachandiran_Giri_CV_FRANCE.docx,No,,https://www.indeed.com/viewjob?jk=23abe3121af7fef3,"Greenly
75009 Paris",1
Senior Product Manager - BackShip,Back Market,"Back Market
Paris (75)",France,🇫🇷,2,Platform Engineer,2026-08-19,2026-08-19,Indeed-Browser,No,On-site / Hybrid,80%,Not Specified,"AWS, Kubernetes, CI/CD, Terraform, Linux",Country_Resumes/Hemachandiran_Giri_CV_FRANCE.docx,No,,https://www.indeed.com/viewjob?jk=4aa11bfba49dc857,"Back Market
Paris (75)",2
Core platform growth engineering,Lucis,"Lucis
Télétravail partiel à Paris (75)",France,🇫🇷,2,Platform Engineer,2026-08-19,2026-08-19,Indeed-Browser,No,On-site / Hybrid,90%,Not Specified,"AWS, Kubernetes, CI/CD, Terraform, Linux",Country_Resumes/Hemachandiran_Giri_CV_FRANCE.docx,No,,https://www.indeed.com/viewjob?jk=7c802775150770d1,"Lucis
Télétravail partiel à Paris (75)",1
Services Engineer – ServiceNow,Exclusive Networks,"Exclusive Networks
Télétravail partiel à 92100 Boulogne-Billancourt",France,🇫🇷,2,Platform Engineer,2026-08-19,2026-08-19,Indeed-Browser,No,On-site / Hybrid,80%,Not Specified,"AWS, Kubernetes, CI/CD, Terraform, Linux",Country_Resumes/Hemachandiran_Giri_CV_FRANCE.docx,No,,https://www.indeed.com/viewjob?jk=dc7bfcbe464c24af,"Exclusive Networks
Télétravail partiel à 92100 Boulogne-Billancourt",1
Software Engineer – 3D Computer Vision & Geospatial Data,Alteia,"Alteia
Télétravail partiel à 31670 Labège",France,🇫🇷,2,Platform Engineer,2026-08-19,2026-08-19,Indeed-Browser,No,On-site / Hybrid,80%,Not Specified,"AWS, Kubernetes, CI/CD, Terraform, Linux",Country_Resumes/Hemachandiran_Giri_CV_FRANCE.docx,No,,https://www.indeed.com/viewjob?jk=25e2244a840710ed,"Alteia
Télétravail partiel à 31670 Labège",1
Founding Engineer: Agentic systems,Piston,"Piston
Télétravail à Vanves (92)",France,🇫🇷,2,Platform Engineer,2026-08-19,2026-08-19,Indeed-Browser,No,On-site / Hybrid,80%,Not Specified,"AWS, Kubernetes, CI/CD, Terraform, Linux",Country_Resumes/Hemachandiran_Giri_CV_FRANCE.docx,No,,https://www.indeed.com/viewjob?jk=03ea7e52dec29b29,"Piston
Télétravail à Vanves (92)",1
Spiral Blockchain Engineer,"Block, Inc.","Block, Inc.
Paris (75)",France,🇫🇷,2,Platform Engineer,2026-08-19,2026-08-19,Indeed-Browser,No,On-site / Hybrid,80%,Not Specified,"AWS, Kubernetes, CI/CD, Terraform, Linux",Country_Resumes/Hemachandiran_Giri_CV_FRANCE.docx,No,,https://www.indeed.com/viewjob?jk=c942432fde59db90,Block,1
Senior Consulting Engineer - EMEA,ClickHouse,"ClickHouse
Télétravail à Paris (75)",France,🇫🇷,2,Platform Engineer,2026-08-19,2026-08-19,Indeed-Browser,No,On-site / Hybrid,80%,Not Specified,"AWS, Kubernetes, CI/CD, Terraform, Linux",Country_Resumes/Hemachandiran_Giri_CV_FRANCE.docx,No,,https://www.indeed.com/viewjob?jk=adf33decfbde7c79,"ClickHouse
Télétravail à Paris (75)",1
Technical Support Engineer / Linux Systems Administrator (L2/L3),TechBiz Global GmbH,"TechBiz Global GmbH
Teletrabalho in Lisboa",Portugal,🇵🇹,2,DevOps Engineer,2026-08-19,2026-08-19,Indeed-Browser,No,On-site / Hybrid,85%,Not Specified,Linux,Country_Resumes/Hemachandiran_Giri_CV_PORTUGAL.docx,No,,https://www.indeed.com/viewjob?jk=8557118df39fd517,"TechBiz Global GmbH
Teletrabalho in Lisboa",1
IT Ops,Axians | Digital Solutions - Tech Talent,"Axians | Digital Solutions - Tech Talent
Porto",Portugal,🇵🇹,2,DevOps Engineer,2026-08-19,2026-08-19,Indeed-Browser,No,On-site / Hybrid,80%,Not Specified,"AWS, Kubernetes, CI/CD, Terraform, Linux",Country_Resumes/Hemachandiran_Giri_CV_PORTUGAL.docx,No,,https://www.indeed.com/viewjob?jk=6dfa946e4058cf7a,"Axians | Digital Solutions - Tech Talent
Porto",1
IT Operations Engineer,Consort Group,"Consort Group
Modelo Híbrido in 4000 Porto",Portugal,🇵🇹,2,DevOps Engineer,2026-08-19,2026-08-19,Indeed-Browser,No,On-site / Hybrid,80%,Not Specified,"AWS, Kubernetes, CI/CD, Terraform, Linux",Country_Resumes/Hemachandiran_Giri_CV_PORTUGAL.docx,No,,https://www.indeed.com/viewjob?jk=2f8cc9bc05e1a490,"Consort Group
Modelo Híbrido in 4000 Porto",1
Platform Engineer,Axians | Digital Solutions - Enterprise,"Axians | Digital Solutions - Enterprise
Modelo Híbrido in Lisboa",Portugal,🇵🇹,2,DevOps Engineer,2026-08-19,2026-08-19,Indeed-Browser,No,On-site / Hybrid,90%,Not Specified,"AWS, Kubernetes, CI/CD, Terraform, Linux",Country_Resumes/Hemachandiran_Giri_CV_PORTUGAL.docx,No,,https://www.indeed.com/viewjob?jk=0aae2f3a6f192baf,"Axians | Digital Solutions - Enterprise
Modelo Híbrido in Lisboa",1
SENIOR DEVOPS ENGINEER (HYBRID),iTRTech Group,"iTRTech Group
Modelo Híbrido in 1050 Lisboa",Portugal,🇵🇹,2,DevOps Engineer,2026-08-19,2026-08-19,Indeed-Browser,No,On-site / Hybrid,90%,Not Specified,"AWS, Kubernetes, CI/CD, Terraform, Linux",Country_Resumes/Hemachandiran_Giri_CV_PORTUGAL.docx,No,,https://www.indeed.com/viewjob?jk=7a9ff0b7ed235e07,"iTRTech Group
Modelo Híbrido in 1050 Lisboa",4
CLOUD SYSTEM ENGINEER (HYBRID),iTRTech Group,"iTRTech Group
Modelo Híbrido in 1050 Lisboa",Portugal,🇵🇹,2,DevOps Engineer,2026-08-19,2026-08-19,Indeed-Browser,No,On-site / Hybrid,90%,Not Specified,"AWS, Kubernetes, CI/CD, Terraform, Linux",Country_Resumes/Hemachandiran_Giri_CV_PORTUGAL.docx,No,,https://www.indeed.com/viewjob?jk=a38a02edbe5482f5,"iTRTech Group
Modelo Híbrido in 1050 Lisboa",4
Cloud Engineer (GCP) - Remote Work,BairesDev,"BairesDev
Teletrabalho in Lisboa",Portugal,🇵🇹,2,DevOps Engineer,2026-08-19,2026-08-19,Indeed-Browser,No,Remote,90%,Not Specified,GCP,Country_Resumes/Hemachandiran_Giri_CV_PORTUGAL.docx,No,,https://www.indeed.com/viewjob?jk=c33f9dfff09dbf89,"BairesDev
Teletrabalho in Lisboa",3
AI-First AWS Cloud Engineer,Wire IT,"Wire IT
Porto",Portugal,🇵🇹,2,DevOps Engineer,2026-08-19,2026-08-19,Indeed-Browser,No,On-site / Hybrid,90%,Not Specified,AWS,Country_Resumes/Hemachandiran_Giri_CV_PORTUGAL.docx,No,,https://www.indeed.com/viewjob?jk=203dd2e3184a712e,"Wire IT
Porto",1
DevSecOps Engineer,Richemont,"Richemont
Moscavide",Portugal,🇵🇹,2,DevOps Engineer,2026-08-19,2026-08-19,Indeed-Browser,No,On-site / Hybrid,80%,Not Specified,"AWS, Kubernetes, CI/CD, Terraform, Linux",Country_Resumes/Hemachandiran_Giri_CV_PORTUGAL.docx,No,,https://www.indeed.com/viewjob?jk=76f0ee39c53f4463,"Richemont
Moscavide",1
Data Integration Platform Engineer Expert,"IrisTech Lda,","IrisTech Lda,
Modelo Híbrido in Lisboa",Portugal,🇵🇹,2,DevOps Engineer,2026-08-19,2026-08-19,Indeed-Browser,No,On-site / Hybrid,90%,Not Specified,"AWS, Kubernetes, CI/CD, Terraform, Linux",Country_Resumes/Hemachandiran_Giri_CV_PORTUGAL.docx,No,,https://www.indeed.com/viewjob?jk=2dd159097cf091f5,IrisTech Lda,6
Integration Platform Engineer Expert,"IrisTech Lda,","IrisTech Lda,
Modelo Híbrido in Lisboa",Portugal,🇵🇹,2,DevOps Engineer,2026-08-19,2026-08-19,Indeed-Browser,No,On-site / Hybrid,90%,Not Specified,"AWS, Kubernetes, CI/CD, Terraform, Linux",Country_Resumes/Hemachandiran_Giri_CV_PORTUGAL.docx,No,,https://www.indeed.com/viewjob?jk=31991721951a4f38,IrisTech Lda,6
Senior Security Engineer (m/f),GuestWorld,"GuestWorld
Modelo Híbrido in Porto Salvo",Portugal,🇵🇹,2,DevOps Engineer,2026-08-19,2026-08-19,Indeed-Browser,No,On-site / Hybrid,80%,Not Specified,"AWS, Kubernetes, CI/CD, Terraform, Linux",Country_Resumes/Hemachandiran_Giri_CV_PORTUGAL.docx,No,,https://www.indeed.com/viewjob?jk=3ab210815b47c322,"GuestWorld
Modelo Híbrido in Porto Salvo",1
Junior Developer Fullstack (Typescript & React) (Porto),Capgemini,"Capgemini
Modelo Híbrido in Vila Nova de Gaia",Portugal,🇵🇹,2,DevOps Engineer,2026-08-19,2026-08-19,Indeed-Browser,No,On-site / Hybrid,80%,Not Specified,"AWS, Kubernetes, CI/CD, Terraform, Linux",Country_Resumes/Hemachandiran_Giri_CV_PORTUGAL.docx,No,,https://www.indeed.com/viewjob?jk=791c01a43fddfaab,"Capgemini
Modelo Híbrido in Vila Nova de Gaia",1
Software Developer Tech Lead,Euronext,"Euronext
Porto",Portugal,🇵🇹,2,DevOps Engineer,2026-08-19,2026-08-19,Indeed-Browser,No,On-site / Hybrid,80%,Not Specified,"AWS, Kubernetes, CI/CD, Terraform, Linux",Country_Resumes/Hemachandiran_Giri_CV_PORTUGAL.docx,No,,https://www.indeed.com/viewjob?jk=e2f9eef12f91687e,"Euronext
Porto",1
Senior Kubernetes Platform Engineer,Bridge 351,"Bridge 351
Teletrabalho in Lisboa",Portugal,🇵🇹,2,DevOps Engineer,2026-08-19,2026-08-19,Indeed-Browser,No,On-site / Hybrid,90%,Not Specified,Kubernetes,Country_Resumes/Hemachandiran_Giri_CV_PORTUGAL.docx,No,,https://www.indeed.com/viewjob?jk=a250dc5a083090c3,"Bridge 351
Teletrabalho in Lisboa",1
Senior Backend Engineer (Go) | Studio AI,Creative Fabrica,"Creative Fabrica
Lisboa",Portugal,🇵🇹,2,Cloud Engineer,2026-08-19,2026-08-19,Indeed-Browser,No,On-site / Hybrid,80%,Not Specified,"AWS, Kubernetes, CI/CD, Terraform, Linux",Country_Resumes/Hemachandiran_Giri_CV_PORTUGAL.docx,No,,https://www.indeed.com/viewjob?jk=73344b1533650c64,"Creative Fabrica
Lisboa",1
Cloud Data Engineer - Remote Work,BairesDev,"BairesDev
Teletrabalho in Lisboa",Portugal,🇵🇹,2,Cloud Engineer,2026-08-19,2026-08-19,Indeed-Browser,No,Remote,90%,Not Specified,"AWS, Kubernetes, CI/CD, Terraform, Linux",Country_Resumes/Hemachandiran_Giri_CV_PORTUGAL.docx,No,,https://www.indeed.com/viewjob?jk=47aabbda417f2fc0,"BairesDev
Teletrabalho in Lisboa",3
Senior AWS Cloud Architect - Remote Work,BairesDev,"BairesDev
Teletrabalho in Lisboa",Portugal,🇵🇹,2,Cloud Engineer,2026-08-19,2026-08-19,Indeed-Browser,No,Remote,90%,Not Specified,AWS,Country_Resumes/Hemachandiran_Giri_CV_PORTUGAL.docx,No,,https://www.indeed.com/viewjob?jk=e002badaacb5f6af,"BairesDev
Teletrabalho in Lisboa",3
Machine Learning Engineer,knok,"knok
Modelo Híbrido in Porto",Portugal,🇵🇹,2,Cloud Engineer,2026-08-19,2026-08-19,Indeed-Browser,No,On-site / Hybrid,80%,Not Specified,"AWS, Kubernetes, CI/CD, Terraform, Linux",Country_Resumes/Hemachandiran_Giri_CV_PORTUGAL.docx,No,,https://www.indeed.com/viewjob?jk=1261535b2a501545,"knok
Modelo Híbrido in Porto",1
Data Engineer - Databricks,"IrisTech Lda,","IrisTech Lda,
Teletrabalho in Lisboa",Portugal,🇵🇹,2,Cloud Engineer,2026-08-19,2026-08-19,Indeed-Browser,No,On-site / Hybrid,80%,Not Specified,"AWS, Kubernetes, CI/CD, Terraform, Linux",Country_Resumes/Hemachandiran_Giri_CV_PORTUGAL.docx,No,,https://www.indeed.com/viewjob?jk=38c114f5c01e2bbb,IrisTech Lda,6
Data Analysis Expert/FinOps,"IrisTech Lda,","IrisTech Lda,
Modelo Híbrido in Lisboa",Portugal,🇵🇹,2,Cloud Engineer,2026-08-19,2026-08-19,Indeed-Browser,No,On-site / Hybrid,80%,Not Specified,"AWS, Kubernetes, CI/CD, Terraform, Linux",Country_Resumes/Hemachandiran_Giri_CV_PORTUGAL.docx,No,,https://www.indeed.com/viewjob?jk=c8c68c5943297927,IrisTech Lda,6
Data Engineer — SAS Migration,"IrisTech Lda,","IrisTech Lda,
Modelo Híbrido in Lisboa",Portugal,🇵🇹,2,Cloud Engineer,2026-08-19,2026-08-19,Indeed-Browser,No,On-site / Hybrid,80%,Not Specified,"AWS, Kubernetes, CI/CD, Terraform, Linux",Country_Resumes/Hemachandiran_Giri_CV_PORTUGAL.docx,No,,https://www.indeed.com/viewjob?jk=3c8384dad6e5b2f8,IrisTech Lda,6
Junior Data Scientist,"Ray Human Capital, Lda","Ray Human Capital, Lda
1050 Lisboa",Portugal,🇵🇹,2,Cloud Engineer,2026-08-19,2026-08-19,Indeed-Browser,No,On-site / Hybrid,80%,Not Specified,"AWS, Kubernetes, CI/CD, Terraform, Linux",Country_Resumes/Hemachandiran_Giri_CV_PORTUGAL.docx,No,,https://www.indeed.com/viewjob?jk=a9d4d537ea2b40ea,Ray Human Capital,1
Azure Data Engineer,Integer Consulting,"Integer Consulting
Modelo Híbrido in Lisboa",Portugal,🇵🇹,2,Cloud Engineer,2026-08-19,2026-08-19,Indeed-Browser,No,On-site / Hybrid,80%,Not Specified,Azure,Country_Resumes/Hemachandiran_Giri_CV_PORTUGAL.docx,No,,https://www.indeed.com/viewjob?jk=95a4688cb6a2a28a,"Integer Consulting
Modelo Híbrido in Lisboa",1
Site Reliability Engineer,La Redoute,"La Redoute
Modelo Híbrido in 2400 Leiria",Portugal,🇵🇹,2,Site Reliability Engineer,2026-08-19,2026-08-19,Indeed-Browser,No,On-site / Hybrid,90%,Not Specified,"AWS, Kubernetes, CI/CD, Terraform, Linux",Country_Resumes/Hemachandiran_Giri_CV_PORTUGAL.docx,No,,https://www.indeed.com/viewjob?jk=5e0393186cb5e48a,"La Redoute
Modelo Híbrido in 2400 Leiria",1
Site Reliability Engineer,LUZA Group,"LUZA Group
Modelo Híbrido in Leiria",Portugal,🇵🇹,2,Site Reliability Engineer,2026-08-19,2026-08-19,Indeed-Browser,No,On-site / Hybrid,90%,Not Specified,"AWS, Kubernetes, CI/CD, Terraform, Linux",Country_Resumes/Hemachandiran_Giri_CV_PORTUGAL.docx,No,,https://www.indeed.com/viewjob?jk=fd343ba42349bee5,"LUZA Group
Modelo Híbrido in Leiria",1
Site Reliability Engineer,Timestamp,"Timestamp
Modelo Híbrido in 1700 Lisboa",Portugal,🇵🇹,2,Site Reliability Engineer,2026-08-19,2026-08-19,Indeed-Browser,No,On-site / Hybrid,90%,Not Specified,"AWS, Kubernetes, CI/CD, Terraform, Linux",Country_Resumes/Hemachandiran_Giri_CV_PORTUGAL.docx,No,,https://www.indeed.com/viewjob?jk=8365c014268e41c0,"Timestamp
Modelo Híbrido in 1700 Lisboa",1
"Analytics Engineer, Data Platform",Emma – The Sleep Company,"Emma – The Sleep Company
Teletrabalho",Portugal,🇵🇹,2,Platform Engineer,2026-08-19,2026-08-19,Indeed-Browser,No,On-site / Hybrid,90%,Not Specified,"AWS, Kubernetes, CI/CD, Terraform, Linux",Country_Resumes/Hemachandiran_Giri_CV_PORTUGAL.docx,No,,https://www.indeed.com/viewjob?jk=3df6cc8fb85a43cc,"Emma – The Sleep Company
Teletrabalho",1
Principal Software Development Engineer,GoCardless,"GoCardless
Lisboa",Portugal,🇵🇹,2,Platform Engineer,2026-08-19,2026-08-19,Indeed-Browser,No,On-site / Hybrid,80%,Not Specified,"AWS, Kubernetes, CI/CD, Terraform, Linux",Country_Resumes/Hemachandiran_Giri_CV_PORTUGAL.docx,No,,https://www.indeed.com/viewjob?jk=ca9efd1d3abebd98,"GoCardless
Lisboa",1
"Senior Software Engineer, Core Experiences - Porto, Portugal",Speechify,"Speechify
Teletrabalho in Porto",Portugal,🇵🇹,2,Platform Engineer,2026-08-19,2026-08-19,Indeed-Browser,No,On-site / Hybrid,80%,Not Specified,"AWS, Kubernetes, CI/CD, Terraform, Linux",Country_Resumes/Hemachandiran_Giri_CV_PORTUGAL.docx,No,,https://www.indeed.com/viewjob?jk=45210595ab8e8c61,"Speechify
Teletrabalho in Porto",1
Principal Generalist Engineer,Moniepoint,"Moniepoint
Teletrabalho",Portugal,🇵🇹,2,Platform Engineer,2026-08-19,2026-08-19,Indeed-Browser,No,On-site / Hybrid,80%,Not Specified,"AWS, Kubernetes, CI/CD, Terraform, Linux",Country_Resumes/Hemachandiran_Giri_CV_PORTUGAL.docx,No,,https://www.indeed.com/viewjob?jk=ed69517498012ca6,"Moniepoint
Teletrabalho",1
Senior Software Engineer,Sovos Compliance,"Sovos Compliance
1100 Lisboa",Portugal,🇵🇹,2,Platform Engineer,2026-08-19,2026-08-19,Indeed-Browser,No,On-site / Hybrid,80%,Not Specified,"AWS, Kubernetes, CI/CD, Terraform, Linux",Country_Resumes/Hemachandiran_Giri_CV_PORTUGAL.docx,No,,https://www.indeed.com/viewjob?jk=f1a7ea62765f876e,"Sovos Compliance
1100 Lisboa",1
Software Engineer,SAMBA TV,"SAMBA TV
Modelo Híbrido in Porto",Portugal,🇵🇹,2,Platform Engineer,2026-08-19,2026-08-19,Indeed-Browser,No,On-site / Hybrid,80%,Not Specified,"AWS, Kubernetes, CI/CD, Terraform, Linux",Country_Resumes/Hemachandiran_Giri_CV_PORTUGAL.docx,No,,https://www.indeed.com/viewjob?jk=4644001286af01ba,"SAMBA TV
Modelo Híbrido in Porto",1
Integration Engineer Lead Expert,"IrisTech Lda,","IrisTech Lda,
Modelo Híbrido in Lisboa",Portugal,🇵🇹,2,Platform Engineer,2026-08-19,2026-08-19,Indeed-Browser,No,On-site / Hybrid,80%,Not Specified,"AWS, Kubernetes, CI/CD, Terraform, Linux",Country_Resumes/Hemachandiran_Giri_CV_PORTUGAL.docx,No,,https://www.indeed.com/viewjob?jk=751ef0e4779c3186,IrisTech Lda,6
Staff Platform Engineer,OANDA,"OANDA
Warszawa, mazowieckie",Poland,🇵🇱,2,DevOps Engineer,2026-08-19,2026-08-19,Indeed-Browser,No,On-site / Hybrid,90%,Not Specified,"AWS, Kubernetes, CI/CD, Terraform, Linux",Country_Resumes/Hemachandiran_Giri_CV_POLAND.docx,No,,https://www.indeed.com/viewjob?jk=f280b237abdfc05f,"OANDA
Warszawa",2
Senior Platform Engineer,OANDA,"OANDA
Warszawa, mazowieckie",Poland,🇵🇱,2,DevOps Engineer,2026-08-19,2026-08-19,Indeed-Browser,No,On-site / Hybrid,90%,Not Specified,"AWS, Kubernetes, CI/CD, Terraform, Linux",Country_Resumes/Hemachandiran_Giri_CV_POLAND.docx,No,,https://www.indeed.com/viewjob?jk=cea0ef198659a526,"OANDA
Warszawa",2
"Staff Engineer I, DevOps Engineering",Bain & Co.,"Bain & Co.
00-124 Warszawa",Poland,🇵🇱,2,DevOps Engineer,2026-08-19,2026-08-19,Indeed-Browser,No,On-site / Hybrid,90%,Not Specified,"AWS, Kubernetes, CI/CD, Terraform, Linux",Country_Resumes/Hemachandiran_Giri_CV_POLAND.docx,No,,https://www.indeed.com/viewjob?jk=b7b0825cfe89224e,"Bain & Co.
00-124 Warszawa",1
"Senior DevOps Engineer, Azure","EPAM Systems, Inc.","EPAM Systems, Inc.
Hybrydowo",Poland,🇵🇱,2,DevOps Engineer,2026-08-19,2026-08-19,Indeed-Browser,No,On-site / Hybrid,90%,Not Specified,Azure,Country_Resumes/Hemachandiran_Giri_CV_POLAND.docx,No,,https://www.indeed.com/viewjob?jk=9e1062e202b98059,EPAM Systems,13
DevOps Engineer (Java/Azure),SCALO,"SCALO
Hybrydowo in Kraków, małopolskie",Poland,🇵🇱,2,DevOps Engineer,2026-08-19,2026-08-19,Indeed-Browser,No,On-site / Hybrid,90%,Not Specified,Azure,Country_Resumes/Hemachandiran_Giri_CV_POLAND.docx,No,,https://www.indeed.com/viewjob?jk=af62f9d224a0f676,"SCALO
Hybrydowo in Kraków",1
AWS Cloud-Native Engineering Manager,"EPAM Systems, Inc.","EPAM Systems, Inc.
Hybrydowo in 80-309 Gdańsk",Poland,🇵🇱,2,DevOps Engineer,2026-08-19,2026-08-19,Indeed-Browser,No,On-site / Hybrid,90%,Not Specified,AWS,Country_Resumes/Hemachandiran_Giri_CV_POLAND.docx,No,,https://www.indeed.com/viewjob?jk=7ff38539b387279b,EPAM Systems,13
Senior Engineer - DevOps,Hard Rock Digital,"Hard Rock Digital
Zdalnie in Gdańsk, pomorskie",Poland,🇵🇱,2,DevOps Engineer,2026-08-19,2026-08-19,Indeed-Browser,No,On-site / Hybrid,90%,Not Specified,"AWS, Kubernetes, CI/CD, Terraform, Linux",Country_Resumes/Hemachandiran_Giri_CV_POLAND.docx,No,,https://www.indeed.com/viewjob?jk=d964c9ff69fb6445,"Hard Rock Digital
Zdalnie in Gdańsk",2
Staff Engineer - DevOps,Hard Rock Digital,"Hard Rock Digital
Zdalnie in Gdańsk, pomorskie",Poland,🇵🇱,2,DevOps Engineer,2026-08-19,2026-08-19,Indeed-Browser,No,On-site / Hybrid,90%,Not Specified,"AWS, Kubernetes, CI/CD, Terraform, Linux",Country_Resumes/Hemachandiran_Giri_CV_POLAND.docx,No,,https://www.indeed.com/viewjob?jk=936d2fd1cfe17a68,"Hard Rock Digital
Zdalnie in Gdańsk",2
Senior DevOps Platform Engineer (AWS),SeaOwl Energy Services,"SeaOwl Energy Services
Kraków, małopolskie",Poland,🇵🇱,2,DevOps Engineer,2026-08-19,2026-08-19,Indeed-Browser,No,On-site / Hybrid,90%,Not Specified,AWS,Country_Resumes/Hemachandiran_Giri_CV_POLAND.docx,No,,https://www.indeed.com/viewjob?jk=ab639297249db0bf,"SeaOwl Energy Services
Kraków",1
Senior Software Engineer - Show,Cisco Systems,"Cisco Systems
Kraków, małopolskie",Poland,🇵🇱,2,DevOps Engineer,2026-08-19,2026-08-19,Indeed-Browser,No,On-site / Hybrid,80%,Not Specified,"AWS, Kubernetes, CI/CD, Terraform, Linux",Country_Resumes/Hemachandiran_Giri_CV_POLAND.docx,No,,https://www.indeed.com/viewjob?jk=c391d0b099b69b6b,"Cisco Systems
Kraków",2
Senior Software Engineer,Cisco Systems,"Cisco Systems
Kraków, małopolskie",Poland,🇵🇱,2,DevOps Engineer,2026-08-19,2026-08-19,Indeed-Browser,No,On-site / Hybrid,80%,Not Specified,"AWS, Kubernetes, CI/CD, Terraform, Linux",Country_Resumes/Hemachandiran_Giri_CV_POLAND.docx,No,,https://www.indeed.com/viewjob?jk=3fdc998c5daedcf8,"Cisco Systems
Kraków",2
AI Engineer/ML,Onwelo,"Onwelo
Zdalnie in 31-542 Kraków",Poland,🇵🇱,2,Cloud Engineer,2026-08-19,2026-08-19,Indeed-Browser,No,On-site / Hybrid,80%,Not Specified,"AWS, Kubernetes, CI/CD, Terraform, Linux",Country_Resumes/Hemachandiran_Giri_CV_POLAND.docx,No,,https://www.indeed.com/viewjob?jk=119e6c8b62e4051b,"Onwelo
Zdalnie in 31-542 Kraków",1
C# Cloud Engineer,Motorola Solutions,"Motorola Solutions
Kraków, małopolskie",Poland,🇵🇱,2,Cloud Engineer,2026-08-19,2026-08-19,Indeed-Browser,No,On-site / Hybrid,90%,Not Specified,"AWS, Kubernetes, CI/CD, Terraform, Linux",Country_Resumes/Hemachandiran_Giri_CV_POLAND.docx,No,,https://www.indeed.com/viewjob?jk=b55dc1709493f715,"Motorola Solutions
Kraków",2
Inżynier Chmurowy AI (k/m),NETIA,"NETIA
Hybrydowo in Warszawa, mazowieckie",Poland,🇵🇱,2,Cloud Engineer,2026-08-19,2026-08-19,Indeed-Browser,No,On-site / Hybrid,80%,Not Specified,"AWS, Kubernetes, CI/CD, Terraform, Linux",Country_Resumes/Hemachandiran_Giri_CV_POLAND.docx,No,,https://www.indeed.com/viewjob?jk=d0d677289e222d67,"NETIA
Hybrydowo in Warszawa",1
Site Reliability Engineer - Senior,SOFTSWISS,"SOFTSWISS
Zdalnie in 61-579 Poznań",Poland,🇵🇱,2,Site Reliability Engineer,2026-08-19,2026-08-19,Indeed-Browser,No,On-site / Hybrid,90%,Not Specified,"AWS, Kubernetes, CI/CD, Terraform, Linux",Country_Resumes/Hemachandiran_Giri_CV_POLAND.docx,No,,https://www.indeed.com/viewjob?jk=a43a011bc52f1391,"SOFTSWISS
Zdalnie in 61-579 Poznań",1
Senior Site Reliability Engineer,Motorola Solutions,"Motorola Solutions
Kraków, małopolskie",Poland,🇵🇱,2,Site Reliability Engineer,2026-08-19,2026-08-19,Indeed-Browser,No,On-site / Hybrid,90%,Not Specified,"AWS, Kubernetes, CI/CD, Terraform, Linux",Country_Resumes/Hemachandiran_Giri_CV_POLAND.docx,No,,https://www.indeed.com/viewjob?jk=c8a67d7b4376899e,"Motorola Solutions
Kraków",2
SRE/Platform Engineer,Nortal,"Nortal
Hybrydowo in Kraków, małopolskie",Poland,🇵🇱,2,Site Reliability Engineer,2026-08-19,2026-08-19,Indeed-Browser,No,On-site / Hybrid,90%,Not Specified,"AWS, Kubernetes, CI/CD, Terraform, Linux",Country_Resumes/Hemachandiran_Giri_CV_POLAND.docx,No,,https://www.indeed.com/viewjob?jk=e1baef126f218bcb,"Nortal
Hybrydowo in Kraków",1
"Senior Digital Workspace Engineer (Microsoft 365, Power Platform, Copilot Studio, AI Agents)",Alior Bank,"Alior Bank
Hybrydowo in Gdańsk, pomorskie",Poland,🇵🇱,2,Platform Engineer,2026-08-19,2026-08-19,Indeed-Browser,No,On-site / Hybrid,90%,Not Specified,"AWS, Kubernetes, CI/CD, Terraform, Linux",Country_Resumes/Hemachandiran_Giri_CV_POLAND.docx,No,,https://www.indeed.com/viewjob?jk=0946027082e134c5,"Alior Bank
Hybrydowo in Gdańsk",1
SENIOR DATA PLATFORM ENGINEER,CRDF Global,"CRDF Global
Warszawa, mazowieckie",Poland,🇵🇱,2,Platform Engineer,2026-08-19,2026-08-19,Indeed-Browser,No,On-site / Hybrid,90%,Not Specified,"AWS, Kubernetes, CI/CD, Terraform, Linux",Country_Resumes/Hemachandiran_Giri_CV_POLAND.docx,No,,https://www.indeed.com/viewjob?jk=84f35caae8899f47,"CRDF Global
Warszawa",1
Internal Kubernetes Platform Team Lead,GFT Technologies SE,"GFT Technologies SE
Hybrydowo in 30-302 Kraków",Poland,🇵🇱,2,Platform Engineer,2026-08-19,2026-08-19,Indeed-Browser,No,On-site / Hybrid,90%,Not Specified,Kubernetes,Country_Resumes/Hemachandiran_Giri_CV_POLAND.docx,No,,https://www.indeed.com/viewjob?jk=49e862d7497d0765,"GFT Technologies SE
Hybrydowo in 30-302 Kraków",2
Internal Kubernetes Platform Engineering Team Lead,GFT Technologies SE,"GFT Technologies SE
Hybrydowo in 30-302 Kraków",Poland,🇵🇱,2,Platform Engineer,2026-08-19,2026-08-19,Indeed-Browser,No,On-site / Hybrid,90%,Not Specified,Kubernetes,Country_Resumes/Hemachandiran_Giri_CV_POLAND.docx,No,,https://www.indeed.com/viewjob?jk=4553af88be35026d,"GFT Technologies SE
Hybrydowo in 30-302 Kraków",2
DevOps Engineer Consultant,Keystone Solutions,"Keystone Solutions
Brussels",Belgium,🇧🇪,2,DevOps Engineer,2026-08-19,2026-08-19,Indeed-Browser,No,On-site / Hybrid,90%,Not Specified,"AWS, Kubernetes, CI/CD, Terraform, Linux",Country_Resumes/Hemachandiran_Giri_CV_BELGIUM.docx,No,,https://www.indeed.com/viewjob?jk=5ffc3ba78c2aa652,"Keystone Solutions
Brussels",2
Software Engineer Golang,MindWalk,"MindWalk
3590 Diepenbeek",Belgium,🇧🇪,2,DevOps Engineer,2026-08-19,2026-08-19,Indeed-Browser,No,On-site / Hybrid,80%,Not Specified,Golang,Country_Resumes/Hemachandiran_Giri_CV_BELGIUM.docx,No,,https://www.indeed.com/viewjob?jk=da80fae70ecbd81e,"MindWalk
3590 Diepenbeek",1
Lead Platform Engineer New,Lighthouse Intelligence Ltd.,"Lighthouse Intelligence Ltd.
Remote in Brussels",Belgium,🇧🇪,2,DevOps Engineer,2026-08-19,2026-08-19,Indeed-Browser,No,Remote,90%,Not Specified,"AWS, Kubernetes, CI/CD, Terraform, Linux",Country_Resumes/Hemachandiran_Giri_CV_BELGIUM.docx,No,,https://www.indeed.com/viewjob?jk=ddabc59d0721cdaf,"Lighthouse Intelligence Ltd.
Remote in Brussels",1
DevOps Engineer,Xebia,"Xebia
Hybrid work in Antwerp",Belgium,🇧🇪,2,DevOps Engineer,2026-08-19,2026-08-19,Indeed-Browser,No,On-site / Hybrid,90%,Not Specified,"AWS, Kubernetes, CI/CD, Terraform, Linux",Country_Resumes/Hemachandiran_Giri_CV_BELGIUM.docx,No,,https://www.indeed.com/viewjob?jk=2cbe95ce805f5036,"Xebia
Hybrid work in Antwerp",2
Back-End Java s Cloud Engineer (m/w/d),Everience Benelux,"Everience Benelux
Hybrid work in Brussels",Belgium,🇧🇪,2,DevOps Engineer,2026-08-19,2026-08-19,Indeed-Browser,No,On-site / Hybrid,90%,Not Specified,"AWS, Kubernetes, CI/CD, Terraform, Linux",Country_Resumes/Hemachandiran_Giri_CV_BELGIUM.docx,No,,https://www.indeed.com/viewjob?jk=c94b6dbc533cfef7,"Everience Benelux
Hybrid work in Brussels",1
Consultant Data Engineer - Google Cloud (GCP),Sia,"Sia
Hybrid work in 1000 Brussels",Belgium,🇧🇪,2,Cloud Engineer,2026-08-19,2026-08-19,Indeed-Browser,No,On-site / Hybrid,90%,Not Specified,GCP,Country_Resumes/Hemachandiran_Giri_CV_BELGIUM.docx,No,,https://www.indeed.com/viewjob?jk=df93127b1f76fbf0,"Sia
Hybrid work in 1000 Brussels",1
Azure Cloud Engineer,Xebia,"Xebia
Hybrid work in Antwerp",Belgium,🇧🇪,2,Cloud Engineer,2026-08-19,2026-08-19,Indeed-Browser,No,On-site / Hybrid,90%,Not Specified,Azure,Country_Resumes/Hemachandiran_Giri_CV_BELGIUM.docx,No,,https://www.indeed.com/viewjob?jk=7def56125eb16efd,"Xebia
Hybrid work in Antwerp",2
NPI Production engineer,Engibex,"Engibex
Leuven",Belgium,🇧🇪,2,Site Reliability Engineer,2026-08-19,2026-08-19,Indeed-Browser,No,On-site / Hybrid,80%,Not Specified,"AWS, Kubernetes, CI/CD, Terraform, Linux",Country_Resumes/Hemachandiran_Giri_CV_BELGIUM.docx,No,,https://www.indeed.com/viewjob?jk=00f9f311debea4fd,"Engibex
Leuven",1
"Software Engineer, Data Infrastructure & Acquisition - Ghent, Belgium",Speechify,"Speechify
Remote in Ghent",Belgium,🇧🇪,2,Platform Engineer,2026-08-19,2026-08-19,Indeed-Browser,No,Remote,90%,Not Specified,"AWS, Kubernetes, CI/CD, Terraform, Linux",Country_Resumes/Hemachandiran_Giri_CV_BELGIUM.docx,No,,https://www.indeed.com/viewjob?jk=b9272f6575ace1c9,"Speechify
Remote in Ghent",1
Observability & AIOps Engineer,Lam Research,"Lam Research
Homeoffice in Villach, K",Austria,🇦🇹,2,DevOps Engineer,2026-08-19,2026-08-19,Indeed-Browser,No,On-site / Hybrid,80%,Not Specified,"AWS, Kubernetes, CI/CD, Terraform, Linux",Country_Resumes/Hemachandiran_Giri_CV_AUSTRIA.docx,No,,https://www.indeed.com/viewjob?jk=a94b1bf8a5490031,"Lam Research
Homeoffice in Villach",4
Platform Engineering Lead,Lam Research,"Lam Research
Homeoffice in Villach, K",Austria,🇦🇹,2,DevOps Engineer,2026-08-19,2026-08-19,Indeed-Browser,No,On-site / Hybrid,90%,Not Specified,"AWS, Kubernetes, CI/CD, Terraform, Linux",Country_Resumes/Hemachandiran_Giri_CV_AUSTRIA.docx,No,,https://www.indeed.com/viewjob?jk=bd2b3f4355cf5d05,"Lam Research
Homeoffice in Villach",4
Lead Advisor – AI-Native Engineering,SQUER,"SQUER
Wien, W",Austria,🇦🇹,2,DevOps Engineer,2026-08-19,2026-08-19,Indeed-Browser,No,On-site / Hybrid,80%,Not Specified,"AWS, Kubernetes, CI/CD, Terraform, Linux",Country_Resumes/Hemachandiran_Giri_CV_AUSTRIA.docx,No,,https://www.indeed.com/viewjob?jk=181c512efc15eb14,"SQUER
Wien",1
Senior Software Engineer (m/w/d),MED−EL Elektromedizinische Geräte Gesellschaft...,"MED−EL Elektromedizinische Geräte Gesellschaft...
Innsbruck, T",Austria,🇦🇹,2,DevOps Engineer,2026-08-19,2026-08-19,Indeed-Browser,No,On-site / Hybrid,80%,Not Specified,"AWS, Kubernetes, CI/CD, Terraform, Linux",Country_Resumes/Hemachandiran_Giri_CV_AUSTRIA.docx,No,,https://www.indeed.com/viewjob?jk=1a5fcbfb17c87cfd,"MED−EL Elektromedizinische Geräte Gesellschaft...
Innsbruck",1
Senior Backend Engineer (PHP) IT 03.07.2026,DocFinder GmbH,"DocFinder GmbH
Homeoffice in Wien, W",Austria,🇦🇹,2,DevOps Engineer,2026-08-19,2026-08-19,Indeed-Browser,No,On-site / Hybrid,80%,Not Specified,"AWS, Kubernetes, CI/CD, Terraform, Linux",Country_Resumes/Hemachandiran_Giri_CV_AUSTRIA.docx,No,,https://www.indeed.com/viewjob?jk=1c125cf8702df261,"DocFinder GmbH
Homeoffice in Wien",1
AI/ML Ops Engineer (m/w/d),KNAPP AG,"KNAPP AG
Hart bei Graz, ST",Austria,🇦🇹,2,DevOps Engineer,2026-08-19,2026-08-19,Indeed-Browser,No,On-site / Hybrid,80%,Not Specified,"AWS, Kubernetes, CI/CD, Terraform, Linux",Country_Resumes/Hemachandiran_Giri_CV_AUSTRIA.docx,No,,https://www.indeed.com/viewjob?jk=819b859912286c15,"KNAPP AG
Hart bei Graz",1
Praktikum im Bereich DevOps,Trafficon,"Trafficon
Salzburg, S",Austria,🇦🇹,2,DevOps Engineer,2026-08-19,2026-08-19,Indeed-Browser,No,On-site / Hybrid,90%,Not Specified,"AWS, Kubernetes, CI/CD, Terraform, Linux",Country_Resumes/Hemachandiran_Giri_CV_AUSTRIA.docx,No,,https://www.indeed.com/viewjob?jk=9b844edcd4886e79,"Trafficon
Salzburg",1
Senior AI Agent Engineer (Microsoft),KPMG Austria GmbH Wirtschaftsprüfungs- und...,"KPMG Austria GmbH Wirtschaftsprüfungs- und...
Wien, W",Austria,🇦🇹,2,DevOps Engineer,2026-08-19,2026-08-19,Indeed-Browser,No,On-site / Hybrid,80%,Not Specified,"AWS, Kubernetes, CI/CD, Terraform, Linux",Country_Resumes/Hemachandiran_Giri_CV_AUSTRIA.docx,No,,https://www.indeed.com/viewjob?jk=3ae79fd9b5885fd5,"KPMG Austria GmbH Wirtschaftsprüfungs- und...
Wien",1
Stellenanzeige: DevOps Engineer für Kundenprojekte (Mensch*),FaktorZehn GmbH,"FaktorZehn GmbH
Wien, W",Austria,🇦🇹,2,DevOps Engineer,2026-08-19,2026-08-19,Indeed-Browser,No,On-site / Hybrid,90%,Not Specified,"AWS, Kubernetes, CI/CD, Terraform, Linux",Country_Resumes/Hemachandiran_Giri_CV_AUSTRIA.docx,No,,https://www.indeed.com/viewjob?jk=ac6b89dd33617967,"FaktorZehn GmbH
Wien",1
Principal Agentic Architect,Lam Research,"Lam Research
Homeoffice in Villach, K",Austria,🇦🇹,2,Cloud Engineer,2026-08-19,2026-08-19,Indeed-Browser,No,On-site / Hybrid,80%,Not Specified,"AWS, Kubernetes, CI/CD, Terraform, Linux",Country_Resumes/Hemachandiran_Giri_CV_AUSTRIA.docx,No,,https://www.indeed.com/viewjob?jk=08972e0a106f9398,"Lam Research
Homeoffice in Villach",4
Senior Databricks Platform Architect (all genders),RHI Magnesita,"RHI Magnesita
Wien, W",Austria,🇦🇹,2,Cloud Engineer,2026-08-19,2026-08-19,Indeed-Browser,No,On-site / Hybrid,90%,Not Specified,"AWS, Kubernetes, CI/CD, Terraform, Linux",Country_Resumes/Hemachandiran_Giri_CV_AUSTRIA.docx,No,,https://www.indeed.com/viewjob?jk=9e7c2a3db298e6be,"RHI Magnesita
Wien",1
"Senior Software Engineer, Core Experiences - Vienna, Austria",Speechify,"Speechify
Homeoffice in Wien, W",Austria,🇦🇹,2,Cloud Engineer,2026-08-19,2026-08-19,Indeed-Browser,No,On-site / Hybrid,80%,Not Specified,"AWS, Kubernetes, CI/CD, Terraform, Linux",Country_Resumes/Hemachandiran_Giri_CV_AUSTRIA.docx,No,,https://www.indeed.com/viewjob?jk=3b82aed5a511e7e7,"Speechify
Homeoffice in Wien",2
AI Data Governance Consultant (m/f/x),Virtual Identity AG,"Virtual Identity AG
Homeoffice in Wien, W",Austria,🇦🇹,2,Cloud Engineer,2026-08-19,2026-08-19,Indeed-Browser,No,On-site / Hybrid,80%,Not Specified,"AWS, Kubernetes, CI/CD, Terraform, Linux",Country_Resumes/Hemachandiran_Giri_CV_AUSTRIA.docx,No,,https://www.indeed.com/viewjob?jk=562b53347805df96,"Virtual Identity AG
Homeoffice in Wien",1
Atlassian & Cloud Application Specialist (m/w/d),Felder KG,"Felder KG
Hall in Tirol, T",Austria,🇦🇹,2,Cloud Engineer,2026-08-19,2026-08-19,Indeed-Browser,No,On-site / Hybrid,90%,Not Specified,"AWS, Kubernetes, CI/CD, Terraform, Linux",Country_Resumes/Hemachandiran_Giri_CV_AUSTRIA.docx,No,,https://www.indeed.com/viewjob?jk=ce9f550d3a39190d,"Felder KG
Hall in Tirol",1
Application Manager - Trading Applications & Data Innovation (all genders),Erste Digital,"Erste Digital
Wien, W",Austria,🇦🇹,2,Cloud Engineer,2026-08-19,2026-08-19,Indeed-Browser,No,On-site / Hybrid,80%,Not Specified,"AWS, Kubernetes, CI/CD, Terraform, Linux",Country_Resumes/Hemachandiran_Giri_CV_AUSTRIA.docx,No,,https://www.indeed.com/viewjob?jk=64b8161620e1f3ae,"Erste Digital
Wien",1
Cloud Infrastructure Engineer (m/w/d),Anexia Holding GmbH,"Anexia Holding GmbH
Wien, W",Austria,🇦🇹,2,Cloud Engineer,2026-08-19,2026-08-19,Indeed-Browser,No,On-site / Hybrid,90%,Not Specified,"AWS, Kubernetes, CI/CD, Terraform, Linux",Country_Resumes/Hemachandiran_Giri_CV_AUSTRIA.docx,No,,https://www.indeed.com/viewjob?jk=899235ab80f5ac97,"Anexia Holding GmbH
Wien",2
Senior Sales Engineer (Cove),N-able,"N-able
Homeoffice in Wien, W",Austria,🇦🇹,2,Cloud Engineer,2026-08-19,2026-08-19,Indeed-Browser,No,On-site / Hybrid,80%,Not Specified,"AWS, Kubernetes, CI/CD, Terraform, Linux",Country_Resumes/Hemachandiran_Giri_CV_AUSTRIA.docx,No,,https://www.indeed.com/viewjob?jk=9f6b3a1900ba6b65,"N-able
Homeoffice in Wien",1
"Project Manager - BIG BLUE MARBLE Labs, all genders",ORS Gruppe,"ORS Gruppe
Homeoffice in Wien, W",Austria,🇦🇹,2,Cloud Engineer,2026-08-19,2026-08-19,Indeed-Browser,No,On-site / Hybrid,80%,Not Specified,"AWS, Kubernetes, CI/CD, Terraform, Linux",Country_Resumes/Hemachandiran_Giri_CV_AUSTRIA.docx,No,,https://www.indeed.com/viewjob?jk=c9c4a7b28c2f24c2,"ORS Gruppe
Homeoffice in Wien",2
"Senior Project Manager, Innovation & Research, all genders",ORS Gruppe,"ORS Gruppe
Homeoffice in Wien, W",Austria,🇦🇹,2,Cloud Engineer,2026-08-19,2026-08-19,Indeed-Browser,No,On-site / Hybrid,80%,Not Specified,"AWS, Kubernetes, CI/CD, Terraform, Linux",Country_Resumes/Hemachandiran_Giri_CV_AUSTRIA.docx,No,,https://www.indeed.com/viewjob?jk=a8e678412ccf25bd,"ORS Gruppe
Homeoffice in Wien",2
Data / Machine Learning Engineer,Doppelmayr Seilbahnen GmbH,"Doppelmayr Seilbahnen GmbH
Wien, W",Austria,🇦🇹,2,Cloud Engineer,2026-08-19,2026-08-19,Indeed-Browser,No,On-site / Hybrid,80%,Not Specified,"AWS, Kubernetes, CI/CD, Terraform, Linux",Country_Resumes/Hemachandiran_Giri_CV_AUSTRIA.docx,No,,https://www.indeed.com/viewjob?jk=6fa88be1e09ce555,"Doppelmayr Seilbahnen GmbH
Wien",1
Test Engineer (all genders),Lam Research,"Lam Research
Homeoffice in Villach, K",Austria,🇦🇹,2,Site Reliability Engineer,2026-08-19,2026-08-19,Indeed-Browser,No,On-site / Hybrid,80%,Not Specified,"AWS, Kubernetes, CI/CD, Terraform, Linux",Country_Resumes/Hemachandiran_Giri_CV_AUSTRIA.docx,No,,https://www.indeed.com/viewjob?jk=c946bd92aa744eba,"Lam Research
Homeoffice in Villach",4
Support Engineer Test Equipment (f/m/d),B&R Industrial Automation GmbH,"B&R Industrial Automation GmbH
Eggelsberg, OÖ",Austria,🇦🇹,2,Site Reliability Engineer,2026-08-19,2026-08-19,Indeed-Browser,No,On-site / Hybrid,80%,Not Specified,"AWS, Kubernetes, CI/CD, Terraform, Linux",Country_Resumes/Hemachandiran_Giri_CV_AUSTRIA.docx,No,,https://www.indeed.com/viewjob?jk=5b1361e10ec58e66,"B&R Industrial Automation GmbH
Eggelsberg",1
Senior Product Engineer (AI-native) (m/f/x),nyra health,"nyra health
Wien, W",Austria,🇦🇹,2,Platform Engineer,2026-08-19,2026-08-19,Indeed-Browser,No,On-site / Hybrid,80%,Not Specified,"AWS, Kubernetes, CI/CD, Terraform, Linux",Country_Resumes/Hemachandiran_Giri_CV_AUSTRIA.docx,No,,https://www.indeed.com/viewjob?jk=57e3187a5871f34b,"nyra health
Wien",2
Senior Software and Platform Engineer (f/m/d),Post Systemlogistik GmbH,"Post Systemlogistik GmbH
Wien, W",Austria,🇦🇹,2,Platform Engineer,2026-08-19,2026-08-19,Indeed-Browser,No,On-site / Hybrid,90%,Not Specified,"AWS, Kubernetes, CI/CD, Terraform, Linux",Country_Resumes/Hemachandiran_Giri_CV_AUSTRIA.docx,No,,https://www.indeed.com/viewjob?jk=1e5c74b4aa1f036f,"Post Systemlogistik GmbH
Wien",1
Senior IT Business Analyst Insurance (m/w/d),tech11,"tech11
Wien, W",Austria,🇦🇹,2,Platform Engineer,2026-08-19,2026-08-19,Indeed-Browser,No,On-site / Hybrid,80%,Not Specified,"AWS, Kubernetes, CI/CD, Terraform, Linux",Country_Resumes/Hemachandiran_Giri_CV_AUSTRIA.docx,No,,https://www.indeed.com/viewjob?jk=cdb48e8a39b38b5e,"tech11
Wien",1
University assistant predoctoral,Universität Wien,"Universität Wien
Wien, W",Austria,🇦🇹,2,Platform Engineer,2026-08-19,2026-08-19,Indeed-Browser,No,On-site / Hybrid,80%,Not Specified,"AWS, Kubernetes, CI/CD, Terraform, Linux",Country_Resumes/Hemachandiran_Giri_CV_AUSTRIA.docx,No,,https://www.indeed.com/viewjob?jk=153a52c10c98d8f2,"Universität Wien
Wien",1
"Software Engineer, Platform - Kuala Lumpur, Malaysia",Speechify,"Speechify
Remote in Kuala Lumpur",Malaysia,🇲🇾,2,DevOps Engineer,2026-08-19,2026-08-19,Indeed-Browser,No,Remote,90%,Not Specified,"AWS, Kubernetes, CI/CD, Terraform, Linux",Country_Resumes/Hemachandiran_Giri_CV_MALAYSIA.docx,No,,https://www.indeed.com/viewjob?jk=bf539bab41253cc3,"Speechify
Remote in Kuala Lumpur",3
Software Development Team Lead,Alpha Red Solutions Sdn Bhd,"Alpha Red Solutions Sdn Bhd
Remote in Puchong",Malaysia,🇲🇾,2,DevOps Engineer,2026-08-19,2026-08-19,Indeed-Browser,No,Remote,80%,Not Specified,"AWS, Kubernetes, CI/CD, Terraform, Linux",Country_Resumes/Hemachandiran_Giri_CV_MALAYSIA.docx,No,,https://www.indeed.com/viewjob?jk=7b0a87da5de6b70c,"Alpha Red Solutions Sdn Bhd
Remote in Puchong",1
Senior OutSystems Developer,Virtual Calibre Sdn Bhd,"Virtual Calibre Sdn Bhd
Cyberjaya",Malaysia,🇲🇾,2,DevOps Engineer,2026-08-19,2026-08-19,Indeed-Browser,No,On-site / Hybrid,80%,Not Specified,"AWS, Kubernetes, CI/CD, Terraform, Linux",Country_Resumes/Hemachandiran_Giri_CV_MALAYSIA.docx,No,,https://www.indeed.com/viewjob?jk=5356f93486d49ae9,"Virtual Calibre Sdn Bhd
Cyberjaya",1
Principal Datacenter Platform Validation Lab Engineer,"Advanced Micro Devices, Inc","Advanced Micro Devices, Inc
Bayan Lepas",Malaysia,🇲🇾,2,DevOps Engineer,2026-08-19,2026-08-19,Indeed-Browser,No,On-site / Hybrid,90%,Not Specified,"AWS, Kubernetes, CI/CD, Terraform, Linux",Country_Resumes/Hemachandiran_Giri_CV_MALAYSIA.docx,No,,https://www.indeed.com/viewjob?jk=8ee7f023e7055e1b,Advanced Micro Devices,2
Senior DevOps Engineer,Standard Chartered,"Standard Chartered
Kuala Lumpur",Malaysia,🇲🇾,2,DevOps Engineer,2026-08-19,2026-08-19,Indeed-Browser,No,On-site / Hybrid,90%,Not Specified,"AWS, Kubernetes, CI/CD, Terraform, Linux",Country_Resumes/Hemachandiran_Giri_CV_MALAYSIA.docx,No,,https://www.indeed.com/viewjob?jk=77f3bb831e9790f4,"Standard Chartered
Kuala Lumpur",1
Pre-sales Technical Support Engineer - Kubernetes,One Fort Sdn. Bhd.,"One Fort Sdn. Bhd.
Kuala Lumpur",Malaysia,🇲🇾,2,DevOps Engineer,2026-08-19,2026-08-19,Indeed-Browser,No,On-site / Hybrid,90%,Not Specified,Kubernetes,Country_Resumes/Hemachandiran_Giri_CV_MALAYSIA.docx,No,,https://www.indeed.com/viewjob?jk=febb0eb351ae81c0,"One Fort Sdn. Bhd.
Kuala Lumpur",1
Cloud and Infrastructure Engineer,Hyva,"Hyva
Kuala Lumpur",Malaysia,🇲🇾,2,DevOps Engineer,2026-08-19,2026-08-19,Indeed-Browser,No,On-site / Hybrid,90%,Not Specified,"AWS, Kubernetes, CI/CD, Terraform, Linux",Country_Resumes/Hemachandiran_Giri_CV_MALAYSIA.docx,No,,https://www.indeed.com/viewjob?jk=87c603bde55135fd,"Hyva
Kuala Lumpur",1
Senior Site Reliability Engineer (Night Shift 5PM-2AM),MOL Accessportal Sdn Bhd,"MOL Accessportal Sdn Bhd
Kuala Lumpur",Malaysia,🇲🇾,2,DevOps Engineer,2026-08-19,2026-08-19,Indeed-Browser,No,On-site / Hybrid,90%,Not Specified,"AWS, Kubernetes, CI/CD, Terraform, Linux",Country_Resumes/Hemachandiran_Giri_CV_MALAYSIA.docx,No,,https://www.indeed.com/viewjob?jk=f0ae7b2f1e6f1cbf,"MOL Accessportal Sdn Bhd
Kuala Lumpur",1
Cloud Computing Engineer,Brighten Business Consulting Sdn Bhd,"Brighten Business Consulting Sdn Bhd
Kuala Lumpur",Malaysia,🇲🇾,2,DevOps Engineer,2026-08-19,2026-08-19,Indeed-Browser,No,On-site / Hybrid,90%,Not Specified,"AWS, Kubernetes, CI/CD, Terraform, Linux",Country_Resumes/Hemachandiran_Giri_CV_MALAYSIA.docx,No,,https://www.indeed.com/viewjob?jk=90291fad07344511,"Brighten Business Consulting Sdn Bhd
Kuala Lumpur",3
Cloud Computing Engineer,Brighten Business Consulting Sdn Bhd,"Brighten Business Consulting Sdn Bhd
Cheras",Malaysia,🇲🇾,2,DevOps Engineer,2026-08-19,2026-08-19,Indeed-Browser,No,On-site / Hybrid,90%,Not Specified,"AWS, Kubernetes, CI/CD, Terraform, Linux",Country_Resumes/Hemachandiran_Giri_CV_MALAYSIA.docx,No,,https://www.indeed.com/viewjob?jk=f925a902db945fcb,"Brighten Business Consulting Sdn Bhd
Cheras",3
Site Reliability Engineer (SRE),Esker Asia,"Esker Asia
Kuala Lumpur",Malaysia,🇲🇾,2,DevOps Engineer,2026-08-19,2026-08-19,Indeed-Browser,No,On-site / Hybrid,90%,Not Specified,"AWS, Kubernetes, CI/CD, Terraform, Linux",Country_Resumes/Hemachandiran_Giri_CV_MALAYSIA.docx,No,,https://www.indeed.com/viewjob?jk=1ccf5f50f9fe85fc,"Esker Asia
Kuala Lumpur",1
Immediate Opening for Full Stack Developer (Node.js),Pan Asia Software Solutions,"Pan Asia Software Solutions
Kuala Lumpur",Malaysia,🇲🇾,2,DevOps Engineer,2026-08-19,2026-08-19,Indeed-Browser,No,On-site / Hybrid,80%,Not Specified,"AWS, Kubernetes, CI/CD, Terraform, Linux",Country_Resumes/Hemachandiran_Giri_CV_MALAYSIA.docx,No,,https://www.indeed.com/viewjob?jk=bf52c909f05c19ec,"Pan Asia Software Solutions
Kuala Lumpur",1
"Lead Engineer, FullstackFull-stack Developer - Crypto, KL Based",TechStreet,"TechStreet
Kuala Lumpur",Malaysia,🇲🇾,2,DevOps Engineer,2026-08-19,2026-08-19,Indeed-Browser,No,On-site / Hybrid,80%,Not Specified,"AWS, Kubernetes, CI/CD, Terraform, Linux",Country_Resumes/Hemachandiran_Giri_CV_MALAYSIA.docx,No,,https://www.indeed.com/viewjob?jk=768aaa72ddd7d4af,"TechStreet
Kuala Lumpur",2
Cloud Computing Engineer,Brighten Business Consulting Sdn Bhd,"Brighten Business Consulting Sdn Bhd
Cheras",Malaysia,🇲🇾,2,Cloud Engineer,2026-08-19,2026-08-19,Indeed-Browser,No,On-site / Hybrid,90%,Not Specified,"AWS, Kubernetes, CI/CD, Terraform, Linux",Country_Resumes/Hemachandiran_Giri_CV_MALAYSIA.docx,No,,https://www.indeed.com/viewjob?jk=4c210d47ad1f6879,"Brighten Business Consulting Sdn Bhd
Cheras",3
Senior Cloud Engineer,Johnson Matthey,"Johnson Matthey
Kuala Lumpur",Malaysia,🇲🇾,2,Cloud Engineer,2026-08-19,2026-08-19,Indeed-Browser,No,On-site / Hybrid,90%,Not Specified,"AWS, Kubernetes, CI/CD, Terraform, Linux",Country_Resumes/Hemachandiran_Giri_CV_MALAYSIA.docx,No,,https://www.indeed.com/viewjob?jk=c7d9dd5392124afd,"Johnson Matthey
Kuala Lumpur",2
Google Cloud - SME AI/Machine Learning (Mandarin Language Support),Two95 International Inc.,"Two95 International Inc.
Kuala Lumpur",Malaysia,🇲🇾,2,Cloud Engineer,2026-08-19,2026-08-19,Indeed-Browser,No,On-site / Hybrid,90%,Not Specified,"AWS, Kubernetes, CI/CD, Terraform, Linux",Country_Resumes/Hemachandiran_Giri_CV_MALAYSIA.docx,No,,https://www.indeed.com/viewjob?jk=c6127ceff9b14c11,"Two95 International Inc.
Kuala Lumpur",1
Cloud Architect,Radii Global Sdn Bhd,"Radii Global Sdn Bhd
Bangsar South",Malaysia,🇲🇾,2,Cloud Engineer,2026-08-19,2026-08-19,Indeed-Browser,No,On-site / Hybrid,90%,Not Specified,"AWS, Kubernetes, CI/CD, Terraform, Linux",Country_Resumes/Hemachandiran_Giri_CV_MALAYSIA.docx,No,,https://www.indeed.com/viewjob?jk=c3ccf78754dbabfb,"Radii Global Sdn Bhd
Bangsar South",2
Cloud Architect,SotaTek,"SotaTek
Kuala Lumpur",Malaysia,🇲🇾,2,Cloud Engineer,2026-08-19,2026-08-19,Indeed-Browser,No,On-site / Hybrid,90%,Not Specified,"AWS, Kubernetes, CI/CD, Terraform, Linux",Country_Resumes/Hemachandiran_Giri_CV_MALAYSIA.docx,No,,https://www.indeed.com/viewjob?jk=ae451c2cd5fb431d,"SotaTek
Kuala Lumpur",1
Consulting Engineer - Collaboration,Cisco Systems,"Cisco Systems
Kuala Lumpur",Malaysia,🇲🇾,2,Cloud Engineer,2026-08-19,2026-08-19,Indeed-Browser,No,On-site / Hybrid,80%,Not Specified,"AWS, Kubernetes, CI/CD, Terraform, Linux",Country_Resumes/Hemachandiran_Giri_CV_MALAYSIA.docx,No,,https://www.indeed.com/viewjob?jk=4e130e162aba568f,"Cisco Systems
Kuala Lumpur",1
"Professional I, Sales Engineer (English Speaker)",Concentrix,"Concentrix
Kuala Lumpur",Malaysia,🇲🇾,2,Cloud Engineer,2026-08-19,2026-08-19,Indeed-Browser,No,On-site / Hybrid,80%,Not Specified,"AWS, Kubernetes, CI/CD, Terraform, Linux",Country_Resumes/Hemachandiran_Giri_CV_MALAYSIA.docx,No,,https://www.indeed.com/viewjob?jk=40b46fbf36651e79,"Concentrix
Kuala Lumpur",1
Senior Cybersecurity Engineer,Blue Fortress Sdn Bhd,"Blue Fortress Sdn Bhd
Bangsar South",Malaysia,🇲🇾,2,Cloud Engineer,2026-08-19,2026-08-19,Indeed-Browser,No,On-site / Hybrid,80%,Not Specified,"AWS, Kubernetes, CI/CD, Terraform, Linux",Country_Resumes/Hemachandiran_Giri_CV_MALAYSIA.docx,No,,https://www.indeed.com/viewjob?jk=ddc5c8ba63a8e339,"Blue Fortress Sdn Bhd
Bangsar South",1
ENGINEER - PRODUCTION (COMPOUNDING) (EG07),Hartalega,"Hartalega
Sepang",Malaysia,🇲🇾,2,Site Reliability Engineer,2026-08-19,2026-08-19,Indeed-Browser,No,On-site / Hybrid,80%,Not Specified,"AWS, Kubernetes, CI/CD, Terraform, Linux",Country_Resumes/Hemachandiran_Giri_CV_MALAYSIA.docx,No,,https://www.indeed.com/viewjob?jk=fcfd38b1a2cc2c23,"Hartalega
Sepang",2
ENGINEER - PRODUCTION (DIPPING) (EG07),Hartalega,"Hartalega
Sepang",Malaysia,🇲🇾,2,Site Reliability Engineer,2026-08-19,2026-08-19,Indeed-Browser,No,On-site / Hybrid,80%,Not Specified,"AWS, Kubernetes, CI/CD, Terraform, Linux",Country_Resumes/Hemachandiran_Giri_CV_MALAYSIA.docx,No,,https://www.indeed.com/viewjob?jk=89b512b6b6dcdc06,"Hartalega
Sepang",2
Senior Production Planning & Operations Engineer,UWHM SDN BHD,"UWHM SDN BHD
Batu Kawan",Malaysia,🇲🇾,2,Site Reliability Engineer,2026-08-19,2026-08-19,Indeed-Browser,No,On-site / Hybrid,80%,Not Specified,"AWS, Kubernetes, CI/CD, Terraform, Linux",Country_Resumes/Hemachandiran_Giri_CV_MALAYSIA.docx,No,,https://www.indeed.com/viewjob?jk=ad77bb734a8c8fd7,"UWHM SDN BHD
Batu Kawan",1
"Engineer, Production (Feed)",JBFM Flour Mill Sdn Bhd,"JBFM Flour Mill Sdn Bhd
Perai",Malaysia,🇲🇾,2,Site Reliability Engineer,2026-08-19,2026-08-19,Indeed-Browser,No,On-site / Hybrid,80%,Not Specified,"AWS, Kubernetes, CI/CD, Terraform, Linux",Country_Resumes/Hemachandiran_Giri_CV_MALAYSIA.docx,No,,https://www.indeed.com/viewjob?jk=d96a698ae2034104,"JBFM Flour Mill Sdn Bhd
Perai",1
Production Engineering (Assistant Engineer / Engineer),JST Connectors (M) Sdn. Bhd.,"JST Connectors (M) Sdn. Bhd.
Gelang Patah",Malaysia,🇲🇾,2,Site Reliability Engineer,2026-08-19,2026-08-19,Indeed-Browser,No,On-site / Hybrid,80%,Not Specified,"AWS, Kubernetes, CI/CD, Terraform, Linux",Country_Resumes/Hemachandiran_Giri_CV_MALAYSIA.docx,No,,https://www.indeed.com/viewjob?jk=87c5abe7fcf5d21f,"JST Connectors (M) Sdn. Bhd.
Gelang Patah",2
Stamping Production (Senior Technician / Assistant Engineer),JST Connectors (M) Sdn. Bhd.,"JST Connectors (M) Sdn. Bhd.
Gelang Patah",Malaysia,🇲🇾,2,Site Reliability Engineer,2026-08-19,2026-08-19,Indeed-Browser,No,On-site / Hybrid,80%,Not Specified,"AWS, Kubernetes, CI/CD, Terraform, Linux",Country_Resumes/Hemachandiran_Giri_CV_MALAYSIA.docx,No,,https://www.indeed.com/viewjob?jk=4043ce8cbe7a839e,"JST Connectors (M) Sdn. Bhd.
Gelang Patah",2
Senior Infrastructure Engineer,Johnson Matthey,"Johnson Matthey
Kuala Lumpur",Malaysia,🇲🇾,2,Platform Engineer,2026-08-19,2026-08-19,Indeed-Browser,No,On-site / Hybrid,90%,Not Specified,"AWS, Kubernetes, CI/CD, Terraform, Linux",Country_Resumes/Hemachandiran_Giri_CV_MALAYSIA.docx,No,,https://www.indeed.com/viewjob?jk=9994d876f9305363,"Johnson Matthey
Kuala Lumpur",2
Infrastructure Engineer,M&J Supply Chain Services Sdn. Bhd.,"M&J Supply Chain Services Sdn. Bhd.
Ulu Tiram",Malaysia,🇲🇾,2,Platform Engineer,2026-08-19,2026-08-19,Indeed-Browser,No,On-site / Hybrid,90%,Not Specified,"AWS, Kubernetes, CI/CD, Terraform, Linux",Country_Resumes/Hemachandiran_Giri_CV_MALAYSIA.docx,No,,https://www.indeed.com/viewjob?jk=5133b22c58de4600,"M&J Supply Chain Services Sdn. Bhd.
Ulu Tiram",1
Application Engineer | Training & Certifications Provided,CADVision Systems Sdn Bhd,"CADVision Systems Sdn Bhd
Kuala Lumpur",Malaysia,🇲🇾,2,Platform Engineer,2026-08-19,2026-08-19,Indeed-Browser,No,On-site / Hybrid,80%,Not Specified,"AWS, Kubernetes, CI/CD, Terraform, Linux",Country_Resumes/Hemachandiran_Giri_CV_MALAYSIA.docx,No,,https://www.indeed.com/viewjob?jk=ca7727aab23d733a,"CADVision Systems Sdn Bhd
Kuala Lumpur",1
Senior Machine Learning Engineer,Portcast,"Portcast
Remote",Malaysia,🇲🇾,2,Platform Engineer,2026-08-19,2026-08-19,Indeed-Browser,No,Remote,80%,Not Specified,"AWS, Kubernetes, CI/CD, Terraform, Linux",Country_Resumes/Hemachandiran_Giri_CV_MALAYSIA.docx,No,,https://www.indeed.com/viewjob?jk=f8f32cd9018e5a2c,"Portcast
Remote",1
Corporate Application Operation Engineer,Lenovo,"Lenovo
Kuala Lumpur",Malaysia,🇲🇾,2,Platform Engineer,2026-08-19,2026-08-19,Indeed-Browser,No,On-site / Hybrid,80%,Not Specified,"AWS, Kubernetes, CI/CD, Terraform, Linux",Country_Resumes/Hemachandiran_Giri_CV_MALAYSIA.docx,No,,https://www.indeed.com/viewjob?jk=37fb352383b0c27a,"Lenovo
Kuala Lumpur",1
Cloud Data Platform Engineer,amIT Global Solution,"amIT Global Solution
Kuala Lumpur",Malaysia,🇲🇾,2,Platform Engineer,2026-08-19,2026-08-19,Indeed-Browser,No,On-site / Hybrid,90%,Not Specified,"AWS, Kubernetes, CI/CD, Terraform, Linux",Country_Resumes/Hemachandiran_Giri_CV_MALAYSIA.docx,No,,https://www.indeed.com/viewjob?jk=7d10515bfd9c785b,"amIT Global Solution
Kuala Lumpur",2
Platform Engineering Consultant,amIT Global Solution,"amIT Global Solution
Kuala Lumpur",Malaysia,🇲🇾,2,Platform Engineer,2026-08-19,2026-08-19,Indeed-Browser,No,On-site / Hybrid,90%,Not Specified,"AWS, Kubernetes, CI/CD, Terraform, Linux",Country_Resumes/Hemachandiran_Giri_CV_MALAYSIA.docx,No,,https://www.indeed.com/viewjob?jk=37ca380cb93cccb8,"amIT Global Solution
Kuala Lumpur",2
